Incident ID;Title (Company);Description;Date of occurrence;Jurisdiction;LINDDUN categories;Data exposure score;Identification score;Data Sensitivity score;Threat Actor;Techniques Used;Data Protection State;Root Cause (Why);Asset Type;Source;has_personal_data;has_special_categories;has_credentials
hibp-2020-03-22-123RF-123rf.com-123RF;123RF;In March 2020, the stock photo site 123RF suffered a data breach which impacted over 8 million subscribers and was subsequently sold online. The breach included email, IP and physical addresses, names, phone numbers and passwords stored as MD5 hashes. The data was provided to HIBP by dehashed.com.;22.03.20 00:00;Non-EU;Linkability, Identifiability;0;2;0;Extern (Intentional);Unknown;Weak;Profit-Oriented;Network;HIBP;1;0;1
hibp-2022-11-15-Abandonia2022-abandonia.com-Abandonia (2022);Abandonia2022;In November 2022, the gaming website dedicated to classic DOS games Abandonia suffered a data breach resulting in the exposure of 920k unique user records. This breach was in addition to another one 7 years earlier in 2015. The data contained email and IP addresses, usernames and salted MD5 hashes of passwords.;15.11.22 00:00;Non-EU;Linkability, Identifiability;0;1;0;Extern (Intentional);Unknown;Strong;Unknown;Network;HIBP;1;0;1
hibp-2022-12-04-Activision-activision.com-Activision;Activision;In December 2022, attackers socially engineered an Activision HR employee into disclosing information which led to the breach of almost 20k employee records. The data contained 16k unique email addresses along with names, phone numbers, job titles and the office location of the employee. Activision advised that no sensitive employee information was included in the breach.;04.12.22 00:00;Non-EU;Linkability, Identifiability;0;2;0;Extern (Intentional);Unknown;Unknown;Unknown;Network;HIBP;1;0;0
hibp-2021-10-08-ActMobile-actmobile.com-ActMobile;ActMobile;"In October 2021, security researcher Bob Diachenko discovered an exposed database he attributed to ActMobile, the operators of Dash VPN and FreeVPN. The exposed data included 1.6 million unique email addresses along with IP addresses and password hashes, all of which were subsequently leaked on a popular hacking forum. Although usage of the service was verified by HIBP subscribers, ActMobile denied the data was sourced from them and the breach has subsequently been flagged as ""unverified"".";08.10.21 00:00;Non-EU;Linkability, Identifiability;0;1;0;Unknown;Unknown;Weak;Unknown;Software, Services, Systems;HIBP;1;0;0
hibp-2025-03-24-ADDA-adda.io-ADDA;ADDA;In March 2025, data allegedly breached from the ADDA housing societies service was posted to a public hacking forum. The data contained over 1.8M unique email addresses along with names, phone numbers and MD5 password hashes.;24.03.25 00:00;Non-EU;Linkability, Identifiability;0;2;0;Extern (Intentional);Unknown;Weak;Unknown;Network;HIBP;1;0;0
hibp-2021-01-03-Adecco-adecco.com-Adecco;Adecco;In March 2021, news broke of a massive data breach impacting millions of Adecco customers in South America which was subsequently sold on a popular hacking forum. The breach exposed over 4M unique email addresses as well as genders, dates of birth, marital statuses, phone numbers and passwords stored as bcrypt hashes.;03.01.21 00:00;Non-EU;Linkability, Identifiability;0;2;0;Extern (Intentional);Unknown;Strong;Profit-Oriented;Network;HIBP;1;0;1
hibp-2021-12-01-ABFRL-abfrl.com-Aditya Birla Fashion and Retail;ABFRL;In December 2021, Indian retailer Aditya Birla Fashion and Retail Ltd was breached and ransomed. The ransom demand was allegedly rejected and data containing 5.4M unique email addresses was subsequently dumped publicly on a popular hacking forum the next month. The data contained extensive personal customer information including names, phone numbers, physical addresses, DoBs, order histories and passwords stored as MD5 hashes. Employee data was also dumped publicly and included salary grades, marital statuses and religions.;01.12.21 00:00;Non-EU;Linkability, Identifiability;0;2;0;Unknown;Unknown;Weak;Profit-Oriented;Network;HIBP;1;0;1
hibp-2022-07-01-AdoptMeTradingValues-adoptmetradingvalues.com-Adopt Me Trading Values;AdoptMeTradingValues;"In July 2022, the Adopt Me Trading Values website for assessing the value of pet trades within the ""Adopt Me!"" Roblox game suffered a data breach that was later redistributed as part of a larger corpus of data. The breach exposed 86k unique email addresses along with usernames (and Roblox usernames), IP addresses and bcrypt password hashes.";01.07.22 00:00;Non-EU;Linkability, Identifiability;0;1;0;Extern (Intentional);Unknown;Strong;Unknown;Network;HIBP;1;0;0
hibp-2020-06-18-Acuity--Acuity;Acuity;"In mid-2020, a 437GB corpus of data attributed to an entity named ""Acuity"" was created and later extensively distributed. However, the source could not be confidently verified as any known companies named Acuity. The data totalled over 14M unique email addresses with each row containing extensive personal information across more than 400 columns of data including names, phone numbers, physical addresses, genders and dates of birth.";18.06.20 00:00;Non-EU;Linkability, Identifiability;1;2;0;Unknown;Unknown;Unknown;Unknown;Network;HIBP;1;0;0
hibp-2018-05-30-AdultFanFiction-adult-fanfiction.org-Adult-FanFiction.Org;AdultFanFiction;In May 2018, the website for sharing adult-orientated works of fiction known as Adult-FanFiction.Org had 186k records exposed in a data breach. The data contained names, email addresses, dates of birth and passwords stored as both MD5 hashes and plain text. AFF did not respond when contacted about the breach and the site was previously reported as compromised on the Vigilante.pw breached database directory.;30.05.18 00:00;Non-EU;Linkability, Identifiability, Non-compliance;0;1;2;Extern (Intentional);Unknown;Weak;Unknown;Software, Services, Systems;HIBP;1;0;1
hibp-2024-06-05-AdvanceAutoParts-advanceautoparts.com-Advance Auto Parts;AdvanceAutoParts;In June 2024, Advance Auto Parts confirmed they had suffered a data breach which was posted for sale to a popular hacking forum. Linked to unauthorised access to Snowflake cloud services, the breach exposed a large number of records related to both customers and employees. In total, 79M unique email addresses were included in the breach, alongside names, phone numbers, addresses and further data attributes related to company employees.;05.06.24 00:00;Non-EU;Linkability, Identifiability;0;2;0;Extern (Intentional);Unknown;Unknown;Unknown;Network;HIBP;1;0;0
hibp-2019-09-24-AgusiQTorrents-agusiq-torrents.pl-AgusiQ-Torrents.pl;AgusiQTorrents;In September 2019, Polish torrent site AgusiQ-Torrents.pl suffered a data breach. The incident exposed 90k member records including email and IP addresses, usernames and passwords stored as MD5 hashes.;24.09.19 00:00;EU;Linkability, Identifiability;0;1;0;Extern (Intentional);Unknown;Weak;Unknown;Network;HIBP;1;0;1
hibp-2019-04-28-Aimware-aimware.net-Aimware;Aimware;"In mid-2019, the video game cheats website ""Aimware"" suffered a data breach that exposed hundreds of thousands of subscribers' personal information. Data included email and IP addresses, usernames, forum posts, private messages, website activity and passwords stored as salted MD5 hashes.";28.04.19 00:00;Non-EU;Linkability, Identifiability, Detectability;0;1;0;Extern (Intentional);Unknown;Strong;Unknown;Unknown;HIBP;1;0;1
hibp-2018-12-13-Ajarn-ajarn.com-Ajarn;Ajarn;In September 2021, the Thai-based English language teaching website Ajarn discovered they'd been the victim of a data breach dating back to December 2018. The breach was self-submitted to HIBP and included 266k email addresses, names, genders, phone numbers and other personal information. Hashed passwords were also impacted in the breach.;13.12.18 00:00;Non-EU;Linkability, Identifiability;0;2;0;Extern (Intentional);Unknown;Weak;Unknown;Network;HIBP;1;0;0
hibp-2025-02-15-AlienStealerLogs--ALIEN TXTBASE Stealer Logs;AlienStealerLogs;In February 2025, 23 billion rows of stealer logs were obtained from a Telegram channel known as ALIEN TXTBASE. The data contained 284M unique email addresses alongside the websites they were entered into and the passwords used. This data is now searchable in HIBP by both email domain and the domain of the target website.;15.02.25 00:00;Non-EU;Linkability;1;1;0;Unknown;Unknown;Unknown;Unknown;Network;HIBP;1;0;0
hibp-2025-07-16-AllianzLife-allianzlife.com-Allianz Life;AllianzLife;"In July 2025, Allianz Life was the victim of a cyber attack which resulted in millions of records later being leaked online. Allianz attributed the attack to ""a social engineering technique"" which targeted data on Salesforce and resulted in the exposure of 1.1M unique email addresses, names, genders, dates of birth, phone numbers and physical addresses.";16.07.25 00:00;Non-EU;Linkability, Identifiability;0;2;0;Extern (Intentional);Phishing;Unknown;Unknown;Network;HIBP;1;0;0
hibp-2019-08-27-AlpineReplay-traceup.com-AlpineReplay;AlpineReplay;In 2019, the snow sports tracking app AlpineReplay suffered a data breach that exposed 900k unique email addresses. Later rolled into the Trace service, the breach included names, usernames, genders, dates of birth, weights and passwords stored as either unsalted MD5 or bcrypt hashes.;27.08.19 00:00;Non-EU;Linkability, Identifiability;0;1;0;Extern (Intentional);Unknown;Strong;Unknown;Unknown;HIBP;1;0;1
hibp-2022-06-24-Altenen-altenens.is-Altenen;Altenen;"In June 2022, the malicious ""carding"" (referring to credit card fraud) website Altenen suffered a data breach that was later redistributed as part of a larger corpus of data. The data included 1.3M unique email addresses, usernames, bcrypt password hashes and cryptocurrency wallet addresses.";24.06.22 00:00;Non-EU;Linkability, Identifiability;0;1;0;Extern (Intentional);Unknown;Strong;Profit-Oriented;Network;HIBP;1;0;0
hibp-2022-05-16-AmartFurniture-amartfurniture.com.au-Amart Furniture;AmartFurniture;In May 2022, the Australian retailer Amart Furniture advised that their warranty claims database hosted on Amazon Web Services had been the target of a cyber attack. Over 100k records containing email and physical address, names, phone numbers and passwords stored as bcrypt hashes were exposed and shared online by the attacker.;16.05.22 00:00;Non-EU;Linkability, Identifiability;0;2;0;Unknown;Unknown;Strong;Unknown;Software, Services, Systems;HIBP;1;0;1
hibp-2021-07-28-AndroidLista-androidlista.com-AndroidLista;AndroidLista;In July 2021, the Android applications and games review site AndroidLista suffered a data breach. The incident exposed 6.6M user records containing email addresses, names, usernames and passwords stored as salted SHA-1 hashes, all of which were subsequently posted to a popular hacking forum. AndroidLista did not respond when contacted about the breach.;28.07.21 00:00;Non-EU;Linkability, Identifiability;0;1;0;Extern (Intentional);Unknown;Weak;Unknown;Software, Services, Systems;HIBP;1;0;1
hibp-2020-10-12-AnimalJam-animaljam.com-Animal Jam;AnimalJam;In October 2020, the online game for kids Animal Jam suffered a data breach which was subsequently shared through online hacking communities the following month. The data contained 46 million user accounts with over 7 million unique email addresses. Impacted data also included usernames, IP addresses and for some records, dates of birth (sometimes in partial form), physical addresses, parent names and passwords stored as PBKDF2 hashes.;12.10.20 00:00;Non-EU;Linkability, Identifiability;0;2;0;Extern (Intentional);Unknown;Strong;Unknown;Network;HIBP;1;0;1
hibp-2020-02-27-AnimeGame-animegame.me-AnimeGame;AnimeGame;In February 2020, the gaming website AnimeGame suffered a data breach. The incident affected 1.4M subscribers and exposed email addresses, usernames and passwords stored as salted MD5 hashes. The data was subsequently shared on a popular hacking forum and was provided to HIBP by dehashed.com.;27.02.20 00:00;Non-EU;Linkability, Identifiability;0;1;0;Extern (Intentional);Unknown;Strong;Unknown;Network;HIBP;1;0;1
hibp-2021-10-14-Animeify-animeify.net-Animeify;Animeify;In October 2021, the now defunct Arabic language Anime website Animeify suffered a data breach that was later redistributed as part of a larger corpus of data. The data included 808k unique email addresses along with names, usernames, genders and plain text passwords.;14.10.21 00:00;Non-EU;Linkability, Identifiability;0;1;0;Extern (Intentional);Unknown;;Challenge/Fun;Network;HIBP;1;0;1
hibp-2024-07-04-AnimeLeague-animeleague.net-AnimeLeague;AnimeLeague;In July 2024, AnimeLeague disclosed a data breach of their services. The data was posted for sale on a popular hacking forum and included 2 databases covering both event registration records and a dump of the phpBB bulletin board. The impacted data included passwords in various hashed formats including SHA-1, salted md5 and bcrypt, as well as usernames, private messages, dates of birth, purchases and 192k unique email addresses.;04.07.24 00:00;Non-EU;Linkability, Identifiability;0;2;0;Extern (Intentional);Unknown;Strong;Unknown;Software, Services, Systems;HIBP;1;0;1
hibp-2018-07-10-Animoto-animoto.com-Animoto;Animoto;In July 2018, the cloud-based video making service Animoto suffered a data breach. The breach exposed 22 million unique email addresses alongside names, dates of birth, country of origin and salted password hashes.;10.07.18 00:00;Non-EU;Linkability, Identifiability;0;1;0;Extern (Intentional);Drive-by Compromise;Weak;Unknown;Network;HIBP;1;0;0
hibp-2019-04-15-ApexSMS--ApexSMS;ApexSMS;"In May 2019, news broke of a massive SMS spam operation known as ""ApexSMS"" which was discovered after a MongoDB instance of the same name was found exposed without a password. The incident leaked over 80M records with 23M unique email addresses alongside names, phone numbers and carriers, geographic locations (state and country), genders and IP addresses.";15.04.19 00:00;Non-EU;Linkability, Identifiability;1;2;0;Unknown;Unknown;Unknown;Unknown;Software, Services, Systems;HIBP;1;0;0
hibp-2025-12-16-APOIAse-apoia.se-APOIA.se;APOIAse;In December 2025, a database of the Brazilian crowdfunding platform APOIA.se was posted to an online forum. In January 2026, the company confirmed it had suffered a data breach. The incident exposed 451k unique email addresses along with names and physical addresses.;16.12.25 00:00;EU;Linkability, Identifiability;0;2;0;Extern (Intentional);Unknown;Unknown;Challenge/Fun;Software, Services, Systems;HIBP;1;0;0
hibp-2022-09-03-APKTW-apk.tw-APK.TW;APKTW;In September 2022, the Taiwanese Android forum APK.TW suffered a data breach that was later redistributed as part of a larger corpus of data. The breach exposed 2.5M unique email addresses along with IP addresses, usernames and salted MD5 password hashes.;03.09.22 00:00;Non-EU;Linkability, Identifiability;0;1;0;Extern (Intentional);Unknown;Strong;Unknown;Network;HIBP;1;0;1
hibp-2018-07-23-Apollo-apollo.io-Apollo;Apollo;"In July 2018, the sales engagement startup Apollo left a database containing billions of data points publicly exposed without a password. The data was discovered by security researcher Vinny Troia who subsequently sent a subset of the data containing 126 million unique email addresses to Have I Been Pwned. The data left exposed by Apollo was used in their ""revenue acceleration platform"" and included personal information such as names and email addresses as well as professional information including places of employment, the roles people hold and where they're located. Apollo stressed that the exposed data did not include sensitive information such as passwords, social security numbers or financial data. The Apollo website has a contact form for those looking to get in touch with the organisation.";23.07.18 00:00;Non-EU;Linkability, Identifiability;0;2;0;Unknown;Exploit Public-Facing Application;;Unknown;Software, Services, Systems;HIBP;1;0;0
hibp-2020-06-22-Appen-appen.com-Appen;Appen;In June 2020, the AI training data company Appen suffered a data breach exposing the details of almost 5.9 million users which were subsequently sold online. Included in the breach were names, email addresses and passwords stored as bcrypt hashes. Some records also contained phone numbers, employers and IP addresses. The data was provided to HIBP by dehashed.com.;22.06.20 00:00;Non-EU;Linkability, Identifiability;0;2;0;Extern (Intentional);Unknown;Strong;Profit-Oriented;Network;HIBP;1;0;1
hibp-2020-04-13-Aptoide-aptoide.com-Aptoide;Aptoide;In April 2020, the independent Android app store Aptoide suffered a data breach. The incident resulted in the exposure of 20M customer records which were subsequently shared online via a popular hacking forum. Impacted data included email and IP addresses, names, IP addresses and passwords stored as SHA-1 hashes without a salt.;13.04.20 00:00;Non-EU;Linkability, Identifiability;0;2;0;Extern (Intentional);Unknown;Weak;Espionage;Network;HIBP;1;0;1
hibp-2019-01-01-ArmorGames-armorgames.com-Armor Games;ArmorGames;In January 2019, the game portal website Armor Games suffered a data breach. A total of 10.6 million email addresses were impacted by the breach which also exposed usernames, IP addresses, birthdays of administrator accounts and passwords stored as salted SHA-1 hashes.;01.01.19 00:00;Non-EU;Linkability, Identifiability;0;1;0;Extern (Intentional);Valid Accounts;Weak;Espionage;Network;HIBP;1;0;1
hibp-2025-08-31-ArtistsNClients-artistsnclients.com-Artists&Clients;ArtistsNClients;"In August 2025, the ""marketplace that connects artists to prospective clients"" Artists&Clients, suffered a data breach and subsequent ransom demand of US$50k. The data was subsequently leaked publicly and included 95k unique email addresses alongside usernames, IP addresses and bcrypt password hashes.";31.08.25 00:00;Non-EU;Linkability, Identifiability;0;1;0;Extern (Intentional);Unknown;Strong;Profit-Oriented;Network;HIBP;1;0;0
hibp-2018-11-05-Adapt-adapt.io-Adapt;Adapt;"In November 2018, security researcher Bob Diachenko identified an unprotected database hosted by data aggregator ""Adapt"". A provider of ""Fresh Quality Contacts"", the service exposed over 9.3M unique records of individuals and employer information including their names, employers, job titles, contact information and data relating to the employer including organisation description, size and revenue. No response was received from Adapt when contacted.";05.11.18 00:00;Non-EU;Linkability, Identifiability;0;2;0;Extern (Intentional);Unknown;Unknown;Espionage;Software, Services, Systems;HIBP;1;0;0
hibp-2026-01-30-ANPS-anps.fr-Association Nationale des Premiers Secours;ANPS;In January 2026, a data breach impacting the French non-profit Association Nationale des Premiers Secours (ANPS) was posted to a hacking forum. The breach exposed 5.6k unique email addresses along with names, dates of birth and places of birth. ANPS self-submitted the data to HIBP and advised the incident was traced back to a legacy system and did not impact health data, financial information or passwords.;30.01.26 00:00;EU;Linkability, Identifiability;0;1;0;Extern (Intentional);Unknown;Unknown;Unknown;Network;HIBP;1;0;0
hibp-2021-08-20-AllegedATT--AT&T;AllegedATT;In March 2024, tens of millions of records allegedly breached from AT&T were posted to a popular hacking forum. Dating back to August 2021, the data was originally posted for sale before later being freely released. At the time, AT&T maintained that there had not been a breach of their systems and that the data originated from elsewhere. 12 days later, AT&T acknowledged that data fields specific to them were in the breach and that it was not yet known whether the breach occurred at their end or that of a vendor. AT&T also proceeded to reset customer account passcodes, an indicator that there was sufficient belief passcodes had been compromised. The incident exposed names, email and physical addresses, dates of birth, phone numbers and US social security numbers.;20.08.21 00:00;Non-EU;Linkability, Identifiability;0;2;0;Unknown;Drive-by Compromise;Unknown;Unknown;Network;HIBP;1;0;0
hibp-2018-08-25-AtlasQuantum-atlasquantum.com-Atlas Quantum;AtlasQuantum;In August 2018, the cryptocurrency investment platform Atlas Quantum suffered a data breach. The breach leaked the personal data of 261k investors on the platform including their names, phone numbers, email addresses and account balances.;25.08.18 00:00;Non-EU;Linkability, Identifiability;0;2;0;Extern (Intentional);Unknown;Unknown;Unknown;Network;HIBP;1;0;0
hibp-2021-04-16-Atmeltomo-atmeltomo.com-Atmeltomo;Atmeltomo;"In April 2021, ""Japan's largest e-mail friend search site"" Atmeltomo suffered a data breach that was later sold on a popular hacking forum. The breach exposed 1.3M records with 580k unique email addresses along with usernames, IP addresses and unsalted MD5 password hashes.";16.04.21 00:00;Non-EU;Linkability, Identifiability;0;1;0;Extern (Intentional);Unknown;Strong;Profit-Oriented;Network;HIBP;1;0;1
hibp-2019-08-14-Audi-audiusa.com-Audi;Audi;In August 2019, Audi USA suffered a data breach after a vendor left data unsecured and exposed on the internet. The data contained 2.7M unique email addresses along with names, phone numbers, physical addresses and vehicle information including VIN. In a disclosure statement from Audi, they also advised some customers had driver's licenses, dates of birth, social security numbers and other personal information exposed.;14.08.19 00:00;Non-EU;Linkability, Identifiability;0;2;0;Extern (Intentional);Unknown;Unknown;Unknown;Network;HIBP;1;0;0
hibp-2025-03-16-AUTOSUR-autosur.fr-AUTOSUR;AUTOSUR;In March 2025, the French vehicle inspection company AUTOSUR suffered a data breach exposing over 10M customer records, though only 487k unique email addresses were present. The compromised data included names, phone numbers, physical addresses, and vehicle details such as make and model, VIN, and registration plate. AUTOSUR later issued a disclosure notice with further details.;16.03.25 00:00;EU;Linkability, Identifiability;0;2;0;Extern (Intentional);Unknown;Unknown;Unknown;Network;HIBP;1;0;0
hibp-2022-11-18-Avito-avito.ma-Avito;Avito;In November 2022, the Moroccan e-commerce service Avito suffered a data breach that exposed the personal information of 2.7M customers. The data included name, email, phone, IP address and geographic location.;18.11.22 00:00;Non-EU;Linkability, Identifiability;0;2;0;Extern (Intentional);Unknown;Unknown;Unknown;Network;HIBP;0;0;0
hibp-2019-12-17-Avvo-avvo.com-Avvo;Avvo;In approximately December 2019, an alleged data breach of the lawyer directory service Avvo was published to an online hacking forum and used in an extortion scam (it's possible the exposure dates back earlier than that). The data contained 4.1M unique email addresses alongside SHA-1 hashes, most likely representing user passwords. Multiple attempts at contacting Avvo over the course of a week were unsuccessful and the authenticity of the data was eventually verified with common Avvo and HIBP subscribers.;17.12.19 00:00;Non-EU;Linkability;0;1;0;Extern (Intentional);Unknown;Weak;Profit-Oriented;Network;HIBP;1;0;1
hibp-2018-12-29-BannerBit-bannerbit.com-BannerBit;BannerBit;In approximately December 2018, the online ad platform BannerBit suffered a data breach. Containing 213k unique email addresses and plain text passwords, the data was provided to HIBP by a third party. Multiple attempts were made to contact BannerBit, but no response was received.;29.12.18 00:00;Non-EU;Linkability;0;1;0;Extern (Intentional);Unknown;;Unknown;Network;HIBP;1;0;1
hibp-2025-11-09-Beckett-beckett.com-Beckett Collectibles;Beckett;In November 2025, Beckett Collectibles experienced a data breach accompanied by website content defacement. The stolen data was later advertised for sale on a prominent hacking forum, with portions subsequently released publicly. The publicly circulating data initially included more than 500k email addresses reportedly belonging to North American customers, before a larger corpus of over 1M addresses was published the following month. The impacted data included names, usernames, phone numbers and physical addresses.;09.11.25 00:00;Non-EU;Linkability, Identifiability;0;2;0;Extern (Intentional);Unknown;Unknown;Challenge/Fun;Network;HIBP;1;0;0
hibp-2025-02-14-Adpost-adpost.com-Adpost;Adpost;In February 2025, data obtained from an earlier Adpost breach surfaced. The dataset contained 3.3M records including email addresses, usernames, and display names. Adpost later published a disclosure notice and advised they'd forced a credential refresh, among other actions.;14.02.25 00:00;Non-EU;Linkability, Identifiability;0;1;0;Unknown;Unknown;Unknown;Unknown;Network;HIBP;1;0;0
hibp-2019-11-01-Benchmark-benchmark.rs-Benchmark;Benchmark;In November 2019, the Serbian technology news website Benchmark suffered a breach of its forum that exposed 93k customer records. The breach exposed IP and email addresses, usernames and passwords stored as salted MD5 hashes. A forum administrator subsequently advised that the breach was due to the forum previously running on an outdated vBulletin instance.;01.11.19 00:00;Non-EU;Linkability, Identifiability;0;1;0;Unknown;Unknown;Strong;Unknown;Network;HIBP;1;0;1
hibp-2026-01-09-Betterment-betterment.com-Betterment;Betterment;In January 2026, the automated investment platform Betterment confirmed it had suffered a data breach attributed to a social engineering attack. As part of the incident, Betterment customers received fraudulent crypto-related messages promising high returns if funds were sent to an attacker-controlled cryptocurrency wallet. The breach exposed 1.4M unique email addresses, along with names and geographic location data. A subset of records also included dates of birth, phone numbers, and physical addresses. In its disclosure notice, Betterment stated that the incident did not provide attackers with access to customer accounts and did not expose passwords or other login credentials.;09.01.26 00:00;Non-EU;Linkability, Identifiability, Detectability;0;2;0;Extern (Intentional);Phishing;Unknown;Profit-Oriented;Network;HIBP;1;0;0
hibp-2020-01-27-Bhinneka-bhinneka.com-Bhinneka;Bhinneka;In early 2020, the Indonesian consumer electronics website Bhinneka suffered a data breach that exposed almost 1.3M customer records. The data included email and physical addresses, names, genders, dates of birth, phone numbers and salted password hashes.;27.01.20 00:00;Non-EU;Linkability, Identifiability;0;2;0;Extern (Intentional);Unknown;Weak;Unknown;Network;HIBP;1;0;0
hibp-2020-10-14-bigbasket-bigbasket.com-bigbasket;bigbasket;In October 2020, the Indian grocery platform bigbasket suffered a data breach that exposed over 20 million customer records. The data was originally sold before being leaked publicly in April the following year and included email, IP and physical addresses, names, phones numbers, dates of birth passwords stored as Django(SHA-1) hashes.;14.10.20 00:00;Non-EU;Linkability, Identifiability;0;2;0;Extern (Intentional);Drive-by Compromise;Weak;Profit-Oriented;Network;HIBP;1;0;1
hibp-2024-12-14-BitView-bitview.net-BitView;BitView;In December 2024, the video sharing Community BitView suffered a data breach that exposed 63k customer records. Attributed to a backup taken by a previous administrator earlier in the year, the breach exposed email and IP addresses, bcrypt password hashes, usernames, bios, private messages, video comments and for some records, gender, date of birth and country of location.;14.12.24 00:00;Non-EU;Linkability, Identifiability;0;1;0;Extern (Intentional);Unknown;Strong;Unknown;Network;HIBP;1;0;0
hibp-2022-05-06-BlackBerryFans-blackberryfans.org-BlackBerry Fans;BlackBerryFans;In May 2022, the Chinese BlackBerry enthusiasts website BlackBerry Fans suffered a data breach that exposed 174k member records. The impacted data included usernames, email and IP addresses and passwords stored as salted MD5 hashes.;06.05.22 00:00;Non-EU;Linkability, Identifiability;0;1;0;Extern (Intentional);Unknown;Strong;Unknown;Network;HIBP;1;0;1
hibp-2019-07-14-BlackSpigotMC-blackspigot.com-BlackSpigotMC;BlackSpigotMC;In July 2019, the hacking website BlackSpigotMC suffered a data breach. The XenForo forum based site was allegedly compromised by a rival hacking website and resulted in 8.5GB of data being leaked including the database and website itself. The exposed data included 140k unique email addresses, usernames, IP addresses, genders, geographic locations and passwords stored as bcrypt hashes.;14.07.19 00:00;Non-EU;Linkability, Identifiability, Detectability;0;1;0;Extern (Intentional);Unknown;Strong;Unknown;Software, Services, Systems;HIBP;1;0;1
hibp-2018-12-28-BlankMediaGames-blankmediagames.com-BlankMediaGames;BlankMediaGames;In December 2018, the Town of Salem website produced by BlankMediaGames suffered a data breach. Reported to HIBP by DeHashed, the data contained 7.6M unique user email addresses alongside usernames, IP addresses, purchase histories and passwords stored as phpass hashes. DeHashed made multiple attempts to contact BlankMediaGames over various channels and many days but had yet to receive a response at the time of publishing.;28.12.18 00:00;Non-EU;Linkability, Identifiability, Detectability;0;1;0;Extern (Intentional);Unknown;Unknown;Unknown;Network;HIBP;1;0;1
hibp-2023-11-11-BloomsToday-bloomstoday.com-Blooms Today;BloomsToday;In April 2024, 15M records from the online florist Blooms Today were listed for sale on a popular hacking forum. The most recent data in the breach corpus was from November 2023 and appeared alongside 3.2M unique email addresses, names, phone numbers physical addresses and partial credit card data (card type, 4 digits of the number and expiry date). The breach did not expose sufficient card data to make purchases. Blooms Today did not respond when contacted about the incident.;11.11.23 00:00;Non-EU;Linkability, Identifiability;0;2;0;Unknown;Unknown;Unknown;Profit-Oriented;Network;HIBP;1;0;0
hibp-2024-03-25-boAt-boat-lifestyle.com-boAt;boAt;In March 2024, the Indian audio and wearables brand boAt suffered a data breach that exposed 7.5M customer records. The data included physical and email address, names and phone numbers, all of which were subsequently published to a popular clear web hacking forum.;25.03.24 00:00;Non-EU;Linkability, Identifiability;0;2;0;Extern (Intentional);Unknown;Unknown;Unknown;Network;HIBP;1;0;0
hibp-2018-12-07-BombujEu-bombuj.eu-Bombuj.eu;BombujEu;In December 2018, the Slovak website for watching movies online for free Bombuj.eu suffered a data breach. The incident exposed over 575k unique email addresses and passwords stored as unsalted MD5 hashes. No response was received from Bombuj.eu when contacted about the incident.;07.12.18 00:00;EU;Linkability;0;1;0;Extern (Intentional);Unknown;Strong;Unknown;Network;HIBP;1;0;1
hibp-2020-08-14-Bonobos-bonobos.com-Bonobos;Bonobos;In August 2020, the clothing store Bonobos suffered a data breach that exposed almost 70GB of data containing 2.8 million unique email addresses. The breach also exposed names, physical and IP addresses, phone numbers, order histories and passwords stored as salted SHA-512 hashes, including historical passwords. The breach also exposed partial credit card data including card type, the name on the card, expiry date and the last 4 digits of the card. The data was provided to HIBP by dehashed.com.;14.08.20 00:00;Non-EU;Linkability, Identifiability;0;2;0;Extern (Intentional);Unknown;Strong;Profit-Oriented;Software, Services, Systems;HIBP;1;0;1
hibp-2021-01-28-Bookchor-bookchor.com-Bookchor;Bookchor;In January 2021, the Indian book trading website Bookchor suffered a data breach that exposed half a million customer records. The exposed data included email and IP addresses, names, genders, dates of birth, phone numbers and passwords stored as unsalted MD5 hashes. The data was subsequently traded on a popular hacking forum.;28.01.21 00:00;Non-EU;Linkability, Identifiability;0;2;0;Extern (Intentional);Unknown;Strong;Unknown;Network;HIBP;1;0;1
hibp-2018-07-08-Bookmate-bookmate.com-Bookmate;Bookmate;In mid-2018, the social ebook subscription service Bookmate was among a raft of sites that were breached and their data then sold in early-2019. The data included almost 4 million unique email addresses alongside names, genders, dates of birth and passwords stored as salted SHA-512 hashes.;08.07.18 00:00;Non-EU;Linkability, Identifiability;0;1;0;Unknown;Unknown;Strong;Profit-Oriented;Network;HIBP;1;0;1
hibp-2024-09-06-Boulanger-boulanger.com-Boulanger;Boulanger;In September 2024, French electronics retailer Boulanger suffered a data breach that exposed over 27M rows of data. The data included 2M unique email addresses along with names, physical addresses, phone numbers and latitude and longitude. The data was later publicly published to a popular hacking forum.;06.09.24 00:00;Non-EU;Linkability, Identifiability;0;2;0;Extern (Intentional);Unknown;Unknown;Unknown;Network;HIBP;1;0;0
hibp-2021-01-12-BourseDesVols-bourse-des-vols.com-Bourse des Vols;BourseDesVols;In January 2021, the French travel company Bourse des Vols suffered a data breach that exposed 1.46M unique email addresses across more than 1.2k .sql files and over 9GB of data. The impacted data exposed personal information and travel histories including names, phone numbers, IP and physical addresses, dates of birth along with flights taken and purchases.;12.01.21 00:00;Non-EU;Linkability, Identifiability;0;2;0;Extern (Intentional);Unknown;Unknown;Unknown;Network;HIBP;1;0;0
hibp-2025-08-04-BouyguesTelecom-bouyguestelecom.fr-Bouygues Telecom;BouyguesTelecom;In August 2025, the French telecommunications company Bouygues Telecom detected a cyber attack against their services. The incident resulted in a data breach that exposed almost 6.4M customer records, including 5.7M unique email addresses. The breach also exposed names, physical addresses, phone numbers, dates of birth and IBANs (International Bank Account Numbers). Bouygues Telecom advised that all affected customers had been notified about the incident.;04.08.25 00:00;EU;Linkability, Identifiability;0;2;0;Extern (Intentional);Unknown;Unknown;Unknown;Network;HIBP;1;0;0
hibp-2022-08-14-BrandNewTube-brandnewtube.com-Brand New Tube;BrandNewTube;In August 2022, the streaming website Brand New Tube suffered a data breach that exposed the personal information of almost 350k subscribers. The impacted data included email and IP addresses, usernames, genders,  passwords stored as unsalted SHA-1 hashes and private messages.;14.08.22 00:00;Non-EU;Linkability, Identifiability;0;1;0;Extern (Intentional);Unknown;Weak;Unknown;Network;HIBP;1;0;1
hibp-2022-11-29-BreachForums-breached.vc-BreachForums;BreachForums;"In November 2022, the well-known hacking forum ""BreachForums"" was itself, breached. Later the following year, the operator of the website was arrested and the site seized by law enforcement agencies. The breach exposed 212k records including usernames, IP and email addresses, private messages between site members and passwords stored as argon2 hashes./a>.";29.11.22 00:00;Non-EU;Linkability, Identifiability;0;1;0;Unknown;Unknown;Strong;Unknown;Network;HIBP;1;0;1
hibp-2025-08-11-BreachForums2025-breachforums.hn-BreachForums (2025);BreachForums2025;In October 2025, a reincarnation of the hacking forum BreachForums, which had previously been shut down multiple times, was taken offline by a coalition of law enforcement agencies. In the months leading up to the takedown, the site itself suffered a data breach that exposed a total of 672k unique email addresses across all tables, including within forum posts and private messages. The users table alone contained 324k unique email addresses, usernames, and Argon2 password hashes.;11.08.25 00:00;Non-EU;Linkability, Identifiability;0;1;0;Extern (Intentional);Unknown;Strong;Unknown;Network;HIBP;1;0;1
hibp-2018-07-05-500px-500px.com-500px;500px;In mid-2018, the online photography community 500px suffered a data breach. The incident exposed almost 15 million unique email addresses alongside names, usernames, genders, dates of birth and either an MD5 or bcrypt password hash. In 2019, the data appeared listed for sale on a dark web marketplace (along with several other large breaches) and subsequently began circulating more broadly.;05.07.18 00:00;Non-EU;Linkability, Identifiability;0;1;0;Extern (Intentional);Unknown;Strong;Unknown;Network;HIBP;1;0;0
hibp-2018-07-01-8fit-8fit.com-8fit;8fit;In July 2018, the health and fitness service 8fit suffered a data breach. The data subsequently appeared for sale on a dark web marketplace in February 2019 and included over 15M unique email addresses alongside names, genders, IP addresses and passwords stored as bcrypt hashes. The data was provided to HIBP by dehashed.com.;01.07.18 00:00;Non-EU;Linkability, Identifiability;0;2;0;Extern (Intentional);Unknown;Strong;Unknown;Network;HIBP;1;0;1
hibp-2024-11-02-1win-1win.com-1win;1win;In November 2024, the online betting platform 1win suffered a data breach that exposed 96M users. The exposed data included email and IP addresses, phone numbers, dates of birth, country and SHA-256 password hashes.;02.11.24 00:00;Non-EU;Linkability, Identifiability;0;2;0;Extern (Intentional);Unknown;Strong;Unknown;Network;HIBP;1;0;1
hibp-2023-06-17-BreachForumsClone-breachforums.vc-BreachForums Clone;BreachForumsClone;"In June 2023, a clone of the previously shuttered popular hacking forum ""BreachForums"" suffered a data breach that exposed over 4k records. The breach was due to an exposed backup of the MyBB database which included email and IP addresses, usernames and Argon2 password hashes.";17.06.23 00:00;Non-EU;Linkability, Identifiability;0;1;0;Extern (Intentional);Unknown;Strong;Unknown;Software, Services, Systems;HIBP;1;0;1
hibp-2021-11-02-BTCAlpha-btc-alpha.com-BTC-Alpha;BTCAlpha;In November 2021, the crypto exchange platform BTC-Alpha suffered a ransomware attack data breach after which customer data was publicly dumped. The impacted data included 362k email and IP addresses, usernames and passwords stored as PBKDF2 hashes.;02.11.21 00:00;Non-EU;Linkability, Identifiability;0;1;0;Extern (Intentional);Unknown;Strong;Profit-Oriented;Network;HIBP;1;0;1
hibp-2019-12-26-BtoBet-btobet.com-BtoBet;BtoBet;In December 2019, a large collection of data from Nigerian gambling company Surebet247 was sent to HIBP. Alongside the Surebet247, database backups from gambling sites BetAlfa, BetWay, BongoBongo and TopBet was also included. Further investigation implicated betting platform provider BtoBet as being the common source of the data. Impacted data included user records and extensive information on gambling histories.;26.12.19 00:00;Non-EU;Linkability, Identifiability;0;2;0;Unknown;Unknown;Unknown;Unknown;Software, Services, Systems;HIBP;0;0;0
hibp-2024-06-27-BudTrader-budtrader.com-BudTrader;BudTrader;In July 2024, a data breach of the now defunct cannabis social platform BudTrader was posted for sale on a hacking forum. Dating back to the previous month, the breach of the website exposed 2.7M email addresses, usernames and WordPress password hashes.;27.06.24 00:00;Non-EU;Linkability, Identifiability;0;1;2;Extern (Intentional);Unknown;Weak;Challenge/Fun;Network;HIBP;1;0;0
hibp-2019-07-15-BulgarianNationalRevenueAgency-nap.bg-Bulgarian National Revenue Agency;BulgarianNationalRevenueAgency;"In July 2019, a massive data breach of the Bulgarian National Revenue Agency began circulating with data on 5 million people. Allegedly obtained in June, the data was broadly shared online and included taxation information alongside names, phone numbers, physical addresses and 471 thousand unique email addresses. The breach is said to have affected ""nearly all adults in Bulgaria"".";15.07.19 00:00;EU;Linkability, Identifiability;0;2;0;Extern (Intentional);Unknown;Unknown;Unknown;Network;HIBP;1;0;0
hibp-2019-02-20-CafePress-cafepress.com-CafePress;CafePress;In February 2019, the custom merchandise retailer CafePress suffered a data breach. The exposed data included 23 million unique email addresses with some records also containing names, physical addresses, phone numbers and passwords stored as SHA-1 hashes.;20.02.19 00:00;Non-EU;Linkability, Identifiability;0;2;0;Extern (Intentional);Unknown;Weak;Unknown;Network;HIBP;1;0;1
hibp-2019-06-19-Artvalue-artvalue.com-Artvalue;Artvalue;In June 2019, the France-based art valuation website Artvalue.com left their 158k member subscriber base publicly exposed in a text file on their website. The exposed data included names, usernames, email addresses and passwords stored as MD5 hashes. The site operator did not respond when contacted about the incident, although the exposed file was subsequently removed.;19.06.19 00:00;Non-EU;Linkability, Identifiability;0;1;0;Unknown;Exploit Public-Facing Application;Weak;Unknown;Network;HIBP;1;0;1
hibp-2019-05-24-Canva-canva.com-Canva;Canva;In May 2019, the graphic design tool website Canva suffered a data breach that impacted 137 million subscribers. The exposed data included email addresses, usernames, names, cities of residence and passwords stored as bcrypt hashes for users not using social logins.;24.05.19 00:00;Non-EU;Linkability, Identifiability;0;1;0;Extern (Intentional);Unknown;Strong;Unknown;Network;HIBP;1;0;1
hibp-2020-12-12-CapialEconomics-capitaleconomics.com-Capital Economics;CapialEconomics;In December 2020, the economic research company Capital Economics suffered a data breach that exposed 263k customer records. The exposed data included email and physical addresses, names, phone numbers, job titles and the employer of impacted customers.;12.12.20 00:00;Non-EU;Linkability, Identifiability;0;2;0;Extern (Intentional);Unknown;;Unknown;Software, Services, Systems;HIBP;1;0;0
hibp-2021-12-28-CardingMafiaDec2021-cardmafia.cc-Carding Mafia (December 2021);CardingMafiaDec2021;In December 2021, the Carding Mafia forum suffered a data breach that exposed over 300k members' email addresses. Dedicated to the theft and trading of stolen credit cards, the forum breach also exposed usernames, IP addresses and passwords stored as salted MD5 hashes. This breach came only 9 months after another breach of the forum in March 2021.;28.12.21 00:00;Non-EU;Linkability, Identifiability, Non-compliance;0;1;2;Extern (Intentional);Hardware Additions;Strong;Profit-Oriented;Unknown;HIBP;1;0;1
hibp-2021-03-18-CardingMafia-cardmafia.cc-Carding Mafia (March 2021);CardingMafia;In March 2021, the Carding Mafia forum suffered a data breach that exposed almost 300k members' email addresses. Dedicated to the theft and trading of stolen credit cards, the forum breach also exposed usernames, IP addresses and passwords stored as salted MD5 hashes.;18.03.21 00:00;Non-EU;Linkability, Identifiability, Non-compliance;0;1;2;Extern (Intentional);Hardware Additions;Strong;Profit-Oriented;Unknown;HIBP;1;0;1
hibp-2020-03-01-Catho-catho.com.br-Catho;Catho;In approximately March 2020, the Brazilian recruitment website Catho was compromised and subsequently appeared alongside 20 other breached websites listed for sale on a dark web marketplace. The breach included almost 11 million records with 1.2 million unique email addresses. Names, usernames and plain text passwords were also exposed. The data was provided to HIBP by breachbase.pw.;01.03.20 00:00;Non-EU;Linkability, Identifiability;0;1;0;Unknown;Unknown;;Unknown;Software, Services, Systems;HIBP;1;0;1
hibp-2025-06-09-Catwatchful-catwatchful.com-Catwatchful;Catwatchful;In June 2025, spyware maker Catwatchful suffered a data breach that exposed over 60k customer records. The breach was due to a SQL injection vulnerability that enabled email addresses and plain text passwords to be extracted from the system.;09.06.25 00:00;Non-EU;Linkability;0;1;2;Extern (Intentional);Exploit Public-Facing Application;;Unknown;Network;HIBP;1;0;1
hibp-2022-03-09-CDEK-cdek.ru-CDEK;CDEK;"In early 2022, a collective known as IT Army whose stated goal is to ""completely de-anonymise most Russian users by leaking hundreds of gigabytes of databases"" published over 30GB of data allegedly sourced from Russian courier service CDEK. The data contained over 19M unique email addresses along with names and phone numbers. The authenticity of the breach could not be independently established and has been flagged as ""unverified"".";09.03.22 00:00;Non-EU;Linkability, Identifiability;0;2;0;Unknown;Unknown;Unknown;Unknown;Software, Services, Systems;HIBP;1;0;0
hibp-2024-07-01-CentralTickets-centraltickets.co.uk-Central Tickets;CentralTickets;In September 2024, data from the ticketing service Central Tickets was publicly posted to a hacking forum. The data suggests the breach occurred several months earlier and exposed 723k unique email addresses alongside names, phone numbers, IP addresses, purchases and passwords stored as unsalted SHA-1 hashes.;01.07.24 00:00;Non-EU;Linkability, Identifiability, Detectability;0;2;0;Unknown;Unknown;Weak;Unknown;Network;HIBP;1;0;1
hibp-2020-03-26-Chatbooks-chatbooks.com-Chatbooks;Chatbooks;In March 2020, the photo print service Chatbooks suffered a data breach which was subsequently put up for sale on a dark web marketplace. The breach contained 15 million user records with 2.5 million unique email addresses alongside names, phone numbers, social media profiles and salted SHA-512 password hashes. The data was provided to HIBP by dehashed.com.;26.03.20 00:00;Non-EU;Linkability, Identifiability;0;2;0;Extern (Intentional);Unknown;Strong;Profit-Oriented;Network;HIBP;1;0;1
hibp-2023-11-08-Chess-chess.com-Chess;Chess;In November 2023, over 800k user records were scraped from the Chess website and posted to a popular hacking forum. The data included email address, name, username and the geographic location of the user. A further 446k scraped records were later provided and added to HIBP.;08.11.23 00:00;Non-EU;Linkability, Identifiability;0;1;0;Extern (Intentional);Unknown;Unknown;Unknown;Network;HIBP;0;0;0
hibp-2020-10-05-Chowbus-chowbus.com-Chowbus;Chowbus;In October 2020, the Asian food delivery app Chowbus suffered a data breach which led to over 800,000 records being emailed to customers. The email contained a link to a CSV file with customer data including physical addresses, names, phone numbers and over 444,000 unique email addresses.;05.10.20 00:00;Non-EU;Linkability, Identifiability;0;2;0;Extern (Intentional);Unknown;Unknown;Unknown;Network;HIBP;1;0;0
hibp-2023-01-06-Autotrader-autotrader.com-Autotrader;Autotrader;"In January 2023, 1.4M records from the Autotrader online vehicle marketplace appeared on a popular hacking forum. Autotrader stated that the ""data in question relates to aged listing data that was generally publicly available on our site at the time and open to automated collection methods"". The data contained 20k unique email addresses alongside physical addresses and phone numbers of dealers and vehicle details including VIN numbers.";06.01.23 00:00;Non-EU;Linkability, Identifiability;0;2;0;Unknown;Unknown;Unknown;Unknown;Network;HIBP;1;0;0
hibp-2020-11-04-Cit0day-cit0day.in-Cit0day;Cit0day;In November 2020, a collection of more than 23,000 allegedly breached websites known as Cit0day were made available for download on several hacking forums. The data consisted of 226M unique email address alongside password pairs, often represented as both password hashes and the cracked, plain text versions. Independent verification of the data established it contains many legitimate, previously undisclosed breaches. The data was provided to HIBP by dehashed.com.;04.11.20 00:00;Non-EU;Linkability;0;1;0;Unknown;Unknown;Weak;Unknown;Network;HIBP;0;0;0
hibp-2021-02-05-CityBee-citybee.lt-CityBee;CityBee;In February 2021, the Lithuanian car-sharing service CityBee announced they'd suffered a data breach that exposed 110k customers' personal information. The breach exposed names, email addresses, government issued IDs and passwords stored as unsalted SHA-1 hashes.;05.02.21 00:00;EU;Linkability, Identifiability;0;2;0;Extern (Intentional);Unknown;Weak;Unknown;Network;HIBP;1;0;1
hibp-2023-02-27-CityJerks-cityjerks.com-CityJerks;CityJerks;"In early 2023, the ""mutual masturbation"" website CityJerks suffered a data breach that exposed 177k unique email addresses. The breach also included data from the TruckerSucker ""dating app for REAL TRUCKERS and REAL MEN"" with the combined corpus of data also exposing usernames, IP addresses, dates of birth, sexual orientations, geo locations, private messages between members and passwords stored as salted MD5 hashes. The data was subsequently listed on a public hacking site.";27.02.23 00:00;Non-EU;Linkability, Identifiability, Disclosure of information, Non-compliance;0;1;1;Extern (Intentional);Unknown;Strong;Unknown;Network;HIBP;1;1;1
hibp-2022-09-24-ClickASnap-clickasnap.com-ClickASnap;ClickASnap;In September 2022, the online photo sharing platform ClickASnap suffered a data breach. The incident exposed almost 3.3M personal records including email addresses, usernames and passwords stored as SHA-512 hashes. Further, a collection of paid subscriptions were also included and contained names, physical addresses and amounts paid.;24.09.22 00:00;Non-EU;Linkability, Identifiability;0;2;0;Extern (Intentional);Unknown;Strong;Unknown;Network;HIBP;1;0;1
hibp-2019-07-27-ClubPenguinRewrittenJul2019-cprewritten.net-Club Penguin Rewritten (July 2019);ClubPenguinRewrittenJul2019;In July 2019, the children's gaming site Club Penguin Rewritten (CPRewritten) suffered a data breach (note: CPRewritten is an independent recreation of Disney's Club Penguin game). In addition to an earlier data breach that impacted 1.7 million accounts, the subsequent breach exposed 4 million unique email addresses alongside IP addresses, usernames and passwords stored as bcrypt hashes.;27.07.19 00:00;Non-EU;Linkability, Identifiability;0;1;0;Extern (Intentional);Unknown;Strong;Unknown;Network;HIBP;1;0;1
hibp-2025-02-14-Cocospy-cocospy.com-Cocospy;Cocospy;In February 2025, the spyware service Cocospy suffered a data breach along with sibling spyware service, Spyic. The Cocospy breach alone exposed almost 1.8M customer email addresses which were provided to HIBP, and reportedly also enabled unauthorised access to captured messages, photos, call logs, and more.;14.02.25 00:00;Non-EU;No Label;0;1;2;Extern (Intentional);Unknown;Unknown;Espionage;Network;HIBP;1;0;0
hibp-2025-11-15-CodeStepByStep-codestepbystep.com-CodeStepByStep;CodeStepByStep;In November 2025, the online coding practice tool CodeStepByStep suffered a data breach that exposed 17k records which were subsequently published online. The following month, a further corpus of data was released bringing the total to 103k. The impacted data included names, usernames and email addresses.;15.11.25 00:00;Non-EU;Linkability, Identifiability;0;1;0;Extern (Intentional);Unknown;Unknown;Unknown;Network;HIBP;1;0;0
hibp-2021-10-12-CoinMarketCap-coinmarketcap.com-CoinMarketCap;CoinMarketCap;"During October 2021, 3.1 million email addresses with accounts on the cryptocurrency market capitalisation website CoinMarketCap were discovered being traded on hacking forums. Whilst the email addresses were found to correlate with CoinMarketCap accounts, it's unclear precisely how they were obtained. CoinMarketCap has provided the following statement on the data: ""CoinMarketCap has become aware that batches of data have shown up online purporting to be a list of user accounts. While the data lists we have seen are only email addresses (no passwords), we have found a correlation with our subscriber base. We have not found any evidence of a data leak from our own servers — we are actively investigating this issue and will update our subscribers as soon as we have any new information.""";12.10.21 00:00;Non-EU;No Label;0;1;0;Unknown;Unknown;Unknown;Unknown;Hardware;HIBP;1;0;0
hibp-2025-05-24-ColoCrossing-colocrossing.com-ColoCrossing;ColoCrossing;In May 2025, hosting provider ColoCrossing identified a data breach that impacted customers of their ColoCloud virtual server product. ColoCrossing advised the incident was isolated to their cloud/VPS platform and stemmed from a single sign-on vulnerability. 7k email addresses were exposed in the incident along with names and MD5-Crypt password hashes.;24.05.25 00:00;Non-EU;Linkability, Identifiability;0;1;0;Extern (Intentional);Unknown;Weak;Unknown;Hardware;HIBP;1;0;0
hibp-2022-12-01-CoinTracker-cointracker.io-CoinTracker;CoinTracker;In December 2022, the Crypto & NFT taxes service CoinTracker reported a data breach that impacted over 1.5M of their customers. The company later attributed the breach to a compromise SendGrid in an attack that targeted multiple customers of the email provider. The breach exposed email addresses and partially redacted phone numbers, with CoinTracker advising that the later did not originate from their service.;01.12.22 00:00;Non-EU;Linkability;0;1;0;Extern (Intentional);Drive-by Compromise;Unknown;Unknown;Network;HIBP;1;0;0
hibp-2024-05-28-TelegramCombolists--Combolists Posted to Telegram;TelegramCombolists;In May 2024, 2B rows of data with 361M unique email addresses were collated from malicious Telegram channels. The data contained 122GB across 1.7k files with email addresses, usernames, passwords and in many cases, the website they were entered into. The data appears to have been sourced from a combination of existing combolists and info stealer malware.;28.05.24 00:00;Non-EU;Linkability, Identifiability;0;1;0;Extern (Intentional);Unknown;Unknown;Unknown;Network;HIBP;1;0;0
hibp-2019-06-01-CondoCom-condo.com-Condo.com;CondoCom;In June 2019, now defunct website Condo.com suffered a data breach that was later redistributed as part of a larger corpus of data. The impacted data included 1.5M email addresses alongside names, phone numbers and for a small number of records, physical addresses.;01.06.19 00:00;Non-EU;Linkability, Identifiability;0;2;0;Extern (Intentional);Unknown;Unknown;Challenge/Fun;Network;HIBP;1;0;0
hibp-2018-09-05-ColorDating-colordatingapp.com-Color Dating;ColorDating;In September 2018, the dating app to match people with different ethnicities Color Dating suffered a data breach that was later redistributed as part of a larger corpus of data. The breach exposed 220k unique email addresses along with bios, names, profile photos and bcrypt password hashes.;05.09.18 00:00;Non-EU;Linkability, Identifiability, Disclosure of information, Non-compliance;0;1;2;Extern (Intentional);Unknown;Strong;Unknown;Network;HIBP;1;1;0
hibp-2019-01-07-Collection1--Collection #1;Collection1;"In January 2019, a large collection of credential stuffing lists (combinations of email addresses and passwords used to hijack accounts on other services) was discovered being distributed on a popular hacking forum. The data contained almost 2.7 billion records including 773 million unique email addresses alongside passwords those addresses had used on other breached services. Full details on the incident and how to search the breached passwords are provided in the blog post The 773 Million Record ""Collection #1"" Data Breach.";07.01.19 00:00;Non-EU;Linkability;0;1;0;Extern (Intentional);Unknown;Unknown;Unknown;Network;HIBP;1;0;0
hibp-2022-03-05-CraftRise-craftrise.com.tr-CraftRise;CraftRise;In May 2023, news broke of a data breach of the Turkish Minecraft server known as CraftRise. The data of over 2.5M users was subsequently shared on a popular hacking forum and included email addresses, usernames, geographic locations and plain text passwords. The newest records indicate the data was obtained in March 2022.;05.03.22 00:00;Non-EU;Linkability, Identifiability;0;1;0;Extern (Intentional);Unknown;;Unknown;Hardware;HIBP;1;0;1
hibp-2025-05-01-CreamsCafe-creamscafe.com-Creams Cafe;CreamsCafe;"In May 2025, 160k records of customer data was allegedly obtained from Creams Cafe, ""the UK's favourite dessert parlour"". The data included email and physical addresses, names and phone numbers. Creams Cafe did not respond to repeated attempts to disclose the incident, however multiple impacted HIBP subscribers confirmed the legitimacy and accuracy of the data.";01.05.25 00:00;Non-EU;Linkability, Identifiability;0;2;0;Unknown;Unknown;Unknown;Unknown;Unknown;HIBP;1;0;0
hibp-2021-05-21-CTARS-ctars.com.au-CTARS;CTARS;In May 2022, the client management system for the Australian government's NDIS (National Disability Insurance Scheme) suffered a data breach which was subsequently posted to an online hacking forum. The CTARS cloud platform is used by care providers to record information about NDIS participants and often contains sensitive medical information. Impacted data includes over 12k unique email addresses, physical addresses, names, dates of birth, phone numbers and data related to patient conditions and treatments.;21.05.21 00:00;Non-EU;Linkability, Identifiability, Disclosure of information, Non-compliance;0;2;1;Extern (Intentional);Unknown;Unknown;Unknown;Network;HIBP;1;1;0
hibp-2023-02-01-Convex-convex.ru-Convex;Convex;"In February 2023, the Russian telecommunications provider Convex was hacked by ""Anonymous"" who subsequently released 128GB of data publicly, alleging it revealed illegal government surveillance. The leaked data contained 150k unique email, IP and physical addresses, names and phone numbers.";01.02.23 00:00;Non-EU;Linkability, Identifiability;0;2;0;Unknown;Unknown;Unknown;Unknown;Network;HIBP;1;0;0
hibp-2019-07-21-CrackedTO-cracked.to-Cracked.to;CrackedTO;In July 2019, the hacking website Cracked.to suffered a data breach. There were 749k unique email addresses spread across 321k forum users and other tables in the database. A rival hacking website claimed responsibility for breaching the MyBB based forum which disclosed email and IP addresses, usernames, private messages and passwords stored as bcrypt hashes.;21.07.19 00:00;Non-EU;Linkability, Identifiability;0;1;0;Extern (Intentional);Unknown;Strong;Unknown;Software, Services, Systems;HIBP;1;0;1
hibp-2020-02-20-db8151dd-covve.com-Covve;db8151dd;"In February 2020, a massive trove of personal information referred to as ""db8151dd"" was provided to HIBP after being found left exposed on a publicly facing Elasticsearch server. Later identified as originating from the Covve contacts app, the exposed data included extensive personal information and interactions between Covve users and their contacts. The data was provided to HIBP by dehashed.com.";20.02.20 00:00;Non-EU;Linkability, Identifiability;0;2;0;Unknown;Drive-by Compromise;;Unknown;Hardware;HIBP;0;0;0
hibp-2024-02-26-CutoutPro-cutout.pro-Cutout.Pro;CutoutPro;In February 2024, the AI-powered visual design platform Cutout.Pro suffered a data breach that exposed 20M records. The data included email and IP addresses, names and salted MD5 password hashes which were subsequently broadly distributed on a popular hacking forum and Telegram channels.;26.02.24 00:00;Non-EU;Linkability, Identifiability;0;2;0;Extern (Intentional);Unknown;Strong;Unknown;Network;HIBP;1;0;1
hibp-2024-09-06-Cultura-cultura.com-Cultura;Cultura;In September 2024, French retailer Cultura was the victim of a cyber attack they attributed to an external IT service provider. The resultant data breach included almost 1.5M unique email addresses along with names, phone numbers, physical addresses and orders. Cultura advised that all affected customers had been notified about the incident.;06.09.24 00:00;Non-EU;Linkability, Identifiability;0;2;0;Extern (Intentional);Unknown;Unknown;Unknown;Network;HIBP;1;0;0
hibp-2021-01-13-DailyQuiz-dailyquiz.me-Daily Quiz;DailyQuiz;In January 2021, the quiz website Daily Quiz suffered a data breach that exposed over 8 million unique email addresses. The data also included usernames, IP addresses and passwords stored in plain text.;13.01.21 00:00;Non-EU;Linkability, Identifiability;0;1;0;Extern (Intentional);Unknown;;Unknown;Network;HIBP;1;0;0
hibp-2018-11-14-DataAndLeads-datanleads.com-Data & Leads;DataAndLeads;In November 2018, security researcher Bob Diachenko identified an unprotected database believed to be hosted by a data aggregator. Upon further investigation, the data was linked to marketing company Data & Leads. The exposed Elasticsearch instance contained over 44M unique email addresses along with names, IP and physical addresses, phone numbers and employment information. No response was received from Data & Leads when contacted by Bob and their site subsequently went offline.;14.11.18 00:00;Non-EU;Linkability, Identifiability;0;2;0;Unknown;Unknown;Unknown;Unknown;Software, Services, Systems;HIBP;1;0;0
hibp-2019-10-16-PDL--Data Enrichment Exposure From PDL Customer;PDL;In October 2019, security researchers Vinny Troia and Bob Diachenko identified an unprotected Elasticsearch server holding 1.2 billion records of personal data. The exposed data included an index indicating it was sourced from data enrichment company People Data Labs (PDL) and contained 622 million unique email addresses. The server was not owned by PDL and it's believed a customer failed to properly secure the database. Exposed information included email addresses, phone numbers, social media profiles and job history data.;16.10.19 00:00;Non-EU;Linkability, Identifiability;0;2;0;Unknown;Unknown;;Unknown;Hardware;HIBP;1;0;0
hibp-2020-06-28-Dave-dave.com-Dave;Dave;In June 2020, the digital banking app Dave suffered a data breach which exposed 7.5 million rows of data and subsequently appeared for public download on a hacking forum. The breach exposed extensive personal information including almost 3 million unique email addresses alongside names, dates of birth, encrypted social security numbers and passwords stored as bcrypt hashes. The data was provided to HIBP by dehashed.com.;28.06.20 00:00;Non-EU;Linkability, Identifiability;0;2;0;Extern (Intentional);Unknown;Strong;Unknown;Network;HIBP;1;0;1
hibp-2023-03-06-DCHealth-dchealthlink.com-DC Health Link;DCHealth;"In March 2023, DC Health Link discovered a data breach that was later publicly posted to a popular data breach forum. The impacted data included 48k unique email addresses alongside names, genders, dates of birth, home addresses, phone numbers and social security numbers.and ""IntelBroker"".";06.03.23 00:00;Non-EU;Linkability, Identifiability, Disclosure of information, Non-compliance;0;2;1;Extern (Intentional);Unknown;Unknown;Unknown;Network;HIBP;1;0;0
hibp-2021-08-25-DatPiff-datpiff.com-DatPiff;DatPiff;In late 2021, email address and plain text password pairs from the rap mixtape website DatPiff appeared for sale on a popular hacking forum. The data allegedly dated back to an earlier breach and in total, contained almost 7.5M email addresses and cracked password pairs. The original data source allegedly contained usernames, security questions and answers and passwords stored as MD5 hashes with a static salt.;25.08.21 00:00;Non-EU;Linkability, Identifiability;0;1;0;Unknown;Drive-by Compromise;Weak;Unknown;Network;HIBP;1;0;1
hibp-2021-01-12-DateHotBrunettes-datehotbrunettes.com-Date Hot Brunettes;DateHotBrunettes;"In January 2021, the now defunct website Date Hot Brunettes which provided a service to ""Date Neglected Women Who Can Keep a Secret"", suffered a data breach. The incident exposed 1.5M unique email addresses along with IP addresses, usernames, user-entered bios and MD5 password hashes.";12.01.21 00:00;Non-EU;Linkability, Identifiability, Non-compliance;0;1;2;Extern (Intentional);Unknown;Weak;Challenge/Fun;Unknown;HIBP;1;0;0
hibp-2024-02-28-DemandScience-demandscience.com-DemandScience by Pure Incubation;DemandScience;In early 2024, a large corpus of data from DemandScience (a company owned by Pure Incubation), appeared for sale on a popular hacking forum. Later attributed to a leak from a decommissioned legacy system, the breach contained extensive data that was largely business contact information aggregated from public sources. Specifically, the data included 122M unique corporate email addresses, physical addresses, phone numbers, employers and job titles. It also included names and for many individuals, a link to their LinkedIn profile.;28.02.24 00:00;Non-EU;Linkability, Identifiability;0;2;0;Unknown;Unknown;Unknown;Unknown;Network;HIBP;1;0;0
hibp-2019-04-22-Deezer-deezer.com-Deezer;Deezer;In late 2022, the music streaming service Deezer disclosed a data breach that impacted over 240M customers. The breach dated back to a mid-2019 backup exposed by a 3rd party partner which was subsequently sold and then broadly redistributed on a popular hacking forum. Impacted data included 229M unique email addresses, IP addresses, names, usernames, genders, DoBs and the geographic location of the customer.;22.04.19 00:00;Non-EU;Linkability, Identifiability;0;2;0;Extern (Intentional);Unknown;Unknown;Profit-Oriented;Network;HIBP;1;0;0
hibp-2021-10-29-CyberServe-cyberserve.co.il-CyberServe;CyberServe;"In October 2021, the Israeli hosting provider CyberServe was breached and ransomed before having a substantial amount of their customer data leaked publicly by a group known as ""Black Shadow"". Amongst the data was the LGBTQ dating site Atraf and the Machon Mor medical institute. Due to multiple different sites being compromised, the impacted data is broad and ranges from relationship information to medical data to email addresses and passwords stored in plain text. The data was made available to HIBP with support from May Brooks-Kempler, founder of the Think Safe Cyber community in Israel.";29.10.21 00:00;Non-EU;Linkability, Identifiability, Disclosure of information, Non-compliance;0;2;1;Extern (Intentional);Unknown;;Profit-Oriented;Network;HIBP;1;1;0
hibp-2019-02-20-DemonForums-demonforums.net-Demon Forums;DemonForums;In February 2019, the hacking forum Demon Forums suffered a data breach. The compromise of the vBulletin forum exposed 52k unique email addresses alongside usernames and passwords stored as salted MD5 hashes.;20.02.19 00:00;Non-EU;Linkability, Identifiability;0;1;0;Extern (Intentional);Unknown;Strong;Unknown;Network;HIBP;1;0;1
hibp-2025-06-20-DataTrollStealerLogs--Data Troll Stealer Logs;DataTrollStealerLogs;"In June 2025, headlines erupted over a ""16 billion password"" breach. In reality, the dataset was a compilation of publicly accessible stealer logs, mostly repurposed from older leaks, with only a small portion of genuinely new material. HIBP received 2.7B rows containing 109M unique email addresses, which was subsequently added to the service under the name ""Data Troll"". The websites the stealer logs were captured against are searchable via the HIBP dashboard.";20.06.25 00:00;Non-EU;Linkability;1;1;0;Extern (Intentional);Unknown;Unknown;Espionage;Network;HIBP;1;0;0
hibp-2021-09-04-DennisKirk-denniskirk.com-Dennis Kirk;DennisKirk;In October 2024, almost 20GB of data containing 1.3M unique email addresses from motorcycle supplies store Dennis Kirk was circulated. Dating back to September 2021, the data also contained purchases from the online store along with customer names, phone numbers and postcodes. Dennis Kirk did not respond to multiple attempts to make contact about the breach.;04.09.21 00:00;Non-EU;Linkability, Identifiability;0;2;0;Unknown;Unknown;Unknown;Unknown;Unknown;HIBP;1;0;0
hibp-2021-01-04-DevilTorrents-devil-torrents.pl-Devil-Torrents.pl;DevilTorrents;In early 2021, the Polish torrents website Devil-Torrents.pl suffered a data breach. A subset of the data including 63k unique email addresses and cracked passwords were subsequently socialised on a popular data breach sharing service.;04.01.21 00:00;EU;Linkability;0;1;0;Extern (Intentional);Unknown;Unknown;Unknown;Unknown;HIBP;1;0;1
hibp-2024-09-29-digiDirect-digidirect.com.au-digiDirect;digiDirect;In September 2024, a data breach sourced from the Australian retailer digiDirect was published to a popular hacking forum. The breach exposed over 300k rows of data including email and physical address, name, phone number and date of birth. Approximately half the email addresses were on domains from external marketplaces including Amazon, eBay and Westfield.;29.09.24 00:00;Non-EU;Linkability, Identifiability;0;2;0;Extern (Intentional);Unknown;Unknown;Unknown;Network;HIBP;1;0;0
hibp-2021-03-14-Descomplica-descomplica.com.br-Descomplica;Descomplica;In March 2021, the Brazilian EdTech company Descomplica suffered a data breach which was subsequently posted to a popular hacking forum. The data included almost 5 million email addresses, names, the first 6 and last 4 digits and the expiry date of credit cards, purchase histories and password hashes.;14.03.21 00:00;Non-EU;Linkability, Identifiability;0;1;0;Extern (Intentional);Unknown;Weak;Profit-Oriented;Network;HIBP;1;0;0
hibp-2019-02-03-devkitPro-devkitpro.org-devkitPro;devkitPro;In February 2019, the devkitPro forum suffered a data breach. The phpBB based forum had 1,508 unique email addresses exposed in the breach alongside forum posts, private messages and passwords stored as weak salted hashes. The data breach was self-submitted to HIBP by the forum operator.;03.02.19 00:00;Non-EU;Linkability;0;1;0;Extern (Intentional);Unknown;Strong;Unknown;Network;HIBP;1;0;0
hibp-2021-03-24-DominosIndia-dominos.co.in-Domino's India;DominosIndia;In April 2021, 13TB of compromised Domino's India appeared for sale on a hacking forum after which the company acknowledged a major data breach they dated back to March. The compromised data included 22.5 million unique email addresses, names, phone numbers, order histories and physical addresses.;24.03.21 00:00;Non-EU;Linkability, Identifiability;0;2;0;Extern (Intentional);Unknown;Unknown;Unknown;Network;HIBP;1;0;0
hibp-2022-10-12-Doomworld-doomworld.com-Doomworld;Doomworld;In October 2022, the Doomworld fourm suffered a data breach that exposed 34k member records. The data included email and IP addresses, usernames and bcrypt password hashes.;12.10.22 00:00;Non-EU;Linkability, Identifiability;0;1;0;Extern (Intentional);Unknown;Strong;Unknown;Network;HIBP;1;0;0
hibp-2022-08-02-DoorDash-doordash.com-DoorDash;DoorDash;"In August 2022, the food ordering and delivery service DoorDash disclosed a data breach that impacted a portion of their customers. DoorDash attributed the breach to an unnamed ""third-party vendor"" they stated was the victim of a phishing campaign. The incident exposed 367k unique personal email addresses alongside names, post codes and partial card data, namely the brand, expiry data and last four digits of the card.";02.08.22 00:00;Non-EU;Linkability, Identifiability;0;1;0;Extern (Intentional);Phishing;Unknown;Unknown;Network;HIBP;1;0;0
hibp-2022-01-05-Doxbin-doxbin.com-Doxbin;Doxbin;"In January 2022, the ""doxing"" website designed to disclose the personal information of targeted individuals (""doxes"") Doxbin suffered a data breach. The breach was subsequently leaked online and included over 370k unique email addresses across user accounts and doxes. User accounts also included usernames, password hashes and browser user agents. The personal information disclosed in the doxes was often extensive including names, physical addresses, phone numbers and more.";05.01.22 00:00;Non-EU;Linkability, Identifiability;0;1;2;Extern (Intentional);Unknown;Weak;Unknown;Network;HIBP;1;0;0
hibp-2025-07-04-CanadaGoose-canadagoose.com-Canada Goose;CanadaGoose;"In February 2026, a data breach allegedly containing data relating to Canada Goose customers was published publicly. The data contained 920k records with 582k unique email addresses and included names, phone numbers, IP addresses, physical addresses and partial credit card data, specifically card type and last 4 digits. Canada Goose advised that the data ""appears to relate to past customer transactions"" and stated that it originated from a breach at a third party in August 2025. The most recent transaction date in the data is July 2025.";04.07.25 00:00;Non-EU;Linkability, Identifiability, Detectability;0;2;0;Extern (Intentional);Drive-by Compromise;Unknown;Profit-Oriented;Network;HIBP;1;0;0
hibp-2024-02-12-DoxbinTOoDA-doxbin.com-Doxbin (TOoDA);DoxbinTOoDA;"In February 2025, the ""doxing"" website Doxbin was compromised by a group calling themselves ""TOoDA"" and the data dumped publicly. Included in the breach were 336k unique email addresses alongside usernames.";12.02.24 00:00;Non-EU;Linkability, Identifiability;0;1;2;Unknown;Unknown;Unknown;Unknown;Network;HIBP;1;0;0
hibp-2025-01-24-DoxbinScrape-doxbin.com-Doxbin Scrape;DoxbinScrape;"In January 2025, 435k email addresses were scraped from the ""doxing"" service Doxbin. Posts to the service are usually intended to disclose the personal information of non-consensually third parties.";24.01.25 00:00;Non-EU;No Label;0;1;2;Unknown;Unknown;Unknown;Unknown;Network;HIBP;1;0;0
hibp-2020-12-19-DriveSure-drivesure.com-DriveSure;DriveSure;In December 2020, the car dealership service provider DriveSure suffered a data breach. The incident resulted in 26GB of data being downloaded and later shared on a hacking forum. Impacted personal information included 3.6 million unique email addresses, names, phone numbers and physical addresses. Vehicle data was also exposed and included makes, models, VIN numbers and odometer readings. A small number of passwords stored as bcrypt hashes were also included in the data set.;19.12.20 00:00;Non-EU;Linkability, Identifiability;0;2;0;Extern (Intentional);Unknown;Strong;Unknown;Network;HIBP;1;0;1
hibp-2020-07-02-Drizly-drizly.com-Drizly;Drizly;In approximately July 2020, the US-based online alcohol delivery service Drizly suffered a data breach. The data was sold online before being extensively redistributed and contained 2.5 million unique email addresses alongside names, physical and IP addresses, phone numbers, dates of birth and passwords stored as bcrypt hashes. The data was provided to HIBP by dehashed.com.;02.07.20 00:00;Non-EU;Linkability, Identifiability, Detectability;0;2;0;Extern (Intentional);Unknown;Strong;Profit-Oriented;Network;HIBP;1;0;1
hibp-2018-12-01-Dubsmash-dubsmash.com-Dubsmash;Dubsmash;In December 2018, the video messaging service Dubsmash suffered a data breach. The incident exposed 162 million unique email addresses alongside usernames and PBKDF2 password hashes. In 2019, the data appeared listed for sale on a dark web marketplace (along with several other large breaches) and subsequently began circulating more broadly.;01.12.18 00:00;Non-EU;Linkability, Identifiability;0;2;0;Extern (Intentional);Unknown;Strong;Unknown;Network;HIBP;1;0;1
hibp-2021-01-29-DucksUnlimited-ducks.org-Ducks Unlimited;DucksUnlimited;In mid-2021, Risk Based Security reported on a database sourced from Ducks Unlimited being traded online. The data dated back to January 2021 and contained 1.3M unique email addresses across both a membership list and a list of website users. Impacted data included names, phones numbers, physical addresses, dates of birth and passwords stored as unsalted MD5 hashes.;29.01.21 00:00;Non-EU;Linkability, Identifiability;0;2;0;Unknown;Unknown;Strong;Unknown;Software, Services, Systems;HIBP;1;0;1
hibp-2020-06-19-Dunzo-dunzo.com-Dunzo;Dunzo;In approximately June 2019, the Indian delivery service Dunzo suffered a data breach. Exposing 3.5 million unique email addresses, the Dunzo breach also included names, phone numbers and IP addresses which were all broadly distributed online via a hacking forum. The data was provided to HIBP by dehashed.com.;19.06.20 00:00;Non-EU;Linkability, Identifiability, Detectability;0;2;0;Extern (Intentional);Unknown;Unknown;Unknown;Network;HIBP;1;0;0
hibp-2023-01-24-Duolingo-duolingo.com-Duolingo;Duolingo;In August 2023, 2.6M records of data scraped from Duolingo were broadly distributed on a popular hacking forum. Obtained by enumerating a vulnerable API, the data had earlier appeared for sale in January 2023 and contained email addresses, names, the languages being learned, XP (experience points), and other data related to learning progress on Duolingo. Whilst some of the data attributes are intentionally public, the ability to map private email addresses to them presents an ongoing risk to user privacy.;24.01.23 00:00;Non-EU;Linkability, Identifiability;0;1;0;Unknown;Unknown;Unknown;Unknown;Software, Services, Systems;HIBP;1;0;0
hibp-2023-06-20-Dymocks-dymocks.com.au-Dymocks;Dymocks;In September 2023, the Australian book retailer Dymocks announced a data breach. The data dated back to June 2023 and contained 1.2M records with 836k unique email addresses. The breach also exposed names, dates of birth, genders, phone numbers and physical addresses.;20.06.23 00:00;Non-EU;Linkability, Identifiability;0;2;0;Extern (Intentional);Unknown;Unknown;Unknown;Network;HIBP;1;0;0
hibp-2024-10-16-Earth2-earth2.io-Earth 2;Earth2;In October 2024, 421k unique email addresses from the virtual earth game Earth 2 were derived from embedded Gravatar images. Appearing alongside player usernames, the root cause was related to how Gravatar presents links to avatars as MD5 hashes within consuming services, a feature Earth 2 advised has now been disabled on their platform. This incident did not expose any further personal information, passwords or financial data.;16.10.24 00:00;Non-EU;Linkability, Identifiability;0;1;0;Unknown;Unknown;Weak;Unknown;Unknown;HIBP;1;0;1
hibp-2018-10-16-Eatigo-eatigo.com-Eatigo;Eatigo;In October 2018, the restaurant reservation service Eatigo suffered a data breach that exposed 2.8 million accounts. The data included email addresses, names, phone numbers, social media profiles, genders and passwords stored as unsalted MD5 hashes.;16.10.18 00:00;Non-EU;Linkability, Identifiability;0;2;0;Extern (Intentional);Unknown;Strong;Unknown;Network;HIBP;1;0;1
hibp-2019-05-03-EatStreet-eatstreet.com-EatStreet;EatStreet;In May 2019, the online food ordering service EatStreet suffered a data breach affecting 6.4 million customers. An extensive amount of personal data was obtained including names, phone numbers, addresses, partial credit card data and passwords stored as bcrypt hashes.;03.05.19 00:00;Non-EU;Linkability, Identifiability;0;2;0;Extern (Intentional);Unknown;Strong;Profit-Oriented;Network;HIBP;1;0;1
hibp-2021-07-01-ECCIE-eccie.net-ECCIE;ECCIE;In January 2021, the adult escort forum ECCIE suffered a data breach which was later posted to a popular hacking forum. The data included 536k user records with email and IP addresses, usernames, dates of birth and salted MD5 password hashes.;01.07.21 00:00;Non-EU;Linkability, Identifiability, Non-compliance;0;1;2;Extern (Intentional);Unknown;Strong;Unknown;Network;HIBP;1;0;1
hibp-2018-10-29-ElasticsearchSalesLeads--Elasticsearch Instance of Sales Leads on AWS;ElasticsearchSalesLeads;"In October 2018, security researcher Bob Diachenko identified multiple exposed databases with hundreds of millions of records. One of those datasets was an Elasticsearch instance on AWS containing sales lead data and 5.8M unique email addresses. The data contained information relating to individuals and the companies they worked for including their names, email addresses and company name and contact information. Despite best efforts, it was not possible to identify the owner of the data hence this breach as been titled ""Elasticsearch Sales Leads"".";29.10.18 00:00;Non-EU;Linkability, Identifiability;0;2;0;Unknown;Unknown;;Unknown;Software, Services, Systems;HIBP;1;0;0
hibp-2021-01-27-Emotet--Emotet;Emotet;In January 2021, the FBI in partnership with the Dutch NHTCU, German BKA and other international law enforcement agencies brought down the world's most dangerous malware: Emotet. The agencies obtained data collected by the malware and provided impacted email addresses to HIBP so that impacted individuals and domain owners could assess their exposure. Read more about the takedown and recommended actions.;27.01.21 00:00;Non-EU;Linkability;2;1;2;Extern (Intentional);Unknown;Unknown;Unknown;Network;HIBP;1;0;0
hibp-2024-03-23-ECB-ecb.co.uk-England Cricket;ECB;In March 2024, English Cricket's icoachcricket website suffered a data breach that exposed over 40k records. The data included email addresses and passwords stored as either bcrypt hashes, salted MD5 hashes or both.;23.03.24 00:00;Non-EU;Linkability;0;1;0;Extern (Intentional);Unknown;Strong;Unknown;Network;HIBP;1;0;1
hibp-2022-04-15-EPal-epal.gg-E-Pal;EPal;In October 2022, the service dedicated to finding friends on Discord known as E-Pal disclosed a data breach. The compromised data included over 100k unique email addresses and usernames spanning approximately 1M orders. The data was subsequently distributed via a popular hacking forum.;15.04.22 00:00;Non-EU;Linkability, Identifiability;0;1;0;Extern (Intentional);Drive-by Compromise;Unknown;Unknown;Network;HIBP;1;0;0
hibp-2019-09-01-EpicBot-epicbot.com-EpicBot;EpicBot;In September 2019, the RuneScape bot provider EpicBot suffered a data breach that impacted 817k subscribers. Data from the breach was subsequently shared on a popular hacking forum and included usernames, email and IP addresses and passwords stored as either salted MD5 or bcrypt hashes. EpicBot did not respond when contacted about the incident.;01.09.19 00:00;Non-EU;Linkability, Identifiability;0;1;0;Extern (Intentional);Unknown;Strong;Unknown;Network;HIBP;1;0;1
hibp-2021-09-13-Epik-epik.com-Epik;Epik;In September 2021, the domain registrar and web host Epik suffered a significant data breach, allegedly in retaliation for hosting alt-right websites. The breach exposed a huge volume of data not just of Epik customers, but also scraped WHOIS records belonging to individuals and organisations who were not Epik customers. The data included over 15 million unique email addresses (including anonymised versions for domain privacy), names, phone numbers, physical addresses, purchases and passwords stored in various formats.;13.09.21 00:00;Non-EU;Linkability, Identifiability;0;2;0;Extern (Intentional);Drive-by Compromise;Unknown;Unknown;Network;HIBP;1;0;0
hibp-2020-09-25-Eskimi-eskimi.com-Eskimi;Eskimi;In late 2020, the AdTech platform Eskimi suffered a data breach that exposed 26M records with 1.2M unique email addresses. The data included usernames, dates of birth, genders and passwords stored as unsalted MD5 hashes.;25.09.20 00:00;Non-EU;Linkability, Identifiability;0;1;0;Extern (Intentional);Unknown;Strong;Unknown;Network;HIBP;1;0;1
hibp-2019-02-28-EstanteVirtual-estantevirtual.com.br-Estante Virtual;EstanteVirtual;In February 2019, the Brazilian book store Estante Virtual suffered a data breach that impacted 5.4M customers. The exposed data included names, usernames, email and physical addresses, phone numbers, dates of birth and unsalted SHA-1 password hashes.;28.02.19 00:00;Non-EU;Linkability, Identifiability;0;2;0;Extern (Intentional);Unknown;Weak;Unknown;Network;HIBP;1;0;1
hibp-2018-06-07-Estonia--Estonian Citizens (via Estonian Cybercrime Bureau);Estonia;In June 2018, the Cybercrime Bureau of the Estonian Central Criminal Police contacted HIBP and asked for assistance in making a data set of 655k email addresses searchable. The Estonian police suspected the email addresses and passwords they obtained were being used to access mailboxes, cryptocurrency exchanges, cloud service accounts and other similar online assets. They've requested that individuals who find themselves in the data set and also identify that cryptocurrency has been stolen contact them at cybercrime@politsei.ee.;07.06.18 00:00;Non-EU;Linkability;2;1;0;Extern (Intentional);Valid Accounts;Unknown;Unknown;Network;HIBP;1;0;0
hibp-2025-11-13-Eurofiber-eurofiber.com-Eurofiber;Eurofiber;In November 2025, Eurofiber France disclosed a data breach of its ticket management platform. Data containing 10k unique email addresses and a smaller number of names and phone numbers was subsequently leaked. A threat actor claiming responsibility for the breach alleges to have additional, more sensitive data including screenshots, VPN configuration files, credentials, source code, certificates, archives, and SQL backup files.;13.11.25 00:00;Non-EU;Linkability, Identifiability;0;2;0;Extern (Intentional);Unknown;Unknown;Unknown;Network;HIBP;1;0;0
hibp-2019-08-11-EuropaJobs-europa.jobs-europa.jobs;EuropaJobs;In August 2019, the now defunct European jobs website europa.jobs (Google cache link) suffered a data breach. The incident exposed 226k unique email addresses alongside extensive personal information including names, dates of birth, job applications and passwords. The data was subsequently redistributed on a popular hacking forum.;11.08.19 00:00;Non-EU;Linkability, Identifiability;0;2;0;Extern (Intentional);Unknown;Unknown;Challenge/Fun;Software, Services, Systems;HIBP;1;0;0
hibp-2019-03-23-EverybodyEdits-everybodyedits.com-Everybody Edits;EverybodyEdits;In March 2019, the multiplayer platform game Everybody Edits suffered a data breach. The incident exposed 871k unique email addresses alongside usernames and IP addresses. The data was subsequently distributed online across a collection of files.;23.03.19 00:00;Non-EU;Linkability, Identifiability;0;1;0;Extern (Intentional);Unknown;Unknown;Unknown;Network;HIBP;1;0;0
hibp-2018-06-01-Exactis-exactis.com-Exactis;Exactis;"In June 2018, the marketing firm Exactis inadvertently publicly leaked 340 million records of personal data. Security researcher Vinny Troia of Night Lion Security discovered the leak contained multiple terabytes of personal information spread across hundreds of separate fields including addresses, phone numbers, family structures and extensive profiling data. The data was collected as part of Exactis' service as a ""compiler and aggregator of premium business & consumer data"" which they then sell for profiling and marketing purposes. A small subset of the exposed fields were provided to Have I Been Pwned and contained 132 million unique email addresses.";01.06.18 00:00;Non-EU;Linkability, Identifiability;0;2;0;Unknown;Unknown;Unknown;Unknown;Software, Services, Systems;HIBP;1;0;0
hibp-2020-08-19-Experian2020--Experian (South Africa);Experian2020;In August 2020, Experian South Africa suffered a data breach which exposed the personal information of tens of millions of individuals. Only 1.3M of the records contained email addresses, whilst most contained government issued identity numbers, names, addresses, occupations and employers, amongst other person information.;19.08.20 00:00;Non-EU;Linkability, Identifiability;0;2;0;Extern (Intentional);Unknown;Unknown;Unknown;Software, Services, Systems;HIBP;1;0;0
hibp-2024-08-15-ExploreTalentAug2024-exploretalent.com-Explore Talent (August 2024);ExploreTalentAug2024;In August 2024, a slew of security vulnerabilities were identified with a conglomerate of online services which included the talent network Explore Talent. A vulnerable API exposed the personal records of 11.4M users of the service of which 8.9M unique email addresses were provided to HIBP. This incident is separate to the Explore Talent breach which occurred in 2022 and was loaded into HIBP in July 2024.;15.08.24 00:00;Non-EU;No Label;0;1;0;Unknown;Unknown;Unknown;Unknown;Software, Services, Systems;HIBP;1;0;0
hibp-2022-02-28-ExploreTalent-exploretalent.com-Explore Talent (July 2024);ExploreTalent;In July 2024, a data breach attributed to Explore Talent was publicly posted to a popular hacking forum. Containing 5.7M rows with 5.4M unique email addresses, the incident has been described by various sources as occurring between early 2022 to 2023 and also contains names, phone numbers and physical addresses.;28.02.22 00:00;Non-EU;Linkability, Identifiability;0;2;0;Extern (Intentional);Unknown;Unknown;Unknown;Network;HIBP;1;0;0
hibp-2022-07-21-Exvagos-exvagos.org-Exvagos;Exvagos;In July 2022, the direct download website Exvagos suffered a data breach that was later redistributed as part of a larger corpus of data. The breach exposed 2.1M unique email addresses along with IP addresses, usernames, dates of birth and MD5 password hashes.;21.07.22 00:00;Non-EU;Linkability, Identifiability;0;1;0;Extern (Intentional);Unknown;Weak;Unknown;Network;HIBP;1;0;0
hibp-2023-01-25-Eye4Fraud-eye4fraud.com-Eye4Fraud;Eye4Fraud;In February 2023, data alleged to have been taken from the fraud protection service Eye4Fraud was listed for sale on a popular hacking forum. Spanning tens of millions of rows with 16M unique email addresses, the data was spread across 147 tables totalling 65GB and included both direct users of the service and what appears to be individuals who'd placed orders on other services that implemented Eye4Fraud to protect their sales. The data included names and bcrypt password hashes for users, and names, phone numbers, physical addresses and partial credit card data (card type and last 4 digits) for orders placed using the service. Eye4Fraud did not respond to multiple attempts to report the incident.;25.01.23 00:00;Non-EU;Linkability, Identifiability;0;2;0;Unknown;Unknown;Strong;Profit-Oriented;Network;HIBP;1;0;0
hibp-2019-08-01-Facebook-facebook.com-Facebook;Facebook;"In April 2021, a large data set of over 500 million Facebook users was made freely available for download. Encompassing approximately 20% of Facebook's subscribers, the data was allegedly obtained by exploiting a vulnerability Facebook advises they rectified in August 2019. The primary value of the data is the association of phone numbers to identities; whilst each record included phone, only 2.5 million contained an email address. Most records contained names and genders with many also including dates of birth, location, relationship status and employer.";01.08.19 00:00;Non-EU;Linkability, Identifiability;0;2;0;Extern (Intentional);Unknown;Unknown;Unknown;Network;HIBP;1;0;0
hibp-2023-10-01-FacebookMarketplace-facebook.com-Facebook Marketplace;FacebookMarketplace;In February 2024, 200k Facebook Marketplace records allegedly obtained from a Meta contractor in October 2023 were posted to a popular hacking forum. The data contained 77k unique email addresses alongside names, phone numbers, Facebook profile IDs and geographic locations. The data also contained bcrypt password hashes, although there is no indication these belong to the corresponding Facebook accounts.;01.10.23 00:00;Non-EU;Linkability, Identifiability;0;2;0;Unknown;Unknown;Strong;Unknown;Network;HIBP;1;0;0
hibp-2024-03-02-FairVoteCanada-fairvote.ca-Fair Vote Canada;FairVoteCanada;"In March 2024, the Canadian national citizens' campaign for proportional representation Fair Vote Canada suffered a data breach. The incident was attributed to ""a well-meaning volunteer"" who inadvertently exposed data from 2020 which included 134k unique email addresses, names, physical addresses, phone numbers and, for some individuals, date and amount of a donation.";02.03.24 00:00;Non-EU;Linkability, Identifiability;0;2;0;Extern (Intentional);Unknown;;Unknown;Network;HIBP;1;0;0
hibp-2020-10-08-Famm-famm.us-Famm;Famm;In late 2020, the Japanese family photos website Famm suffered a data breach that subsequently exposed 1.3M customer records, including 535k unique email addresses. Impacted data also included names, dates of birth, genders and passwords stored as SHA-256 hashes.;08.10.20 00:00;Non-EU;Linkability, Identifiability;0;1;0;Extern (Intentional);Unknown;Strong;Unknown;Network;HIBP;1;0;1
hibp-2022-04-30-Fanpass-fanpass.co.uk-Fanpass;Fanpass;In April 2022, the UK based website for buying and selling soccer tickets Fanpass suffered a data breach which exposed 112k customer records. Impacted data includes names, phone numbers, physical addresses, purchase histories and salted password hashes.;30.04.22 00:00;Non-EU;Linkability, Identifiability;0;2;0;Extern (Intentional);Unknown;Weak;Unknown;Network;HIBP;1;0;0
hibp-2021-10-02-FantasyFootballHub-fantasyfootballhub.co.uk-Fantasy Football Hub;FantasyFootballHub;In October 2021, the fantasy premier league (soccer) website Fantasy Football Hub suffered a data breach that exposed 66 thousand unique email addresses. The data included names, usernames, IP addresses, transactions and passwords stored as WordPress MD5 hashes.;02.10.21 00:00;Non-EU;Linkability, Identifiability;0;2;0;Extern (Intentional);Unknown;Weak;Unknown;Network;HIBP;1;0;1
hibp-2018-07-09-WhiteRoom-fashionnexus.co.uk-Fashion Nexus;WhiteRoom;"In July 2018, UK-based ecommerce company Fashion Nexus suffered a data breach which exposed 1.4 million records. Multiple websites developed by sister company White Room Solutions were impacted in the breach amongst which were sites including Jaded London and AX Paris. The various sites exposed in the incident included a range of different data types including names, phone numbers, addresses and passwords stored as a mix of salted MD5 and SHA-1 as well as unsalted MD5 passwords. When asked by reporter Graham Cluley if a public statement on the incident was available, a one-word response of ""No"" was received.";09.07.18 00:00;Non-EU;Linkability, Identifiability;0;2;0;Extern (Intentional);Unknown;Strong;Unknown;Network;HIBP;1;0;1
hibp-2023-07-06-FFR-ffr.fr-Fédération Francaise de Rugby;FFR;In June 2023, the Fédération Francaise de Rugby (French Rugby Federation) suffered a data breach and attempted ransom. The breach exposed 282k unique email addresses along with names, dates of birth and phone numbers. The Federation subsequently published a disclosure notice and stated that the attack primarily affected email servers.;06.07.23 00:00;EU;Linkability, Identifiability;0;2;0;Extern (Intentional);Unknown;Unknown;Profit-Oriented;Hardware;HIBP;1;0;0
hibp-2026-01-28-Figure-figure.com-Figure;Figure;In February 2026, data obtained from the fintech lending platform Figure was publicly posted online. The exposed data, dating back to January 2026, contained over 900k unique email addresses along with names, phone numbers, physical addresses and dates of birth. Figure confirmed the incident and attributed it to a social engineering attack in which an employee was tricked into providing access.;28.01.26 00:00;Non-EU;Linkability, Identifiability;0;2;0;Unknown;Phishing;;Unknown;Network;HIBP;1;0;0
hibp-2024-08-10-ChrisLeong-chrisleong.com-Chris Leong;ChrisLeong;"In August 2024, the website of Master Chris Leong ""a leading Tit Tar practitioner in Malaysia"" suffered a data breach. The incident exposed 27k unique email addresses along with names, physical addresses, dates of birth, genders, nationalities and in many cases, links to Facebook profiles. The company did not respond when contacted about the breach.";10.08.24 00:00;Non-EU;Linkability, Identifiability;0;2;0;Extern (Intentional);Unknown;Unknown;Unknown;Network;HIBP;1;0;0
hibp-2024-10-15-Finsure-finsure.com.au-Finsure;Finsure;In October 2024, almost 300k unique email addresses from Australian mortgage broking group Finsure were obtained from the ActivePipe real estate marketing platform. The impacted data also included names, phone numbers and physical addresses. The incident did not directly affect any of Finsure's systems or expose any passwords or financial data.;15.10.24 00:00;Non-EU;Linkability, Identifiability;0;2;0;Unknown;Unknown;Unknown;Unknown;Unknown;HIBP;1;0;0
hibp-2021-10-01-Fitmart-fitmart.de-Fitmart;Fitmart;"In October 2021, data from the German fitness supplies store Fitmart was obtained and later redistributed online. The data included 214k unique email addresses accompanied by plain text passwords, allegedly ""dehashed"" from the original stored version.";01.10.21 00:00;EU;Linkability;0;1;0;Unknown;Drive-by Compromise;;Unknown;Network;HIBP;1;0;1
hibp-2019-07-16-FlashFlashRevolution2019-flashflashrevolution.com-Flash Flash Revolution (2019 breach);FlashFlashRevolution2019;In July 2019, the music-based rhythm game Flash Flash Revolution suffered a data breach. The 2019 breach imapcted almost 1.9 million members and is in addition to the 2016 data breach of the same service. Email and IP addesses, usernames, dates of birth and salted MD5 hashes were all exposed in the breach. The data was provided with support from dehashed.com.;16.07.19 00:00;Non-EU;Linkability, Identifiability;0;1;0;Extern (Intentional);Unknown;Strong;Unknown;Network;HIBP;1;0;1
hibp-2024-10-15-FlatEarthDave-flatearthdave.com-Flat Earth Sun, Moon and Zodiac App;FlatEarthDave;In October 2024, the flat earth sun, moon and zodiac app created by Flat Earth Dave was found to be leaking extensive personal information of its users. The data included 33k unique email addresses along with usernames, latitudes and longitudes (their position on the globe) and passwords stored in plain text. A small number of profiles also contained names, dates of birth and genders.;15.10.24 00:00;Non-EU;Linkability, Identifiability;0;1;0;Unknown;Unknown;;Unknown;Network;HIBP;1;0;0
hibp-2021-12-23-FlexBooker-flexbooker.com-FlexBooker;FlexBooker;In December 2021, the online booking service FlexBooker suffered a data breach that exposed 3.7 million accounts. The data included email addresses, names, phone numbers and for a small number of accounts, password hashes and partial credit card data. FlexBooker has identified the breach as originating from a compromised account within their AWS infrastructure. The data was found being actively traded on a popular hacking forum.;23.12.21 00:00;Non-EU;Linkability, Identifiability;0;2;0;Extern (Intentional);Drive-by Compromise;Weak;Profit-Oriented;Network;HIBP;1;0;0
hibp-2024-11-18-FlipaClip-flipaclip.com-FlipaClip;FlipaClip;In November 2024, the animation app FlipaClip suffered a data breach that exposed almost 900k records due to an exposed Firebase server. The impacted data included name, email address, country and date of birth. FlipaClip advised the issue has since been rectified.;18.11.24 00:00;Non-EU;Linkability, Identifiability;0;1;0;Extern (Intentional);Unknown;Unknown;Unknown;Hardware;HIBP;0;0;0
hibp-2024-07-04-RobloxDeveloperConference2024-fntech.com-FNTECH;RobloxDeveloperConference2024;In July 2024, the events management platform FNTECH suffered a data breach that exposed 10k unique email addresses. The data contained registrants from various events, including participants of the Roblox Developer Conference registration list. The data also included names and IP addresses.;04.07.24 00:00;Non-EU;Linkability, Identifiability;0;2;0;Extern (Intentional);Unknown;Unknown;Unknown;Network;HIBP;1;0;0
hibp-2018-12-01-Fotolog-fotolog.com-Fotolog;Fotolog;In December 2018, the photo sharing social network Fotolog suffered a data breach that exposed 16.7 million unique email addresses. The data also included usernames and unsalted SHA-256 password hashes. The site was dissolved the following year and repurposed as a news website based in Brcko, Bosnia and Herzegovina.;01.12.18 00:00;Non-EU;Linkability, Identifiability;0;1;0;Extern (Intentional);Unknown;Strong;Challenge/Fun;Network;HIBP;1;0;1
hibp-2025-01-16-FrameAndOptic-frameandoptic.com-Frame & Optic;FrameAndOptic;In January 2025, the eyewear seller Frame & Optic suffered a data breach. The incident exposed almost 16k unique email addresses along with names, phone numbers and geolocation data including country, state and postcode.;16.01.25 00:00;Non-EU;Linkability, Identifiability;0;2;0;Extern (Intentional);Unknown;Unknown;Unknown;Network;HIBP;1;0;0
hibp-2024-10-17-FreeMobile-free.fr-Free;FreeMobile;"In October 2024, French ISP ""Free"" suffered a data breach which was subsequently posted for sale and later, leaked publicly. The data included 14M unique email addresses along with names, physical addresses, phone numbers, genders, dates of birth and for many records, IBAN bank account numbers. Free advised that the numbers were ""not enough to make a direct debit from a bank"".";17.10.24 00:00;EU;Linkability, Identifiability;0;2;0;Extern (Intentional);Unknown;Unknown;Unknown;Network;HIBP;1;0;0
hibp-2024-09-25-FrenchCitizens--French Citizens;FrenchCitizens;In September 2024, over 90M rows of data on French Citizens was found left exposed in a publicly facing database. Compiled from various data breaches, the corpus contained 28M unique email addresses with the various source breaches each exposing different fields including name, physical and IP address, phone number and partial credit card data including payment type and last 4 digits.;25.09.24 00:00;Non-EU;Linkability, Identifiability, Detectability;0;2;0;Extern (Intentional);Unknown;Unknown;Profit-Oriented;Software, Services, Systems;HIBP;1;0;0
hibp-2021-02-26-Gab-gab.com-Gab;Gab;In February 2021, the alt-tech social network service Gab suffered a data breach. The incident exposed almost 70GB of data including 4M user accounts, a small number of private chat logs and a list of public groups and public posts made to the service. Only a small number of accounts included email addresses and / or passwords stored as bcrypt hashes with a total of 66.5k unique email addresses being exposed across the corpus of data.;26.02.21 00:00;Non-EU;Linkability, Identifiability, Disclosure of information, Non-compliance;0;1;1;Extern (Intentional);Unknown;Strong;Unknown;Network;HIBP;1;0;1
hibp-2020-09-21-GamesBox-gamesbox.com-Games Box;GamesBox;In September 2020, now defunct website Games Box suffered a data breach that was later redistributed as part of a larger corpus of data. The impacted data included 1.4M email addresses alongside usernames, genders, ages and passwords stored as either a hash or plain text.;21.09.20 00:00;Non-EU;Linkability, Identifiability;0;1;0;Extern (Intentional);Unknown;;Challenge/Fun;Network;HIBP;1;0;0
hibp-2019-02-24-GameSalad-gamesalad.com-GameSalad;GameSalad;In February 2019, the education and game creation website Game Salad suffered a data breach. The incident impacted 1.5M accounts and exposed email addresses, usernames, IP addresses and passwords stored as SHA-256 hashes.;24.02.19 00:00;Non-EU;Linkability, Identifiability;0;1;0;Extern (Intentional);Unknown;Strong;Unknown;Network;HIBP;1;0;1
hibp-2019-12-17-GameSprite-gamesprite.me-GameSprite;GameSprite;In December 2019, the now defunct gaming platform GameSprite suffered a data breach that exposed over 6M unique email addresses. The impacted data also included usernames, IP addresses and salted MD5 password hashes.;17.12.19 00:00;Non-EU;Linkability, Identifiability;0;1;0;Extern (Intentional);Unknown;Strong;Challenge/Fun;Network;HIBP;1;0;1
hibp-2020-12-02-GamingMonk-gamingmonk.com-GamingMonk;GamingMonk;"In December 2020, India's ""largest esports community"" GamingMonk (since acquired by and redirected to MPL Esports), suffered a data breach. The incident exposed 655k unique email addresses along with names, usernames, phone numbers, dates of birth and bcrypt password hashes.";02.12.20 00:00;Non-EU;Linkability, Identifiability;0;2;0;Extern (Intentional);Content Injection;Strong;Unknown;Network;HIBP;1;0;0
hibp-2019-06-04-GateHub-gatehub.net-GateHub;GateHub;In October 2019, 1.4M accounts from the cryptocurrency wallet service GateHub were posted to a popular hacking forum. GateHub had previously acknowledged a data breach in June, albeit with a smaller number of impacted accounts. Data from the breach included email addresses, mnemonic phrases, encrypted master keys, encrypted recovery keys and passwords stored as bcrypt hashes.;04.06.19 00:00;Non-EU;Linkability, Identifiability, Detectability;0;1;0;Extern (Intentional);Unknown;Strong;Unknown;Network;HIBP;1;0;1
hibp-2022-12-13-Gemini-gemini.com-Gemini;Gemini;In late 2022, a hacker posted a data set to a public hacking forum which they alleged was sourced from the Gemini crypto exchange, a claim that was later proven to be false as the data was traced back to an incident at a third-party vendor. The source of the breach was later established as being Twilio, who processed the data of some Gemini customers using their Authy service for 2FA. Twilio described the incident as stemming from a sophisticated social engineering attack designed to steal employee credentials.;13.12.22 00:00;Non-EU;Linkability;0;1;0;Extern (Intentional);Phishing;Unknown;Unknown;Network;HIBP;0;0;0
hibp-2021-02-18-Gemplex-gemplex.tv-Gemplex;Gemplex;In February 2021, the Indian streaming platform Gemplex suffered a data breach that exposed 4.6M user accounts. The impacted data included device information, names, phone numbers, email addresses and bcrypt password hashes.;18.02.21 00:00;Non-EU;Linkability, Identifiability, Detectability;0;2;0;Extern (Intentional);Unknown;Strong;Unknown;Unknown;HIBP;1;0;0
hibp-2023-04-05-GenesisMarket-genesis.market-Genesis Market;GenesisMarket;"In April 2023, the stolen identity marketplace Genesis Market was shut down by the FBI and a coalition of law enforcement agencies across the globe in ""Operation Cookie Monster"". The service traded in ""browser fingerprints"" which enabled criminals to impersonate victims and access their online services. As many of the impacted accounts did not include email addresses, ""8M"" is merely an approximation intended to indicate scale. Other personal data compromised by the service included names, addresses and credit card information, although not all individuals had each of these fields exposed.";05.04.23 00:00;Non-EU;Linkability, Identifiability, Disclosure of information, Non-compliance;2;2;2;Extern (Intentional);Unknown;Unknown;Profit-Oriented;Network;HIBP;1;0;1
hibp-2020-10-02-GeniusU-geniusu.com-GeniusU;GeniusU;"In November 2020, a collection of data breaches were made public including the ""Entrepreneur Success Platform"", GeniusU. Dating back to the previous month, the data included 1.3M names, email and IP addresses, genders, links to social media profiles and passwords stored as bcrypt hashes. The data was provided to HIBP by dehashed.com.";02.10.20 00:00;Non-EU;Linkability, Identifiability;0;2;0;Extern (Intentional);Unknown;Strong;Unknown;Software, Services, Systems;HIBP;1;0;1
hibp-2025-03-27-GermanDonerKebab-germandonerkebab.com-German Doner Kebab;GermanDonerKebab;In March 2025, data allegedly sourced from German Doner Kebab was published on a popular hacking forum. The data included 162k unique email addresses alongside names, phone numbers and physical addresses. German Doner Kebab subsequently sent a disclosure notice to impacted individuals.;27.03.25 00:00;Non-EU;Linkability, Identifiability;0;2;0;Unknown;Unknown;Unknown;Unknown;Network;HIBP;1;0;0
hibp-2022-09-09-GetRevengeOnYourEx-getrevengeonyourex.com-Get Revenge On Your Ex;GetRevengeOnYourEx;In September 2022, the revenge website Get Revenge On Your Ex suffered a data breach that exposed almost 80k unique email addresses. The data spanned both customers and victims including names, IP and physical addresses, phone numbers, purchase histories and plain text passwords. The data was subsequently shared on a public hacking forum, Get Revenge On Your Ex did not reply when contacted.;09.09.22 00:00;Non-EU;Linkability, Identifiability, Disclosure of information, Non-compliance;0;2;2;Extern (Intentional);Unknown;;Unknown;Network;HIBP;1;0;1
hibp-2022-08-11-GGCorp-ggcorp.me-GGCorp;GGCorp;In August 2022, the MMORPG website GGCorp suffered a data breach that exposed almost 2.4M unique email addresses. The data also included IP addresses, usernames and MD5 password hashes.;11.08.22 00:00;Non-EU;Linkability, Identifiability;0;1;0;Extern (Intentional);Unknown;Weak;Unknown;Network;HIBP;1;0;0
hibp-2024-03-04-GiantTiger-gianttiger.com-Giant Tiger;GiantTiger;In March 2024, Canadian discount store Giant Tiger suffered a data breach that exposed 2.8M customer records. Attributed to a vendor of the retailer, the breach included physical and email addresses, names and phone numbers.;04.03.24 00:00;Non-EU;Linkability, Identifiability;0;2;0;Extern (Intentional);Unknown;Unknown;Unknown;Network;HIBP;1;0;0
hibp-2025-08-09-Giglio-giglio.com-Giglio;Giglio;In August 2025, over 1M unique email addresses appeared in a breach allegedly obtained from Italian fashion designer Giglio. The data also included names, phone numbers and physical addresses. Giglio did not respond to repeated attempts to disclose the incident.;09.08.25 00:00;Non-EU;Linkability, Identifiability;0;2;0;Unknown;Unknown;Unknown;Unknown;Unknown;HIBP;1;0;0
hibp-2022-02-07-GiveSendGo-givesendgo.com-GiveSendGo;GiveSendGo;"In February 2022, the Christian fundraising service GiveSendGo suffered a data breach which exposed the personal data of 90k donors to the Canadian ""Freedom Convoy"" protest against vaccine mandates. The breach exposed names, email addresses, post codes, donation amount and comments left at the time of donation.";07.02.22 00:00;Non-EU;Linkability, Identifiability;0;1;0;Extern (Intentional);Unknown;Unknown;Challenge/Fun;Network;HIBP;1;0;0
hibp-2023-12-16-GLAMIRA-glamira.com-GLAMIRA;GLAMIRA;"In late 2023, the online jewellery store GLAMIRA suffered a data breach they attributed to ""an unauthorised individual [who] briefly accessed one of our servers"". The data was subsequently published on a popular hacking forum and included 875k email addresses, names, phone numbers and purchases.";16.12.23 00:00;Non-EU;Linkability, Identifiability;0;2;0;Extern (Intentional);Unknown;Unknown;Unknown;Hardware;HIBP;1;0;0
hibp-2020-03-27-Glofox-glofox.com-Glofox;Glofox;In March 2020, the Irish gym management software company Glofox suffered a data breach which exposed 2.3M membership records. The data included email addresses, names, phone numbers, genders, dates of birth and passwords stored as unsalted MD5 hashes.;27.03.20 00:00;Non-EU;Linkability, Identifiability;0;2;0;Extern (Intentional);Unknown;Strong;Unknown;Network;HIBP;1;0;1
hibp-2019-12-17-GoNinja-goninja.de-Go Ninja;GoNinja;In December 2019, the now defunct German gaming website Go Ninja suffered a data breach that exposed 5M unique email addresses. The impacted data included usernames, email and IP addresses and salted MD5 password hashes. More than 4M of the email addresses appeared to have been generated as opposed to organically provided by the user.;17.12.19 00:00;EU;Linkability, Identifiability;0;1;0;Extern (Intentional);Unknown;Strong;Challenge/Fun;Unknown;HIBP;1;0;1
hibp-2018-10-21-GoldSilver-goldsilver.com-GoldSilver;GoldSilver;"In October 2018, the bullion education and dealer services site GoldSilver suffered a data breach that exposed 243k unique email addresses spanning customers and mailing list subscribers. An extensive amount of personal information on customers was obtained including names, addresses, phone numbers, purchases and passwords and answers to security questions stored as MD5 hashes. In a small number of cases, passport, social security numbers and partial credit card data was also exposed. The data breach and source code belonging to GoldSilver was publicly posted on a dark web service where it remained months later. When notified about the incident, GoldSilver advised that ""all affected customers have been directly notified"".";21.10.18 00:00;Non-EU;Linkability, Identifiability;0;2;0;Extern (Intentional);Unknown;Weak;Profit-Oriented;Network;HIBP;1;0;1
hibp-2020-10-03-Gravatar-gravatar.com-Gravatar;Gravatar;In October 2020, a security researcher published a technique for scraping large volumes of data from Gravatar, the service for providing globally unique avatars . 167 million names, usernames and MD5 hashes of email addresses used to reference users' avatars were subsequently scraped and distributed within the hacking community. 114 million of the MD5 hashes were cracked and distributed alongside the source hash, thus disclosing the original email address and accompanying data. Following the impacted email addresses being searchable in HIBP, Gravatar release an FAQ detailing the incident.;03.10.20 00:00;Non-EU;Linkability, Identifiability;0;1;0;Unknown;Drive-by Compromise;Weak;Unknown;Software, Services, Systems;HIBP;1;0;1
hibp-2022-12-03-GunAuction-gunauction.com-GunAuction.com;GunAuction;In December 2022, the online firearms auction website GunAuction.com suffered a data breach which was later discovered left unprotected on the hacker's server. The data included over 565k user records with extensive personal data including email, IP and physical addresses, names, phone numbers, genders, years of birth, credit card type and passwords stored in plain text. The leaked identities could subsequently be matched to firearms listed for sale on the website.;03.12.22 00:00;Non-EU;Linkability, Identifiability;0;2;0;Extern (Intentional);Unknown;;Profit-Oriented;Hardware;HIBP;1;0;0
hibp-2021-01-12-GunsDotCom-guns.com-Guns.com;GunsDotCom;In January 2021, the firearms website guns.com suffered a data breach. The breach exposed 376k unique email addresses along with names, phone numbers, physical addresses, gun purchases, partial credit card data, dates of birth and passwords stored as bcrypt hashes.;12.01.21 00:00;Non-EU;Linkability, Identifiability, Disclosure of information, Non-compliance;0;2;2;Extern (Intentional);Unknown;Strong;Profit-Oriented;Network;HIBP;1;0;1
hibp-2021-07-17-Guntrader-guntrader.uk-Guntrader;Guntrader;In July 2021, the United Kingdom based website Guntrader suffered a data breach that exposed 112k unique email addresses. Extensive personal information was also exposed including names, phone numbers, geolocation data, IP addresses and various physical address attributes (cities for all users, complete addresses for some). Passwords stored as bcrypt hashes were also exposed.;17.07.21 00:00;Non-EU;Linkability, Identifiability;0;2;0;Extern (Intentional);Unknown;Strong;Unknown;Network;HIBP;1;0;1
hibp-2019-03-28-Hakko-hakko.com-Hakko Corporation;Hakko;In March 2019, the Japanese solder-related business Hakko Corporation suffered a data breach. The incident exposed almost 10k customer records including email and physical addresses, phone numbers, names, usernames, genders, dates of birth and plain text passwords.;28.03.19 00:00;Non-EU;Linkability, Identifiability;0;2;0;Extern (Intentional);Unknown;;Profit-Oriented;Network;HIBP;1;0;1
hibp-2023-12-17-Hathway-hathway.com-Hathway;Hathway;In December 2023, hundreds of gigabytes of data allegedly taken from Indian ISP and digital TV provider Hathway appeared on a popular hacking website. The incident exposed extensive personal information including 4.7M unique email addresses along with names, physical and IP addresses, phone numbers, password hashes and support ticket logs.;17.12.23 00:00;Non-EU;Linkability, Identifiability, Detectability;0;2;0;Extern (Intentional);Unknown;Weak;Unknown;Network;HIBP;1;0;0
hibp-2018-08-07-HauteLook-hautelook.com-HauteLook;HauteLook;In mid-2018, the fashion shopping site HauteLook was among a raft of sites that were breached and their data then sold in early-2019. The data included over 28 million unique email addresses alongside names, genders, dates of birth and passwords stored as bcrypt hashes. The data was provided to HIBP by dehashed.com.;07.08.18 00:00;Non-EU;Linkability, Identifiability;0;1;0;Unknown;Unknown;Strong;Profit-Oriented;Network;HIBP;1;0;1
hibp-2021-08-15-HaveFunTeaching-havefunteaching.com-Have Fun Teaching;HaveFunTeaching;In August 2021, the teaching resources website Have Fun Teaching suffered a data breach that leaked 80k WooCommerce transactions which were later posted to a popular hacking forum. The data contained 27k unique email addresses along with physical and IP addresses, names, payment methods and the item purchased. Have Fun Teaching is aware of the incident.;15.08.21 00:00;Non-EU;Linkability, Identifiability;0;2;0;Extern (Intentional);Unknown;Unknown;Challenge/Fun;Unknown;HIBP;1;0;0
hibp-2020-06-25-Havenly-havenly.com-Havenly;Havenly;In June 2020, the interior design website Havenly suffered a data breach which impacted almost 1.4 million members of the service. The exposed data included email addresses, names, phone numbers, geographic locations and passwords stored as SHA-1 hashes, all of which was subsequently shared extensively throughout online hacking communities. The data was provided to HIBP by dehashed.com.;25.06.20 00:00;Non-EU;Linkability, Identifiability;0;2;0;Extern (Intentional);Unknown;Weak;Unknown;Network;HIBP;1;0;1
hibp-2023-02-22-HDBFinancialServices-hdbfs.com-HDB Financial Services;HDBFinancialServices;In March 2023, the Indian non-bank lending unit HDB Financial Services suffered a data breach that disclosed over 70M customer records. Containing 1.6M unique email addresses, the breach also disclosed names, dates of birth, phone numbers, genders, post codes and loan information belonging to the customers.;22.02.23 00:00;Non-EU;Linkability, Identifiability;0;2;0;Extern (Intentional);Unknown;Unknown;Unknown;Software, Services, Systems;HIBP;1;0;0
hibp-2021-06-12-HeatGames-heatgames.me-HeatGames;HeatGames;In June 2021, the (now defunct) gaming website HeatGames suffered a data breach that was later redistributed as part of a larger corpus of data. The breach exposed almost 650k unique email addresses along with IP addresses, country and salted MD5 password hashes.;12.06.21 00:00;Non-EU;Linkability, Identifiability;0;1;0;Extern (Intentional);Unknown;Strong;Challenge/Fun;Network;HIBP;1;0;1
hibp-2022-06-24-DiskUnion-diskunion.net-Disk Union;DiskUnion;In June 2022, the Japanese record chain store Disk Union suffered a data breach. The incident exposed 690k unique email addresses along with names, post codes, phone numbers and plain text passwords.;24.06.22 00:00;Non-EU;Linkability, Identifiability;0;2;0;Extern (Intentional);Unknown;;Unknown;Network;HIBP;1;0;1
hibp-2022-07-18-Hjedd-hjedd.com-Hjedd;Hjedd;In July 2022, the Chinese adult website Hjedd was found to be leaking more than 13M customer records which subsequently appeared on a popular hacking forum. The exposed data included email and IP addresses, usernames and passwords stored as bcrypt hashes.;18.07.22 00:00;Non-EU;Linkability, Identifiability, Non-compliance;0;1;2;Unknown;Unknown;Strong;Unknown;Network;HIBP;1;0;1
hibp-2020-02-10-HomeChef-homechef.com-Home Chef;HomeChef;In early 2020, the food delivery service Home Chef suffered a data breach which was subsequently sold online. The breach exposed the personal information of almost 9 million customers including names, IP addresses, post codes, the last 4 digits of credit card numbers and passwords stored as bcrypt hashes. The data was provided to HIBP by dehashed.com.;10.02.20 00:00;Non-EU;Linkability, Identifiability;0;2;0;Extern (Intentional);Unknown;Strong;Profit-Oriented;Network;HIBP;1;0;1
hibp-2020-04-02-HomeRefill-homerefill.com.br-HomeRefill;HomeRefill;In April 2020, now defunct Brazilian e-commerce platform HomeRefill suffered a data breach that was later redistributed as part of a larger corpus of data. The data included 187k unique email addresses along with names, phone numbers, dates of birth and salted password hashes.;02.04.20 00:00;Non-EU;Linkability, Identifiability;0;2;0;Extern (Intentional);Unknown;Weak;Challenge/Fun;Network;HIBP;1;0;0
hibp-2019-10-10-HookersNL-hookers.nl-Hookers.nl;HookersNL;In October 2019, the Dutch prostitution forum Hookers.nl suffered a data breach which exposed the personal information of sex workers and their customers. The IP and email addresses, usernames and either bcrypt or salted MD5 password hashes of 291k members were accessed via an unpatched vulnerability in the vBulletin forum software.;10.10.19 00:00;EU;Linkability, Identifiability, Non-compliance;0;1;2;Extern (Intentional);Unknown;Strong;Unknown;Network;HIBP;1;0;1
hibp-2020-08-30-Hopamedia--Hopamedia;Hopamedia;"In 2024, data relating to an unknown service referred to as ""Hopamedia"" and dating back to 2020 appeared in a publicly exposed database. The data included almost 24M records of email address, name, phone number, the country of the individual and their telecommunications carrier.";30.08.20 00:00;Non-EU;Linkability, Identifiability;0;2;0;Unknown;Exploit Public-Facing Application;;Unknown;Software, Services, Systems;HIBP;0;0;0
hibp-2020-09-19-HorseIsle-horseisle.com-Horse Isle;HorseIsle;"In June 2020 then again in September that same year, Horse Isle ""The Secrent Land of Horses"" suffered a data breach. The incident exposed 28k unique email addresses along with names, usernames, IP addresses, genders, purchases and plain text passwords. The system also stored and exposed failed password attempts for each user with the password retained in plain text.";19.09.20 00:00;Non-EU;Linkability, Identifiability;0;2;0;Extern (Intentional);Unknown;;Unknown;Network;HIBP;1;0;1
hibp-2024-10-19-HotTopic-hottopic.com-Hot Topic;HotTopic;In October 2024, retailer Hot Topic suffered a data breach that exposed 57 million unique email addresses. The impacted data also included physical addresses, phone numbers, purchases, genders, dates of birth and partial credit data containing card type, expiry and last 4 digits.;19.10.24 00:00;Non-EU;Linkability, Identifiability;0;2;0;Extern (Intentional);Unknown;Unknown;Unknown;Network;HIBP;1;0;0
hibp-2020-01-04-HTCMania-htcmania.com-HTC Mania;HTCMania;In January 2020, the Spanish mobile phone forum HTC Mania suffered a data breach of the vBulletin based site. The incident exposed 1.5M member email addresses, usernames, IP addresses, dates of birth and salted MD5 password hashes and password histories. Data from the breach was subsequently redistributed on popular hacking websites.;04.01.20 00:00;Non-EU;Linkability, Identifiability;0;1;0;Extern (Intentional);Unknown;Strong;Unknown;Network;HIBP;1;0;1
hibp-2018-08-24-HTHStudios-hthstudios.com-HTH Studios;HTHStudios;In August 2018, the adult furry interactive game creator HTH Studios suffered a data breach impacting multiple repositories of customer data. Several months later, the data surfaced on a popular hacking forum and included 411k unique email addresses along with physical and IP addresses, names, orders, salted SHA-1 and salted MD5 hashes. HTH Studios is aware of the incident.;24.08.18 00:00;Non-EU;Linkability, Identifiability, Disclosure of information, Non-compliance;0;2;2;Extern (Intentional);Unknown;Strong;Unknown;Network;HIBP;1;0;1
hibp-2024-03-08-HuntStand-huntstand.com-HuntStand;HuntStand;In March 2024, millions of records scraped from the hunting and land management service HuntStand were publicly posted to a popular hacking forum. The data included 2.8M unique email addresses with many records also containing name, date of birth and country.;08.03.24 00:00;Non-EU;Linkability, Identifiability;0;1;0;Unknown;Unknown;Unknown;Unknown;Software, Services, Systems;HIBP;1;0;0
hibp-2019-03-14-Hurb-hurb.com-Hurb;Hurb;In approximately March 2019, the online Brazilian travel agency Hurb (formerly Hotel Urbano) suffered a data breach. The data subsequently appeared online for download the following year and included over 20 million customer records with email and IP addresses, names, dates of birth, phone numbers and passwords stored as unsalted MD5 hashes. The data was provided to HIBP by dehashed.com.;14.03.19 00:00;Non-EU;Linkability, Identifiability;0;2;0;Extern (Intentional);Unknown;Strong;Unknown;Network;HIBP;1;0;1
hibp-2024-07-04-HuskyOwners-husky-owners.com-Husky Owners;HuskyOwners;In July 2024, the Husky Owners forum website was defaced and linked to a breach of user data containing 16k records. The exposed data included usernames, email addresses, dates of birth and time zones.;04.07.24 00:00;Non-EU;Linkability, Identifiability;0;1;0;Unknown;Unknown;;Challenge/Fun;Network;HIBP;1;0;0
hibp-2023-01-03-iDTech-idtech.com-iD Tech;iDTech;In February 2023, the tech camps for kids service iD Tech had almost 1M records posted to a popular hacking forum. The data included 415k unique email addresses, names, dates of birth and plain text passwords which appear to have been breached in the previous month. iD Tech did not respond to multiple attempts to report the incident.;03.01.23 00:00;Non-EU;Linkability, Identifiability;0;1;0;Unknown;Unknown;;Unknown;Network;HIBP;1;0;1
hibp-2021-03-15-IDCGames-idcgames.com-IDC Games;IDCGames;In March 2021, 4 million records sourced from IDC Games were shared on a public hacking forum. The data included usernames, email addresses and passwords stored as salted MD5 hashes.;15.03.21 00:00;Non-EU;Linkability, Identifiability;0;1;0;Unknown;Unknown;Strong;Unknown;Network;HIBP;1;0;1
hibp-2018-12-31-IIMJobs-iimjobs.com-IIMJobs;IIMJobs;In December 2018, the Indian job portal IIMJobs suffered a data breach that exposed 4.1 million unique email addresses. The data also included names, phone numbers, geographic locations, dates of birth, job titles, job applications and cover letters plus passwords stored as unsalted MD5 hashes. The data was provided to HIBP by dehashed.com.;31.12.18 00:00;Non-EU;Linkability, Identifiability;0;2;0;Extern (Intentional);Unknown;Strong;Unknown;Software, Services, Systems;HIBP;1;0;1
hibp-2021-08-20-Imavex-imavex.com-Imavex;Imavex;In August 2021, the website development company Imavex suffered a data breach that exposed 878 thousand unique email addresses. The data included user records containing names, usernames and password material with some records also containing genders and partial credit card data, including the last 4 digits of the card and expiry date. Hundreds of thousands of form submissions and orders via Imavex customers were also exposed and contained further personal information of submitters and the contents of the form. The compromised system was subsequently sunset in January 2024 and all customer data impacted by the incident was permanently deleted.;20.08.21 00:00;Non-EU;Linkability, Identifiability;0;2;0;Extern (Intentional);Unknown;Unknown;Profit-Oriented;Network;HIBP;1;0;0
hibp-2022-08-11-iMenu360-imenu360.com-iMenu360;iMenu360;"In approximately late 2022, 3.4M customer records from iMenu360 (""The world's #1 most trusted online ordering platform"") were exposed. The data appeared to be from ordering systems using the platform and contained email and physical addresses, latitudes and longitudes, names and phone numbers. Numerous attempts were made to contact iMenu360 about the incident between April and August 2023, but no response was received.";11.08.22 00:00;Non-EU;Linkability, Identifiability;0;2;0;Unknown;Unknown;Unknown;Unknown;Unknown;HIBP;1;0;0
hibp-2021-05-23-IndiaMART-indiamart.com-IndiaMART;IndiaMART;In August 2021, 38 million records from Indian e-commerce company IndiaMART were found being traded on a popular hacking forum. Dated several months earlier, the data included over 20 million unique email addresses alongside names, phone numbers and physical addresses. It's unclear whether IndiaMART intentionally exposed the data attributes as part of the intended design of the platform or whether the data was obtained by exploiting a vulnerability in the service.;23.05.21 00:00;Non-EU;Linkability, Identifiability;0;2;0;Unknown;Unknown;Unknown;Unknown;Software, Services, Systems;HIBP;1;0;0
hibp-2019-10-28-IndianRailways-indianrails.in-Indian Railways;IndianRailways;In November 2019, the website for Indian Rail left more than 2M records exposed on an unprotected Firebase database instance. The exposed data included 583k unique email addresses alongside usernames and passwords stored in plain text.;28.10.19 00:00;Non-EU;Linkability, Identifiability;0;1;0;Unknown;Unknown;;Unknown;Software, Services, Systems;HIBP;1;0;0
hibp-2019-11-01-IndiHome-indihome.co.id-IndiHome;IndiHome;In mid-2021, reports emerged of a data breach of Indonesia's telecommunications company, IndiHome. Over 26M rows of data alleged to have been sourced from the company was posted to a popular hacking forum and contained 12.6M unique email addresses alongside names, IP addresses, genders and geographic locations. The most recent data was stamped as being recorded in November 2019.;01.11.19 00:00;Non-EU;Linkability, Identifiability, Detectability;0;2;0;Extern (Intentional);Unknown;Unknown;Unknown;Network;HIBP;1;0;0
hibp-2023-12-12-InflateVids-tube.inflatevids.xyz-InflateVids;InflateVids;In December 2023, the inflatable and balloon fetish videos website InflateVids suffered a data breach. The incident exposed over 13k unique email addresses alongside usernames, IP addresses, genders and SHA-1 password hashes.;12.12.23 00:00;Non-EU;Linkability, Identifiability, Non-compliance;0;1;2;Extern (Intentional);Unknown;Weak;Unknown;Network;HIBP;1;0;1
hibp-2026-01-07-Instagram-instagram.com-Instagram;Instagram;In January 2026, data allegedly scraped via an Instagram API was posted to a popular hacking forum. The dataset contained 17M rows of public Instagram information, including usernames, display names, account IDs, and in some cases, geolocation data. Of these records, 6.2M included an associated email address, and some also contained a phone number. The scraped data appears to be unrelated to password reset requests initiated on the platform, despite coinciding in timeframe. There is no evidence that passwords or other sensitive data were compromised.;07.01.26 00:00;Non-EU;Linkability, Identifiability;0;1;0;Unknown;Unknown;Unknown;Unknown;Software, Services, Systems;HIBP;1;0;0
hibp-2019-04-12-InstantCheckmate-instantcheckmate.com-Instant Checkmate;InstantCheckmate;In 2019, the public records search service Instant Checkmate suffered a data breach that later came to light in early 2023. The data included almost 12M unique customer email addresses, names, phone numbers and passwords stored as scrypt hashes.;12.04.19 00:00;Non-EU;Linkability, Identifiability;0;2;0;Extern (Intentional);Unknown;Strong;Unknown;Network;HIBP;1;0;1
hibp-2024-09-12-InstitutoNacionalDeDeportesDeChile-ind.cl-Instituto Nacional de Deportes de Chile;InstitutoNacionalDeDeportesDeChile;In September 2024, the Instituto Nacional de Deportes de Chile (Chile's National Sports Institute) suffered a data breach. The incident exposed 1.7M rows of data with 320k unique email addresses alongside names, dates of birth, genders and bcrypt password hashes. The newest records in the data date back to August 2022, suggesting the breach may be of an older data set.;12.09.24 00:00;Non-EU;Linkability, Identifiability;0;1;0;Extern (Intentional);Unknown;Strong;Unknown;Network;HIBP;1;0;0
hibp-2019-03-10-Intelimost-intelimost.com-Intelimost;Intelimost;"In March 2019, a spam operation known as ""Intelimost"" sent millions of emails appearing to come from people the recipients knew. Security researcher Bob Diachenko found over 3 million unique email addresses in an exposed Elasticsearch database, alongside plain text passwords used to access the victim's mailbox and customise the spam.";10.03.19 00:00;Non-EU;Linkability;1;1;0;Unknown;Unknown;;Unknown;Software, Services, Systems;HIBP;1;0;1
hibp-2025-11-11-IKO-ikointl.com-International Kiteboarding Organization;IKO;In November 2025, the International Kiteboarding Organization suffered a data breach that exposed 340k user records. The data was subsequently listed for sale on a hacking forum and included email addresses, names, usernames and in many cases, the user's city and country.;11.11.25 00:00;Non-EU;Linkability, Identifiability;0;1;0;Extern (Intentional);Unknown;Unknown;Unknown;Network;HIBP;1;0;0
hibp-2024-09-28-InternetArchive-archive.org-Internet Archive;InternetArchive;In September 2024, the digital library of internet sites Internet Archive suffered a data breach that exposed 31M records. The breach exposed user records including email addresses, screen names and bcrypt password hashes.;28.09.24 00:00;Non-EU;Linkability, Identifiability;0;1;0;Extern (Intentional);Unknown;Strong;Unknown;Network;HIBP;1;0;0
hibp-2019-01-03-ixigo-ixigo.com-ixigo;ixigo;In January 2019, the travel and hotel booking site ixigo suffered a data breach. The data appeared for sale on a dark web marketplace the following month and included over 17M unique email addresses alongside names, genders, phone numbers, connections to Facebook profiles and passwords stored as MD5 hashes.;03.01.19 00:00;Non-EU;Linkability, Identifiability, Detectability;0;2;0;Extern (Intentional);Unknown;Weak;Unknown;Network;HIBP;1;0;1
hibp-2021-07-06-JamTangan-jamtangan.com-Jam Tangan;JamTangan;In July 2021, the online Indonesian watch store, Jam Tangan (AKA Machtwatch), suffered a data breach that exposed over 400k customer records which were subsequently posted to a popular hacking forum. The data included email and IP addresses, names, phone numbers, physical addresses and passwords stored as either unsalted MD5 or bcrypt hashes.;06.07.21 00:00;Non-EU;Linkability, Identifiability;0;2;0;Extern (Intentional);Unknown;Strong;Unknown;Unknown;HIBP;1;0;1
hibp-2020-03-25-James-jamesdelivery.com.br-James;James;"In June 2020, 14 previously undisclosed data breaches appeared for sale including the Brazilian delivery service, ""James"". The breach occurred in March 2020 and exposed 1.5M unique email addresses, customer locations expressed in longitude and latitude and passwords stored as bcrypt hashes. The data was provided to HIBP by dehashed.com.";25.03.20 00:00;Non-EU;Linkability;0;1;0;Extern (Intentional);Unknown;Strong;Unknown;Network;HIBP;1;0;1
hibp-2023-05-31-JDGroup-jdgroup.co.za-JD Group;JDGroup;In May 2023, the South African retailer JD Group announced a data breach affecting a number of their online assets including Bradlows, Everyshop, HiFi Corp, Incredible (Connection), Rochester, Russells, and Sleepmasters. The breach exposed over 520k unique customer records including names, email and physical addresses, phone numbers and South African ID numbers.;31.05.23 00:00;Non-EU;Linkability, Identifiability;0;2;0;Extern (Intentional);Unknown;Unknown;Unknown;Network;HIBP;1;0;0
hibp-2020-08-11-Jefit-jefit.com-Jefit;Jefit;In August 2020, the workout tracking app Jefit suffered a data breach. The data was subsequently sold within the hacking community and included over 9 million email and IP addresses, usernames and passwords stored as either vBulletin or argon2 hashes. Several million cracked passwords later appeared in broad circulation.;11.08.20 00:00;Non-EU;Linkability, Identifiability;0;1;0;Extern (Intentional);Unknown;Strong;Profit-Oriented;Network;HIBP;1;0;1
hibp-2023-04-15-Jobzone-jobzone.co.il-Jobzone;Jobzone;In April 2023, data from the Israeli jobs website Jobzone was posted online. The data included 30k records of email addresses, names, social security numbers, genders, dates of birth, fathers' names and physical addresses.;15.04.23 00:00;Non-EU;Linkability, Identifiability;0;2;0;Unknown;Unknown;Unknown;Unknown;Network;HIBP;1;0;0
hibp-2019-12-14-JoyGames-joygames.me-JoyGames;JoyGames;In December 2019, the forum for the JoyGames website suffered a data breach that exposed 4.5M unique email addresses. The impacted data also included usernames, IP addresses and salted MD5 password hashes.;14.12.19 00:00;Non-EU;Linkability, Identifiability;0;1;0;Extern (Intentional);Unknown;Strong;Unknown;Unknown;HIBP;1;0;1
hibp-2021-10-28-JukinMedia-jukinmedia.com-JukinMedia;JukinMedia;"In October 2021, the ""global leader in user-generated entertainment"" Jukin Media suffered a data breach. The breach exposed 13GB of code, configuration and data consisting of 314k unique email addresses along with names, phone numbers, IP addresses and bcrypt password hashes.";28.10.21 00:00;Non-EU;Linkability, Identifiability;0;2;0;Extern (Intentional);Unknown;Strong;Unknown;Network;HIBP;1;0;0
hibp-2024-03-24-KasperskyClub-kasperskyclub.ru-Kaspersky Club;KasperskyClub;In March 2024, the independent fan forum Kaspersky Club suffered a data breach. The incident exposed 56k unique email addresses alongside usernames, IP addresses and passwords stored as either MD5 or bcrypt hashes.;24.03.24 00:00;Non-EU;Linkability, Identifiability;0;1;0;Extern (Intentional);Unknown;Strong;Unknown;Network;HIBP;1;0;1
hibp-2018-09-11-KayoMoe--Kayo.moe Credential Stuffing List;KayoMoe;In September 2018, a collection of almost 42 million email address and plain text password pairs was uploaded to the anonymous file sharing service kayo.moe. The operator of the service contacted HIBP to report the data which, upon further investigation, turned out to be a large credential stuffing list. For more information, read about The 42M Record kayo.moe Credential Stuffing Data.;11.09.18 00:00;Non-EU;Linkability;0;1;0;Unknown;Unknown;;Unknown;Network;HIBP;0;0;0
hibp-2019-09-10-KiwiFarms-kiwifarms.net-KiwiFarms;KiwiFarms;"In September 2019, the forum for discussing ""lolcows"" (people who can be milked for laughs) Kiwi Farms suffered a data breach. The disclosure notice advised that email and IP addresses, dates of birth and content created by members were all exposed in the incident.";10.09.19 00:00;Non-EU;Linkability, Identifiability, Detectability;0;1;0;Extern (Intentional);Unknown;Unknown;Unknown;Network;HIBP;1;0;0
hibp-2021-03-25-KinoKong-kinokong.org-KinoKong;KinoKong;In March 2021, the Russian online streaming service KinoKong suffered a data breach that was later redistributed as part of a larger corpus of data. The breach exposed over 800k unique email addresses along with names, usernames, IP addresses and MD5 password hashes.;25.03.21 00:00;Non-EU;Linkability, Identifiability;0;2;0;Extern (Intentional);Unknown;Weak;Unknown;Network;HIBP;1;0;0
hibp-2021-02-01-KomplettFritid-komplettfritid.no-KomplettFritid;KomplettFritid;In January 2023, the online Norwegian store KomplettFritid was reported as having had a data breach dating back to February 2021. The incident exposed 140k customer records including physical, email and IP addresses, names, phone numbers and passwords. Most passwords were stored as bcrypt hashes with a small number appearing in plain text.;01.02.21 00:00;Non-EU;Linkability, Identifiability;0;2;0;Extern (Intentional);Unknown;Strong;Unknown;Network;HIBP;1;0;1
hibp-2018-09-05-Knuddels-knuddels.de-Knuddels;Knuddels;In September 2018, the German social media website Knuddels suffered a data breach. The incident exposed 808k unique email addresses alongside usernames, real names, the city of the person and their password in plain text. Knuddels was subsequently fined €20k for the breach.;05.09.18 00:00;EU;Linkability, Identifiability;0;1;0;Extern (Intentional);Unknown;;Unknown;Network;HIBP;1;0;0
hibp-2023-11-14-KitchenPal-kitchenpalapp.com-KitchenPal;KitchenPal;In November 2023, the kitchen management application KitchenPal suffered a data breach that exposed 146k lines of data. When contacted about the incident, KitchenPal advised the corpus of data came from a staging environment, although acknowledged it contained a small number of users for debugging purposes and included passwords that could not be used. Impacted data included almost 100k email addresses, names, geolocations and incomplete data on dates of birth, genders, height and weight, social media profile identifiers and bcrypt password hashes.;14.11.23 00:00;Non-EU;Linkability, Identifiability;0;2;0;Extern (Intentional);Unknown;Strong;Strategic Pre-Positioning;Software, Services, Systems;HIBP;1;0;0
hibp-2025-01-12-LandAirSea-landairsea.com-LandAirSea;LandAirSea;In January 2025, the GPS tracking service LandAirSea suffered a data breach that exposed 337k unique customer email addresses alongside names, usernames and password hashes. The breach also exposed partial credit card data (card type, last 4 digits and expiration), and GPS device identifiers and locations. LandAirSea is aware of the breach and has remediated the underlying vulnerability.;12.01.25 00:00;Non-EU;Linkability, Identifiability;0;2;0;Extern (Intentional);Unknown;Weak;Profit-Oriented;Network;HIBP;1;0;0
hibp-2018-07-28-Lanwar-lanwar.com-Lanwar;Lanwar;In July 2018, staff of the Lanwar gaming site discovered a data breach they believe dates back to sometime over the previous several months. The data contained 45k names, email addresses, usernames and plain text passwords. A Lanwar staff member self-submitted the breach to HIBP and has also contacted the relevant authorities about the incident after identifying a phishing attempt to extort Bitcoin from a user.;28.07.18 00:00;Non-EU;Linkability, Identifiability;0;2;0;Extern (Intentional);Phishing;;Unknown;Network;HIBP;1;0;1
hibp-2022-08-14-LatestPilotJobs-latestpilotjobs.com-Latest Pilot Jobs;LatestPilotJobs;In August 2022, the Latest Pilot Jobs website suffered a data breach that later appeared on a popular hacking forum before being redistributed as part of a larger corpus of data. The data included 119k unique email addresses along with names, usernames and unsalted MD5 password hashes.;14.08.22 00:00;Non-EU;Linkability, Identifiability;0;1;0;Extern (Intentional);Unknown;Strong;Unknown;Network;HIBP;1;0;1
hibp-2019-02-14-LBB-lbb.in-LBB;LBB;"In August 2022, customer data of the Indian shopping site ""LBB"" (Little Black Book) was posted to a popular hacking forum. The data contained over 3M records with 39k unique email addresses alongside IP and physical addresses, names and device information with the most recent data dating back to early 2019. LBB advised they believe the data was exposed by a third party service and whilst it contained information they retain on their customers, it had also been enriched with additional data attributes.";14.02.19 00:00;Non-EU;Linkability, Identifiability;0;2;0;Unknown;Unknown;Unknown;Unknown;Network;HIBP;1;0;0
hibp-2024-07-03-Ladies-ladies.com-Ladies.com;Ladies;"In 2024, the lesbian dating website ladies.com suffered a data breach. Attributed to an exposed Firebase database, the breach included extensive personal information on 119k users of the service including email addresses, photos, sexual orientation, genders, dates of birth and precise latitude and longitude, among other personal attributes. The website was shut down in mid-2024 and the breach later acknowledged by the site operator in December, along with a breach of the ""Senior Dating"" website run by the same organisation.";03.07.24 00:00;Non-EU;Linkability, Identifiability, Disclosure of information, Non-compliance;0;1;1;Extern (Intentional);Unknown;Unknown;Unknown;Software, Services, Systems;HIBP;1;0;0
hibp-2024-02-28-LDLC-ldlc.com-LDLC;LDLC;In March 2024, French retailer LDLC disclosed a data breach that impacted customers of their physical stores. The data was previously listed for sale on a popular hacking forum and contained 1.26M unique email addresses along with names, phone numbers and physical addresses.;28.02.24 00:00;Non-EU;Linkability, Identifiability;0;2;0;Extern (Intentional);Unknown;Unknown;Unknown;Network;HIBP;1;0;0
hibp-2023-05-01-LeCoqSportif-lecoqsportif.com.co-Le Coq Sportif Columbia;LeCoqSportif;In January 2025, a data breach from the Columbian website for Le Coq Sportif was posted to a popular hacking forum. The data included almost 80k unique email addresses with the breach dating back to May 2023. Impacted data included physical and IP addresses, names, purchases, genders, dates of birth and bcrypt password hashes.;01.05.23 00:00;Non-EU;Linkability, Identifiability, Detectability;0;2;0;Extern (Intentional);Unknown;Strong;Unknown;Network;HIBP;1;0;0
hibp-2020-07-30-Lazada-redmart.lazada.sg-Lazada RedMart;Lazada;In October 2020, news broke of Lazada RedMart data breach containing records as recent as July 2020 and being sold via an online marketplace. In all, the data contained 1.1 million customer email addresses alongside names, phone numbers, physical addresses, partial credit card numbers and passwords stored as SHA-1 hashes.;30.07.20 00:00;Non-EU;Linkability, Identifiability;0;2;0;Extern (Intentional);Hardware Additions;Weak;Profit-Oriented;Network;HIBP;1;0;1
hibp-2024-04-13-LeSlipFrancais-leslipfrancais.fr-Le Slip Français;LeSlipFrancais;In April 2024, the French underwear maker Le Slip Français suffered a data breach. The breach included 1.5M email addresses, physical addresses, names and phone numbers.;13.04.24 00:00;EU;Linkability, Identifiability;0;2;0;Extern (Intentional);Unknown;Unknown;Unknown;Network;HIBP;1;0;0
hibp-2022-07-04-LaPosteMobile-lapostemobile.fr-La Poste Mobile;LaPosteMobile;In July 2022, the French telecommunications company La Poste Mobile was the target of an attack by the LockBit ransomware which resulted in company data being published publicly. The impacted data included 533k unique email addresses along with names, physical addresses, phone numbers, dates of births, genders and banking information. 10 days after the attack, the La Poste Mobile website remained offline.;04.07.22 00:00;EU;Linkability, Identifiability;0;2;0;Extern (Intentional);Unknown;Unknown;Profit-Oriented;Network;HIBP;1;0;0
hibp-2020-03-04-LeadHunter--Lead Hunter;LeadHunter;"In March 2020, a massive trove of personal information referred to as ""Lead Hunter"" was provided to HIBP after being found left exposed on a publicly facing Elasticsearch server. The data contained 69 million unique email addresses across 110 million rows of data accompanied by additional personal information including names, phone numbers, genders and physical addresses. At the time of publishing, the breach could not be attributed to those responsible for obtaining and exposing it. The data was provided to HIBP by dehashed.com.";04.03.20 00:00;Non-EU;Linkability, Identifiability;0;2;0;Unknown;Unknown;Unknown;Unknown;Hardware;HIBP;1;0;0
hibp-2020-06-23-Kreditplus-kreditplus.com-Kreditplus;Kreditplus;In June 2020, the Indonesian credit service Kreditplus suffered a data breach which exposed 896k records containing 769k unique email addresses. The breach exposed extensive personal information including names, family makeup, information on spouses, income and expenses, religions and employment information. The data was provided to HIBP by breachbase.pw.;23.06.20 00:00;Non-EU;Linkability, Identifiability;0;2;0;Extern (Intentional);Unknown;Unknown;Unknown;Network;HIBP;1;0;0
hibp-2022-01-31-LeakedReality-leakedreality.com-Leaked Reality;LeakedReality;In January 2022, the now defunct uncensored video website Leaked Reality suffered a data breach that exposed 115k unique email addresses. The data also included usernames, IP addresses and passwords stored as either MD5 or phpass hashes.;31.01.22 00:00;Non-EU;Linkability, Identifiability;0;1;0;Extern (Intentional);Unknown;Weak;Challenge/Fun;Network;HIBP;1;0;1
hibp-2020-06-25-Ledger-ledger.com-Ledger;Ledger;In June 2020, the hardware crypto wallet manufacturer Ledger suffered a data breach that exposed over 1 million email addresses. The data was initially sold before being dumped publicly in December 2020 and included names, physical addresses and phone numbers. The data was provided to HIBP by Alon Gal, CTO of cybercrime intelligence firm Hudson Rock.;25.06.20 00:00;Non-EU;Linkability, Identifiability;0;2;0;Extern (Intentional);Unknown;Unknown;Profit-Oriented;Network;HIBP;1;0;0
hibp-2025-02-11-Lexipol-lexipol.com-Lexipol;Lexipol;"In February 2025, the public safety policy management systems company Lexipol suffered a data breach. Attributed to the self-proclaimed ""Puppygirl Hacker Polycule"", the breach exposed an extensive number of documents and user records which were subsequently published publicly. The breach included over 670k unique email addresses in the user records, along with names, phone numbers, system-generated usernames and passwords stored as either MD5 or SHA-256 hashes.";11.02.25 00:00;Non-EU;Linkability, Identifiability, Non-compliance;0;2;2;Extern (Intentional);Unknown;Strong;Unknown;Network;HIBP;1;0;1
hibp-2024-03-01-Life360-life360.com-Life360;Life360;In July 2024, data scraped from a misconfigured Life360 API was posted online after being obtained several months earlier. The records included 443k unique email addresses and in most cases, corresponding names and phone numbers (some records were null or obfuscated). Life360 promptly notified impacted users after the incident was discovered.;01.03.24 00:00;Non-EU;Linkability, Identifiability;0;2;0;Intern (Accidental);Unknown;Unknown;Unknown;Software, Services, Systems;HIBP;1;0;0
hibp-2019-02-28-Lifebear-lifebear.com-Lifebear;Lifebear;In early 2019, the Japanese schedule app Lifebear appeared for sale on a dark web marketplace amongst a raft of other hacked websites. The breach exposed almost 3.7M unique email addresses, usernames and passwords stored as salted MD5 hashes.;28.02.19 00:00;Non-EU;Linkability, Identifiability;0;1;0;Extern (Intentional);Unknown;Strong;Unknown;Network;HIBP;1;0;1
hibp-2018-06-25-LightsHope-lightshope.org-Light's Hope;LightsHope;In June 2018, the World of Warcraft service Light's Hope suffered a data breach which they subsequently self-submitted to HIBP. Over 30K unique users were impacted and their exposed data included email addresses, dates of birth, private messages and passwords stored as bcrypt hashes.;25.06.18 00:00;Non-EU;Linkability, Identifiability;0;1;0;Extern (Intentional);Unknown;Strong;Unknown;Network;HIBP;1;0;1
hibp-2021-03-08-Liker-liker.com-Liker;Liker;"In March 2021, the self-proclaimed ""kinder, smarter social network"" Liker suffered a data breach, allegedly in retaliation for the Gab data breach and scraping of data from Parler. The site remained offline after the breach which exposed 465k email addresses in addition to names, dates of birth, education levels, private messages, security questions and answers in plain text, passwords stored as bcrypt hashes and other personal data attributes. Liker did not respond when contacted about the breach.";08.03.21 00:00;Non-EU;Linkability, Identifiability;0;2;0;Extern (Intentional);Unknown;Strong;Unknown;Software, Services, Systems;HIBP;1;0;1
hibp-2020-10-08-LimeVPN-limevpn.com-LimeVPN;LimeVPN;In October 2020, the VPN provider LimeVPN suffered a data breach that exposed the personal information of tens of thousands of customers. The data included email, IP and physical addresses, names, phone numbers, purchase histories and passwords stored as salted MD5 hashes.;08.10.20 00:00;Non-EU;Linkability, Identifiability;0;2;0;Extern (Intentional);Unknown;Strong;Unknown;Network;HIBP;1;0;1
hibp-2023-11-04-LinkedInScrape2023-linkedin.com-LinkedIn Scraped and Faked Data (2023);LinkedInScrape2023;In November 2023, a post to a popular hacking forum alleged that millions of LinkedIn records had been scraped and leaked. On investigation, the data turned out to be a combination of legitimate data scraped from LinkedIn and email addresses constructed from impacted individuals' names.;04.11.23 00:00;Non-EU;Linkability, Identifiability;1;2;0;Extern (Intentional);Unknown;Unknown;Unknown;Network;HIBP;1;0;0
hibp-2021-04-08-LinkedInScrape-linkedin.com-LinkedIn Scraped Data (2021);LinkedInScrape;During the first half of 2021, LinkedIn was targeted by attackers who scraped data from hundreds of millions of public profiles and later sold them online. Whilst the scraping did not constitute a data breach nor did it access any personal data not intended to be publicly accessible, the data was still monetised and later broadly circulated in hacking circles. The scraped data contains approximately 400M records with 125M unique email addresses, as well as names, geographic locations, genders and job titles. LinkedIn specifically addresses the incident in their post on An update on report of scraped data.;08.04.21 00:00;Non-EU;Linkability, Identifiability;0;2;0;Intern (Intentional);Unknown;Unknown;Profit-Oriented;Software, Services, Systems;HIBP;1;0;0
hibp-2020-06-19-LiveAuctioneers-liveauctioneers.com-LiveAuctioneers;LiveAuctioneers;In June 2020, the online antiques marketplace LiveAuctioneers suffered a data breach which was subsequently sold online then extensively redistributed in the hacking community. The data contained 3.4 million records including names, email and IP addresses, physical addresses, phones numbers and passwords stored as unsalted MD5 hashes. The data was provided to HIBP by breachbase.pw.;19.06.20 00:00;Non-EU;Linkability, Identifiability;0;2;0;Extern (Intentional);Unknown;Strong;Profit-Oriented;Network;HIBP;1;0;1
hibp-2020-08-29-Livpure-livpure.com-Livpure;Livpure;In August 2020, the Indian retailer Livpure suffered a data breach which exposed over 1 million customer purchases with 270 thousand unique email addresses. The data also included names, phone numbers, physical addresses and details of purchased items.;29.08.20 00:00;Non-EU;Linkability, Identifiability;0;2;0;Extern (Intentional);Unknown;Unknown;Unknown;Network;HIBP;1;0;0
hibp-2022-10-01-Locally-locally.com-Locally;Locally;"In October 2022, ""The Industry's Leading Online-to-Offline Shopping Solution"" Locally suffered a data breach. Whilst Locally acknowledged the breach privately, it's unknown whether impacted customers were subsequently notified of the incident which exposed over 362k names, phone numbers, email and physical addresses, purchases, credit card type and last four digits and bcrypt password hashes.";01.10.22 00:00;Non-EU;Linkability, Identifiability;0;2;0;Extern (Intentional);Unknown;Strong;Profit-Oriented;Network;HIBP;1;0;0
hibp-2024-03-27-Lookiero-lookiero.com-Lookiero;Lookiero;"In August 2024, a data breach from the online styling service Lookiero was posted to a popular hacking forum. Dating back to March 2024, the data included 5M unique email addresses, with many of the records also including name, phone number and physical address. When contacted about the incident, Lookiero advised that they would ""look into it and get back to you if necessary"".";27.03.24 00:00;Non-EU;Linkability, Identifiability;0;2;0;Extern (Intentional);Unknown;Unknown;Unknown;Network;HIBP;1;0;0
hibp-2021-03-22-MangaDex-mangadex.org-MangaDex;MangaDex;In March 2021, the manga fan site MangaDex suffered a data breach that resulted in the exposure of almost 3 million subscribers. The data included email and IP addresses, usernames and passwords stored as bcrypt hashes. The data was subsequently circulated within hacking groups.;22.03.21 00:00;Non-EU;Linkability, Identifiability;0;1;0;Extern (Intentional);Unknown;Strong;Unknown;Network;HIBP;1;0;1
hibp-2022-05-13-Mangatoon-mangatoon.mobi-Mangatoon;Mangatoon;In May 2022, the Hong Kong based Manga service Mangatoon suffered a data breach that exposed 23M subscriber records. The breach exposed names, email addresses, genders, social media account identities, auth tokens from social logins and passwords stored as salted MD5 hashes. Mangatoon did not respond to multiple attempts to make contact regarding the breach.;13.05.22 00:00;Non-EU;Linkability, Identifiability;0;2;0;Extern (Intentional);Unknown;Strong;Unknown;Network;HIBP;1;0;1
hibp-2019-03-01-MalindoAir-malindoair.com-MalindoAir;MalindoAir;In early 2019, the Malaysian airline Malindo Air suffered a data breach that exposed tens of millions of customer records. Containing 4.3M unique email addresses, the breach also exposed extensive personal information including names, dates of birth, genders, physical addresses, phone numbers and passport details. The data was later extensively shared on popular hacking forums.;01.03.19 00:00;Non-EU;Linkability, Identifiability;0;2;0;Extern (Intentional);Unknown;Unknown;Unknown;Network;HIBP;1;0;0
hibp-2023-07-16-ManipulatedCaiman--Manipulated Caiman;ManipulatedCaiman;"In July 2023, Perception Point reported on a phishing operation dubbed ""Manipulated Caiman"". Targeting primarily the citizens of Mexico, the campaign attempted to gain access to victims' bank accounts via spear phishing attacks using malicious attachments. Researchers obtained almost 40M email addresses targeted in the campaign and provided the data to HIBP to alert potential victims.";16.07.23 00:00;Non-EU;No Label;1;1;0;Extern (Intentional);Phishing;Unknown;Unknown;Network;HIBP;1;0;0
hibp-2022-01-29-MacGeneration-macg.co-MacGeneration;MacGeneration;In January 2022, the French Apple news website MacGeneration suffered a data breach. The incident exposed over 100k usernames, email addresses and passwords stored as salted SHA-512 hashes. After discovering the incident, MacGeneration self-submitted data to HIBP.;29.01.22 00:00;Non-EU;Linkability, Identifiability;0;1;0;Extern (Intentional);Unknown;Strong;Unknown;Network;HIBP;1;0;1
hibp-2023-08-02-MagicDuel-magicduel.com-MagicDuel;MagicDuel;In August 2023, the MagicDuel Adventure website suffered a data breach that exposed 138k user records. The data included player names, email and IP addresses and bcrypt password hashes.;02.08.23 00:00;Non-EU;Linkability, Identifiability;0;1;0;Extern (Intentional);Unknown;Strong;Unknown;Network;HIBP;1;0;0
hibp-2021-03-16-Luxottica-luxottica.com-Luxottica;Luxottica;"In March 2021, the world's largest eyewear company Luxoticca suffered a data breach via one of their partners that exposed the personal information of more than 70M people. The data was subsequently sold via a popular hacking forum in late 2022 and included email and physical addresses, names, genders, dates of birth and phone numbers. In a statement from Luxottica, they advised they were aware of the incident and are currently ""considering other notification obligations"".";16.03.21 00:00;Non-EU;Linkability, Identifiability;0;2;0;Extern (Intentional);Unknown;Unknown;Profit-Oriented;Network;HIBP;1;0;0
hibp-2024-07-06-LuLu-luluhypermarket.com-LuLu;LuLu;In July 2024, the Emirati-based LuLu retail store suffered a data breach. The impacted data included 190k email addresses and associated phone numbers which were subsequently shared on a popular hacking forum. The following month, the threat of leaking the full database was carried out and a backup from October 2022 with a further 2.6M unique email addresses appeared. This data also included names, physical addresses, orders and PBKDF2 password hashes.;06.07.24 00:00;Non-EU;Linkability, Identifiability;0;2;0;Extern (Intentional);Unknown;Strong;Unknown;Software, Services, Systems;HIBP;1;0;1
hibp-2019-04-01-LuminPDF-luminpdf.com-Lumin PDF;LuminPDF;"In April 2019, the PDF management service Lumin PDF suffered a data breach. The breach wasn't publicly disclosed until September when 15.5M records of user data appeared for download on a popular hacking forum. The data had been left publicly exposed in a MongoDB instance after which Lumin PDF was allegedly been ""contacted multiple times, but ignored all the queries"". The exposed data included names, email addresses, genders, spoken language and either a bcrypt password hash or Google auth token.";01.04.19 00:00;Non-EU;Linkability, Identifiability;0;2;0;Extern (Intentional);Exploit Public-Facing Application;Strong;Unknown;Software, Services, Systems;HIBP;1;0;0
hibp-2018-12-11-Mappery-mappery.com-Mappery;Mappery;In December 2018, the mapping website Mappery suffered a data breach that exposed over 205k unique email addresses. The incident also exposed usernames, the geographic location of the user and passwords stored as unsalted SHA-1 hashes. No response was received from Mappery when contacted about the incident.;11.12.18 00:00;Non-EU;Linkability, Identifiability;0;1;0;Extern (Intentional);Unknown;Weak;Unknown;Network;HIBP;1;0;1
hibp-2025-06-22-MaReads-mareads.com-MaReads;MaReads;In June 2025, MaReads, the website for readers and writers of Thai-language fiction and comics suffered a data breach that exposed 74k records. The breach included usernames, email addresses, phone numbers and dates of birth. MaReads is aware of the breach.;22.06.25 00:00;Non-EU;Linkability, Identifiability;0;1;0;Extern (Intentional);Unknown;Unknown;Unknown;Network;HIBP;1;0;0
hibp-2020-01-01-FilmaiIn-filmai.in-Filmai.in;FilmaiIn;In approximately 2019 or 2020, the Lithuanian movie streaming service Filmai.in suffered a data breach exposing 645k email addresses, usernames and plain text passwords.;01.01.20 00:00;Non-EU;Linkability, Identifiability;0;1;0;Extern (Intentional);Unknown;;Unknown;Network;HIBP;1;0;1
hibp-2020-06-01-Mashable-mashable.com-Mashable;Mashable;In approximately mid-2020, Mashable suffered a data breach that subsequently turned up publicly in November 2020. The data included 1.4 million unique email addresses along with names, genders, expired auth tokens, physical locations, links to social media profiles and days and months of birth. The data was provided to HIBP by dehashed.com.;01.06.20 00:00;Non-EU;Linkability, Identifiability;0;2;0;Extern (Intentional);Unknown;Unknown;Unknown;Network;HIBP;1;0;1
hibp-2019-08-20-MastercardPricelessSpecials-specials.mastercard.de-Mastercard Priceless Specials;MastercardPricelessSpecials;"In August 2019, the German Mastercard bonus program ""Priceless Specials"" suffered a data breach. Personal data on almost 90k program members was subsequently extensively circulated online and included names, email and IP addresses, phone numbers and partial credit card data. Following the incident, the program was subsequently suspended.";20.08.19 00:00;EU;Linkability, Identifiability;0;2;0;Extern (Intentional);Unknown;Unknown;Profit-Oriented;Network;HIBP;1;0;0
hibp-2020-01-13-Mathway-mathway.com-Mathway;Mathway;In January 2020, the math solving website Mathway suffered a data breach that exposed over 25M records. The data was subsequently sold on a dark web marketplace and included names, Google and Facebook IDs, email addresses and salted password hashes.;13.01.20 00:00;Non-EU;Linkability, Identifiability, Detectability;0;2;0;Extern (Intentional);Unknown;Weak;Profit-Oriented;Network;HIBP;1;0;0
hibp-2024-08-18-MC2Data--MC2 Data;MC2Data;In August 2024, data aggregator MC2 Data left a database publicly accessible without a password which was subsequently discovered by a security researcher. The breach exposed the personal information of 2.1M subscribers to the service which was marketed under a series of different brand names. The data included email addresses, names and salted SHA-256 password hashes.;18.08.24 00:00;Non-EU;Linkability, Identifiability;0;1;0;Unknown;Unknown;Strong;Unknown;Software, Services, Systems;HIBP;1;0;1
hibp-2023-03-15-MediaWorks-mediaworks.co.nz-MediaWorks;MediaWorks;In March 2024, millions of rows of data from the New Zealand media company MediaWorks was publicly posted to a popular hacking forum. The incident exposed 163k unique email addresses provided by visitors who filled out online competitions and included names, physical addresses, phone numbers, dates of birth, genders and the responses to questions in the competition. Some victims of the breach subsequently received ransom demands requesting payment to have their data deleted.;15.03.23 00:00;Non-EU;Linkability, Identifiability;0;2;0;Extern (Intentional);Unknown;Unknown;Profit-Oriented;Network;HIBP;1;0;0
hibp-2020-01-26-MeetMindful-meetmindful.com-MeetMindful;MeetMindful;In early 2020, the online dating service MeetMindful suffered a data breach that exposed 1.4 million unique customer email addresses. Included in the data was an extensive array of personal information used to find romantic matches including physical attributes, use of alcohol, drugs and cigarettes, marital statuses, birthdates, genders and the gender being sought. Additional personal information such as names, geographical locations and IP addresses were also exposed, along with passwords stored as bcrypt hashes.;26.01.20 00:00;Non-EU;Linkability, Identifiability, Disclosure of information, Non-compliance;0;2;1;Extern (Intentional);Unknown;Strong;Unknown;Network;HIBP;1;0;1
hibp-2022-06-01-MemeChat-memechat.app-MemeChat;MemeChat;"In mid-2022, ""the ultimate hub of memes"" MemeChat suffered a data breach that exposed 7.4M records. Alleged to be due to a misconfigured Elasticsearch instance, the data contained 4.3M unique email addresses alongside usernames.";01.06.22 00:00;Non-EU;Linkability, Identifiability;0;1;0;Intern (Accidental);Unknown;Unknown;Unknown;Network;HIBP;1;0;0
hibp-2020-12-24-MEO-meoair.com-MEO;MEO;In early 2023, a corpus of data sourced from the New Zealand based face mask company MEO was discovered. Dating back to December 2020, the data contained over 8k customer records including names, addresses, phone numbers and passwords stored as MD5 Wordpress hashes. MEO did not respond to multiple attempts to report the breach.;24.12.20 00:00;Non-EU;Linkability, Identifiability;0;2;0;Unknown;Unknown;Weak;Unknown;Network;HIBP;1;0;0
hibp-2019-07-25-MGM-mgmresorts.com-MGM Resorts;MGM;In July 2019, MGM Resorts discovered a data breach of one of their cloud services. The breach included 10.6M guest records with 3.1M unique email addresses stemming back to 2017. The exposed data included email and physical addresses, names, phone numbers and dates of birth and was subsequently shared on a popular hacking forum in February 2020 where it was extensively redistributed. The data was provided to HIBP by Under The Breach.;25.07.19 00:00;Non-EU;Linkability, Identifiability;0;2;0;Extern (Intentional);Unknown;;Unknown;Network;HIBP;1;0;0
hibp-2019-07-25-MGM2022Update-mgmresorts.com-MGM Resorts (2022 Update);MGM2022Update;In July 2019, MGM Resorts discovered a data breach of one of their cloud services. The breach included 10.6M guest records with 3.1M unique email addresses stemming back to 2017. In May 2022, a superset of the data totalling almost 25M unique email addresses across 142M rows was extensively shared on Telegram. On analysis, it's highly likely the data stems from the same incident with 142M records having been discovered for sale on a dark web marketplace in mid-2020. The exposed data included email and physical addresses, names, phone numbers and dates of birth.;25.07.19 00:00;Non-EU;Linkability, Identifiability;0;2;0;Extern (Intentional);Unknown;;Unknown;Network;HIBP;1;0;0
hibp-2025-08-25-Miljodata-miljodata.se-Miljödata;Miljodata;In August 2025, the Swedish system supplier Miljödata was the victim of a ransomware attack. Following the attack, data was subsequently published on the dark web and included 870k unique email addresses across various compromised files. Data also included names, phone numbers, physical addresses, dates of birth and government-issued personal identity numbers.;25.08.25 00:00;EU;Linkability, Identifiability;0;2;0;Extern (Intentional);Unknown;Unknown;Profit-Oriented;Network;HIBP;1;0;0
hibp-2019-03-18-MindJolt-mindjolt.com-Mindjolt;MindJolt;In March 2019, the online gaming website MindJolt suffered a data breach that exposed 28M unique email addresses. Also impacted were names and dates of birth, but no passwords.;18.03.19 00:00;Non-EU;Linkability, Identifiability;0;1;0;Extern (Intentional);Unknown;Unknown;Unknown;Network;HIBP;1;0;0
hibp-2019-05-17-Minehut-minehut.com-Minehut;Minehut;In May 2019, the Minecraft server website Minehut suffered a data breach. The company advised a database backup had been obtained after which they subsequently notified all impacted users. 397k email addresses from the incident were provided to HIBP. A data set with both email addresses and bcrypt password hashes was also later provided to HIBP.;17.05.19 00:00;Non-EU;Linkability;0;1;0;Extern (Intentional);Unknown;Strong;Unknown;Hardware;HIBP;1;0;0
hibp-2020-05-06-Minted-minted.com-Minted;Minted;In May 2020, the online marketplace for independent artists Minted suffered a data breach that exposed 4.4M unique customer records subsequently sold on a dark web marketplace. Exposed data also included names, physical addresses, phone numbers and passwords stored as bcrypt hashes. The data was provided to HIBP by dehashed.com.;06.05.20 00:00;Non-EU;Linkability, Identifiability;0;2;0;Extern (Intentional);Unknown;Strong;Profit-Oriented;Network;HIBP;1;0;1
hibp-2022-09-02-Flipkart--Misattributed Flipkart Data;Flipkart;In September 2022, over 500k customer records alleged to have been sourced from the Indian e-commerce service Flipkart appeared on a popular hacking forum. Flipkart subsequently reviewed the data and concluded there was minimal overlap with their subscriber base and was not sourced from their services. The data included email addresses, latitudes and longitudes, names and phone numbers.;02.09.22 00:00;Non-EU;Linkability, Identifiability;0;2;0;Unknown;Unknown;Unknown;Unknown;Network;HIBP;1;0;0
hibp-2021-08-05-Habibs-habibs.com.br-Misattributed Habib's Data;Habibs;"In August 2021, an allegation was made that the Brazilian fast food company ""Habib's"" had suffered a data breach that was later redistributed as part of a larger corpus of data. Upon thorough investigation, parent company Gennius concluded that the information in the breach was not related to any databases that hold their customers' personal information and had been misattributed to Habib's. The corpus of data contained 3.5M unique email addresses along with IP addresses, names, phone numbers, dates of birth and links to social media profiles.";05.08.21 00:00;Non-EU;Linkability, Identifiability;0;2;0;Extern (Intentional);Unknown;Unknown;Unknown;Software, Services, Systems;HIBP;1;0;0
hibp-2020-12-20-MMGFusion-mmgfusion.com-MMG Fusion;MMGFusion;In December 2020, the dental practice management service MMG Fusion was the victim of a data breach which exposed 2.6M unique email addresses. The data also included patient appointments, names, phone numbers, dates of birth, genders and physical addresses. A small number of records also included passwords stored as bcrypt hashes.;20.12.20 00:00;Non-EU;Linkability, Identifiability;0;2;0;Extern (Intentional);Unknown;Strong;Unknown;Network;HIBP;1;0;1
hibp-2020-01-06-MobiFriends-mobifriends.com-MobiFriends;MobiFriends;In January 2020, the Barcelona-based dating app MobiFriends suffered a data breach that exposed 3.5 million unique email addresses. The data also included usernames, genders, dates of birth and MD5 password hashes.;06.01.20 00:00;Non-EU;Linkability, Identifiability;0;1;2;Extern (Intentional);Unknown;Weak;Unknown;Network;HIBP;1;0;0
hibp-2018-10-10-MoreleNet-morele.net-Morele.net;MoreleNet;In October 2018, the Polish e-commerce website Morele.net suffered a data breach. The incident exposed almost 2.5 million unique email addresses alongside phone numbers, names and passwords stored as md5crypt hashes.;10.10.18 00:00;Non-EU;Linkability, Identifiability;0;2;0;Extern (Intentional);Unknown;Weak;Unknown;Network;HIBP;1;0;1
hibp-2018-06-17-MortalOnline-mortalonline.com-Mortal Online;MortalOnline;In June 2018, the massively multiplayer online role-playing game (MMORPG) Mortal Online suffered a data breach. A file containing 570k email addresses and cracked passwords was subsequently distributed online. A larger more complete file containing 607k email addresses with original unsalted MD5 password hashes along with names, usernames and physical addresses was later provided and the original breach in HIBP was updated accordingly. The data was provided to HIBP by whitehat security researcher and data analyst Adam Davies.;17.06.18 00:00;Non-EU;Linkability, Identifiability;0;2;0;Extern (Intentional);Drive-by Compromise;Strong;Unknown;Network;HIBP;1;0;1
hibp-2022-11-24-MovieForums-movieforums.com-Movie Forums;MovieForums;In December 2022, the Movie Forums website suffered a data breach that affected 40k users. The breach exposed email and IP addresses, usernames, dates of birth and passwords stored as easily crackable salted MD5 hashes. The data was subsequently posted a popular clear web hacking forum.;24.11.22 00:00;Non-EU;Linkability, Identifiability;0;1;0;Extern (Intentional);Unknown;Strong;Unknown;Network;HIBP;1;0;1
hibp-2024-04-15-MovieBoxPro-movieboxpro.app-MovieBoxPro;MovieBoxPro;In April 2024, over 6M records from the streaming service MovieBoxPro were scraped from a vulnerable API. Of questionable legality, the service provided no contact information to disclose the incident, although reportedly the vulnerability was rectified after being mass enumerated.;15.04.24 00:00;Non-EU;Linkability, Identifiability;0;1;0;Unknown;Unknown;Unknown;Unknown;Software, Services, Systems;HIBP;0;0;0
hibp-2024-03-01-MrGreenGaming-mrgreengaming.com-Mr. Green Gaming;MrGreenGaming;In March 2024, the online games community Mr. Green Gaming suffered a data breach that exposed 27k user records. Acknowledged on their Discord server, the incident exposed email and IP addresses, usernames, geographic locations and dates of birth.;01.03.24 00:00;Non-EU;Linkability, Identifiability;0;1;0;Extern (Intentional);Unknown;Unknown;Unknown;Hardware;HIBP;1;0;0
hibp-2024-07-07-MSI-msi.com-MSI;MSI;"In July 2024, MSI inadvertently exposed hundreds of thousands of customer records related to RMA claims that were subsequently found to be publicly accessible. The data included 250k unique email addresses alongside names, phone numbers, physical addresses and warranty claims. When contacted about the incident, MSI advised that ""there is no evidence the information was ever accessed"" and that ""the security incident we had did not trigger state data breach notification obligations"" due to the absence of ""(social security number, driver's license number….etc)"".";07.07.24 00:00;Non-EU;Linkability, Identifiability;0;2;0;Extern (Intentional);Drive-by Compromise;Unknown;Unknown;Network;HIBP;1;0;0
hibp-2024-06-09-mSpy2024-mspy.com-mSpy (2024);mSpy2024;In June 2024, a huge trove of data from spyware maker mSpy was obtained by hacktivists and published online. Comprising of 142GB of user data and support tickets along with 176GB of more than half a million attachments, the data contained 2.4M unique email addresses, IP addresses names and photos. The data was predominantly support tickets seeking help to install the spyware on target devices, whilst the attachments contained various data including screen grans of financial transactions, photos of credit cards and nude selfies.;09.06.24 00:00;Non-EU;Linkability, Identifiability, Non-compliance;0;2;2;Extern (Intentional);Unknown;Unknown;Profit-Oriented;Network;HIBP;1;0;0
hibp-2024-09-17-Muah-muah.ai-Muah.AI;Muah;"In September 2024, the ""AI girlfriend"" website Muah.AI suffered a data breach. The breach exposed 1.9M email addresses alongside prompts to generate AI-based images. Many of the prompts were highly sexual in nature, with many also describing child exploitation scenarios.";17.09.24 00:00;Non-EU;No Label;0;1;2;Extern (Intentional);Unknown;Unknown;Unknown;Network;HIBP;1;0;0
hibp-2018-09-01-MultiplayerIt-multiplayer.it-Multiplayer.it;MultiplayerIt;In April 2024, over half a million records taken from the Italian gaming website Multiplayer.it were posted to a popular hacking forum.  The impacted data included email addresses, usernames and salted MD5 password hashes. Multiplayer.it subsequently confirmed the breach dated back 6 years to September 2018 and was merely re-posted in 2024.;01.09.18 00:00;EU;Linkability;0;1;0;Unknown;Unknown;Strong;Unknown;Network;HIBP;1;0;1
hibp-2022-11-01-MyPertamina-mypertamina.id-MyPertamina;MyPertamina;In November 2022, the Indonesian oil and gas company Pertamina suffered a data breach of their MyPertamina service. The incident exposed 44M records with 6M unique email addresses along with names, dates of birth, genders, physical addresses and purchases.;01.11.22 00:00;Non-EU;Linkability, Identifiability;0;2;0;Extern (Intentional);Unknown;Unknown;Unknown;Network;HIBP;1;0;0
hibp-2025-10-24-MyVidster2025-myvidster.com-MyVidster (2025);MyVidster2025;In October 2025, the data of almost 4M MyVidster users was posted to a public hacking forum. Separate to the 2015 breach, this incident exposed usernames, email addresses and in a small number of cases, profile photos.;24.10.25 00:00;Non-EU;Linkability, Identifiability;0;1;0;Extern (Intentional);Phishing;Unknown;Unknown;Network;HIBP;1;0;0
hibp-2020-01-01-NamelessMalware--Nameless Malware;NamelessMalware;In January 2021, NordLocker provided HIBP 1.1 million email addresses collected by nameless malware. The malware campaign ran between 2018 and 2020 and infected 3.25 million computers, stealing files, credentials and taking screenshots and photos using the computer's webcam. Read more in NordLocker's writeup about the Nameless malware that stole 1.2 TB of private data.;01.01.20 00:00;Non-EU;Unawareness;1;1;2;Extern (Intentional);Unknown;Unknown;Unknown;Network;HIBP;1;0;0
hibp-2024-04-09-NationalPublicData--National Public Data;NationalPublicData;"In April 2024, a large trove of data made headlines as having exposed ""3 billion people"" due to a breach of the National Public Data background check service. The initial corpus of data released in the breach contained billions of rows of personal information, including US social security numbers. Further partial data sets were later released including extensive personal information and 134M unique email addresses, although the origin and accuracy of the data remains in question. This breach has been flagged as ""unverified"" and a full description of the incident is in the link above.";09.04.24 00:00;Non-EU;Linkability, Identifiability;0;2;0;Unknown;Drive-by Compromise;Unknown;Unknown;Network;HIBP;1;0;0
hibp-2023-09-20-NazApi--Naz.API;NazApi;"In September 2023, over 100GB of stealer logs and credential stuffing lists titled ""Naz.API"" was posted to a popular hacking forum. The incident contained a combination of email address and plain text password pairs alongside the service they were entered into, and standalone credential pairs obtained from unnamed sources. In total, the corpus of data included 71M unique email addresses and 100M unique passwords.";20.09.23 00:00;Non-EU;Linkability;0;1;0;Unknown;Unknown;;Unknown;Software, Services, Systems;HIBP;1;0;0
hibp-2025-07-25-HelloCake-hellocake.com-Hello Cake;HelloCake;In July 2025, the sexual healthcare product maker Hello Cake suffered a data breach. The data was subsequently posted on a public hacking forum and included 23k unique email addresses along with names, phone numbers, physical addresses, dates of birth and purchases.;25.07.25 00:00;Non-EU;Linkability, Identifiability, Disclosure of information, Non-compliance;0;2;2;Extern (Intentional);Unknown;Unknown;Unknown;Network;HIBP;1;0;0
hibp-2020-12-21-NetGalley-netgalley.com-NetGalley;NetGalley;In December 2020, the book promotion site NetGalley suffered a data breach. The incident exposed 1.4 million unique email addresses alongside names, usernames, physical and IP addresses, phone numbers, dates of birth and passwords stored as salted SHA-1 hashes.;21.12.20 00:00;Non-EU;Linkability, Identifiability;0;2;0;Extern (Intentional);Unknown;Weak;Unknown;Network;HIBP;1;0;1
hibp-2020-09-28-Nitro-gonitro.com-Nitro;Nitro;In September 2020, the Nitro PDF service suffered a massive data breach which exposed over 70 million unique email addresses. The breach also exposed names, bcrypt password hashes and the titles of converted documents. The data was provided to HIBP by dehashed.com.;28.09.20 00:00;Non-EU;Linkability, Identifiability;0;1;0;Extern (Intentional);Unknown;Strong;Unknown;Network;HIBP;1;0;0
hibp-2024-08-03-NotSOCRadar--Not SOCRadar;NotSOCRadar;"In August 2024, over 332M rows of email addresses were posted to a popular hacking forum. The post alleged the addresses were scraped from cybersecurity firm SOCRadar, however an investigation on their behalf concluded that ""the actor merely utilised functionalities inherent in the platform's standard offerings, designed to gather information from publicly available sources"". There is no suggestion the incident compromised SOCRadar's security or posed any risk to their customers. In total, the data set contained 282M unique addresses of valid email address format.";03.08.24 00:00;Non-EU;No Label;0;1;0;Unknown;Unknown;Unknown;Challenge/Fun;Software, Services, Systems;HIBP;1;0;0
hibp-2020-05-20-NulledCH-nulled.ch-Nulled.ch;NulledCH;In May 2020, the hacking forum Nulled.ch was breached and the data published to a rival hacking forum. Over 43k records were compromised and included IP and email addresses, usernames and passwords stored as salted MD5 hashes alongside the private message history of the website's admin.;20.05.20 00:00;Non-EU;Linkability, Identifiability;0;1;0;Unknown;Unknown;Strong;Unknown;Network;HIBP;1;0;1
hibp-2021-02-12-NurseryCam-nurserycam.co.uk-NurseryCam;NurseryCam;In February 2021, a series of egregiously bad security flaws were identified in the NurseryCam system designed for parents to remotely monitor their children whilst attending nursery. The flaws led to the exposure of over 10k parent records before the service was shut down. The email addresses alone were provided to Have I Been Pwned to ensure parents were properly notified of the incident.;12.02.21 00:00;Non-EU;No Label;0;1;0;Unknown;Unknown;Unknown;Unknown;Network;HIBP;1;0;0
hibp-2022-02-23-NVIDIA-nvidia.com-NVIDIA;NVIDIA;In February 2022, microchip company NVIDIA suffered a data breach that exposed employee credentials and proprietary code. Impacted data included over 70k employee email addresses and NTLM password hashes, many of which were subsequently cracked and circulated within the hacking community.;23.02.22 00:00;Non-EU;Linkability;0;1;0;Extern (Intentional);Unknown;Weak;Unknown;Network;HIBP;1;0;0
hibp-2020-06-21-NotAcxiom--Not Acxiom;NotAcxiom;"In 2020, a corpus of data containing almost a quarter of a billion records spanning over 400 different fields was misattributed to database marketing company Acxiom and subsequently circulated within the hacking community. On review, Acxiom concluded that ""the claims are indeed false and that the data, which has been readily available across multiple environments, does not come from Acxiom and is in no way the subject of an Acxiom breach"". The data contained almost 52M unique email addresses.";21.06.20 00:00;Non-EU;Linkability, Identifiability;0;2;0;Unknown;Unknown;Unknown;Unknown;Software, Services, Systems;HIBP;1;0;0
hibp-2018-12-26-OGUsers-ogusers.com-OGUsers (2019 breach);OGUsers;In May 2019, the account hijacking and SIM swapping forum OGusers suffered a data breach. The breach exposed a database backup from December 2018 which was published on a rival hacking forum. There were 161k unique email addresses spread across 113k forum users and other tables in the database. The exposed data also included usernames, IP addresses, private messages and passwords stored as salted MD5 hashes.;26.12.18 00:00;Non-EU;Linkability, Identifiability;0;1;0;Extern (Intentional);Unknown;Strong;Unknown;Software, Services, Systems;HIBP;1;0;1
hibp-2020-04-02-OGUsers2020-ogusers.com-OGUsers (2020 breach);OGUsers2020;In April 2020, the account hijacking and SIM swapping forum OGUsers suffered their second data breach in less than a year. As with the previous breach, the exposed data included email and IP addresses, usernames, private messages and passwords stored as salted MD5 hashes. A total of 263k email addresses across user accounts and other tables were posted to a rival hacking forum.;02.04.20 00:00;Non-EU;Linkability, Identifiability;0;1;0;Extern (Intentional);Unknown;Strong;Unknown;Network;HIBP;1;0;1
hibp-2021-04-11-OGUsers2021-ogusers.com-OGUsers (2021 breach);OGUsers2021;In April 2021, the account hijacking and SIM swapping forum OGusers suffered a data breach, the fourth since December 2018. The breach was subsequently sold on a rival hacking forum and contained usernames, email and IP addresses and passwords stored as either salted MD5 or argon2 hashes. A total of 348k unique email addresses appeared in the breach.;11.04.21 00:00;Non-EU;Linkability, Identifiability;0;1;0;Extern (Intentional);Unknown;Strong;Profit-Oriented;Network;HIBP;1;0;1
hibp-2022-07-13-OGUsers2022-ogusers.com-OGUsers (2022 breach);OGUsers2022;In July 2022, the account hijacking and SIM swapping forum OGusers suffered a data breach, the fifth since December 2018. The breach contained usernames, email and IP addresses and passwords stored as argon2 hashes. A total of 529k unique email addresses appeared in the breach.;13.07.22 00:00;Non-EU;Linkability, Identifiability;0;1;0;Extern (Intentional);Unknown;Strong;Unknown;Unknown;HIBP;1;0;1
hibp-2025-06-08-Omnicuris-omnicuris.com-Omnicuris;Omnicuris;In June 2025, the Indian CME platform Omnicuris suffered a data breach that exposed approximately 200k records of healthcare professionals. The data included names, email addresses, phone numbers, geographic locations and other data attributes relating to professional expertise and training progress. Omnicuris is aware of the incident.;08.06.25 00:00;Non-EU;Linkability, Identifiability;0;2;0;Extern (Intentional);Unknown;Unknown;Unknown;Unknown;HIBP;1;0;0
hibp-2022-09-19-OnlineTrade-onlinetrade.ru-Online Trade (______ _____);OnlineTrade;In September 2022, the Russian e-commerce website Online Trade (______ _____) suffered a data breach that exposed 3.8M customer records. The data included email and IP addresses, names, phone numbers, dates of birth and MD5 password hashes.;19.09.22 00:00;Non-EU;Linkability, Identifiability;0;2;0;Extern (Intentional);Unknown;Weak;Unknown;Network;HIBP;1;0;0
hibp-2021-08-01-OpenSubtitles-opensubtitles.org-Open Subtitles;OpenSubtitles;In August 2021, the subtitling website Open Subtitles suffered a data breach and subsequent ransom demand. The breach exposed almost 7M subscribers' personal data including email and IP addresses, usernames, the country of the user and passwords stored as unsalted MD5 hashes.;01.08.21 00:00;Non-EU;Linkability, Identifiability;0;1;0;Extern (Intentional);Unknown;Strong;Profit-Oriented;Network;HIBP;1;0;1
hibp-2024-05-30-OperationEndgame--Operation Endgame;OperationEndgame;"In May 2024, a coalition of international law enforcement agencies took down a series of botnets in a campaign they coined ""Operation Endgame"". Data seized in the operation included impacted email addresses and passwords which were provided to HIBP to help victims learn of their exposure.";30.05.24 00:00;Non-EU;Linkability;2;1;0;Unknown;Unknown;Unknown;Strategic Pre-Positioning;Network;HIBP;1;0;0
hibp-2025-05-23-OperationEndgame2--Operation Endgame 2.0;OperationEndgame2;"In May 2025, a coalition of law enforcement agencies took down the criminal infrastructure behind the malware used to launch ransomware attacks in a new phase of ""Operation Endgame"". This followed the first Operation Endgame exercise a year earlier, with the latest action resulting in 15.3M victim email addresses being provided to HIBP by law enforcement. A further 43.8M victim passwords were also provided for HIBP's Pwned Passwords service.";23.05.25 00:00;Non-EU;Linkability;2;1;0;Extern (Intentional);Unknown;Unknown;Profit-Oriented;Network;HIBP;1;0;0
hibp-2025-11-13-OperationEndgame3--Operation Endgame 3.0;OperationEndgame3;Between 10 and 13 November 2025, the latest phase of Operation Endgame was coordinated from Europol's headquarters in The Hague. The actions targeted one of the biggest infostealer Rhadamanthys, the Remote Access Trojan VenomRAT, and the botnet Elysium, all of which played a key role in international cybercrime. Authorities took down these three large cybercrime enablers and provided 2 million impacted email addresses and 7.4 million passwords to HIBP.;13.11.25 00:00;Non-EU;Linkability;2;1;0;Unknown;Unknown;Unknown;Strategic Pre-Positioning;Hardware;HIBP;1;0;0
hibp-2025-02-24-OrangeRomania-orange.ro-Orange Romania;OrangeRomania;In February 2025, the Romanian arm of telecommunications company Orange suffered a data breach which was subsequently published to a popular hacking forum. The data included 556k email addresses (of which hundreds of thousands were in the form of [phone number]@as1.romtelecom.net), phone numbers, subscription details, partial credit card data (type, last 4 digits, expiration date and issuing bank). The breach also exposed an extensive number of internal documents.;24.02.25 00:00;EU;Linkability, Identifiability;0;1;0;Extern (Intentional);Unknown;Unknown;Profit-Oriented;Network;HIBP;1;0;0
hibp-2020-06-29-OrderSnapp-ordersnapp.com-OrderSnapp;OrderSnapp;In June 2020, the restaurant solutions provider OrderSnapp suffered a data breach which exposed 1.3M unique email addresses. Impacted data also included names, phone numbers, dates of birth and passwords stored as bcrypt hashes. The data was provided to HIBP by dehashed.com.;29.06.20 00:00;Non-EU;Linkability, Identifiability;0;2;0;Extern (Intentional);Unknown;Strong;Unknown;Network;HIBP;1;0;1
hibp-2019-05-07-OrdineAvvocatiDiRoma-ordineavvocatiroma.it-Ordine Avvocati di Roma;OrdineAvvocatiDiRoma;In May 2019, the Lawyers Order of Rome suffered a data breach by a group claiming to be Anonymous Italy. Data on tens of thousands of Roman lawyers was taken from the breached system and redistributed online. The data included contact information, email addresses and email messages themselves encompassing tens of thousands of unique email addresses. A total of 42k unique addresses appeared in the breach.;07.05.19 00:00;EU;Linkability, Identifiability;0;1;0;Extern (Intentional);Unknown;Unknown;Unknown;Network;HIBP;1;0;0
hibp-2024-07-01-Otelier-otelier.com-Otelier;Otelier;In July 2024, a threat actor gained access to the hotel management platform Otelier and retrieved customer data from well-known hotel brands including Marriott, Hilton, and Hyatt. The data included 437k customer email addresses (a further 868k generated email addresses from the booking.com and Expedia platforms were not loaded into HIBP), names, physical addresses, phone numbers, booking information related to travel plans, purchases recorded by the platform and in a small number of cases, partial credit card data.;01.07.24 00:00;Non-EU;Linkability, Identifiability;0;2;0;Unknown;Unknown;Unknown;Profit-Oriented;Network;HIBP;1;0;0
hibp-2021-01-20-Oxfam-oxfam.org.au-Oxfam;Oxfam;In January 2021, Oxfam Australia was the victim of a data breach which exposed 1.8M unique email addresses of supporters of the charity. The data was put up for sale on a popular hacking forum and also included names, phone numbers, addresses, genders and dates of birth. A small number of people also had partial credit card data exposed (the first 6 and last 3 digits of the card, plus card type and expiry) and in some cases the bank name, account number and BSB were also exposed. The data was subsequently made freely available on the hacking forum later the following month.;20.01.21 00:00;Non-EU;Linkability, Identifiability;0;2;0;Extern (Intentional);Unknown;Unknown;Profit-Oriented;Network;HIBP;1;0;0
hibp-2020-01-04-Pampling-pampling.com-Pampling;Pampling;In January 2020, the online clothing retailer Pampling suffered a data breach that exposed 383k unique customer email addresses. The data was later shared on a popular hacking forum and also included names, usernames and unsalted MD5 password hashes.;04.01.20 00:00;Non-EU;Linkability, Identifiability;0;1;0;Extern (Intentional);Unknown;Strong;Unknown;Network;HIBP;1;0;1
hibp-2024-03-31-Pandabuy-pandabuy.com-Pandabuy;Pandabuy;"In March 2024, 1.3M unique email addresses from the online store for purchasing goods from China, Pandabuy, were posted to a popular hacking forum. The data also included IP and physical addresses, names, phone numbers and order enquiries. The breach was alleged to be attributed to ""Sanggiero"" and ""IntelBroker"".";31.03.24 00:00;Non-EU;Linkability, Identifiability;0;2;0;Unknown;Unknown;Unknown;Unknown;Network;HIBP;1;0;0
hibp-2026-01-07-PaneraBread-panerabread.com-Panera Bread;PaneraBread;"In January 2026, Panera Bread suffered a data breach that exposed 14M records. After an attempted extortion failed, the attackers published the data publicly, which included 5.1M unique email addresses along with associated account information such as names, phone numbers and physical addresses. Panera Bread subsequently confirmed that ""the data involved is contact information"" and that authorities were notified.";07.01.26 00:00;Non-EU;Linkability, Identifiability;0;2;0;Extern (Intentional);Unknown;Unknown;Profit-Oriented;Network;HIBP;1;0;0
hibp-2021-05-22-ParagonCheats-paragoncheats.com-Paragon Cheats;ParagonCheats;In May 2021, the Grand Theft Auto Online cheats website Paragon Cheats suffered a data breach that lead to the shutdown of the service. The breach exposed 188k customer records including usernames, email and IP addresses.;22.05.21 00:00;Non-EU;Linkability, Identifiability;0;1;0;Extern (Intentional);Unknown;Unknown;Disruption of Functionality;Network;HIBP;1;0;0
hibp-2021-03-21-ParkMobile-parkmobile.io-ParkMobile;ParkMobile;In March 2021, the mobile parking app service ParkMobile suffered a data breach which exposed 21 million customers' personal data. The impacted data included email addresses, names, phone numbers, vehicle licence plates and passwords stored as bcrypt hashes. The following month, the data appeared on a public hacking forum where it was extensively redistributed.;21.03.21 00:00;Non-EU;Linkability, Identifiability;0;2;0;Extern (Intentional);Unknown;Strong;Unknown;Network;HIBP;1;0;1
hibp-2025-12-17-PassSport-pass.sports.gouv.fr-Pass'Sport;PassSport;In December 2025, data from France's Pass'Sport program was posted to a popular hacking forum. Initially misattributed to CAF (the French family allowance fund), the data contained 6.5M unique email addresses affecting 3.5M households. The data also included names, phone numbers, genders and physical addresses. The Ministry of Sports subsequently released a statement acknowledging the incident.;17.12.25 00:00;EU;Linkability, Identifiability;0;2;0;Unknown;Automated Exfiltration;Unknown;Challenge/Fun;Network;HIBP;1;0;0
hibp-2022-03-27-PayHere-payhere.lk-PayHere;PayHere;In late March 2022, the Sri Lankan payment gateway PayHere suffered a data breach that exposed more than 65GB of payment records including over 1.5M unique email addresses. The data also included IP and physical addresses, names, phone numbers, purchase histories and partially obfuscated credit card data (card type, first 6 and last 4 digits plus expiry date). A month later, PayHere published a blog on the incident titled Ensuring Integrity on PayHere Cybersecurity Incident.;27.03.22 00:00;Non-EU;Linkability, Identifiability;0;2;0;Extern (Intentional);Unknown;Unknown;Profit-Oriented;Network;HIBP;1;0;0
hibp-2022-04-29-PaySystemTech-paysystem.tech-PaySystem.tech;PaySystemTech;"In mid-2022, data alleged to have been sourced from the Russian payment provider PaySystem.tech appeared in hacking circles where it was made publicly available for download. Consisting of 16M rows with 1.4M unique email addresses, the data also included purchases and full credit card numbers and expiry dates. The data could not be independently attributed back to PaySystem.tech and the breach has been flagged as ""unverified"".";29.04.22 00:00;Non-EU;Linkability, Identifiability;0;1;0;Unknown;Unknown;Unknown;Profit-Oriented;Network;HIBP;1;0;0
hibp-2020-08-30-Paytm-paytm.com-Paytm;Paytm;In August 2020, the Indian payment provider Paytm was reported as having suffered a data breach and subsequent ransom demand, after which the data was circulated publicly. Further investigation into the data concluded that the breach was fabricated and did not originate from Paytm. The impacted data covered 3.4M unique email addresses along with names, phone numbers, genders, dates of birth, income levels and previous purchases.;30.08.20 00:00;Non-EU;Linkability, Identifiability;0;2;0;Extern (Intentional);Drive-by Compromise;Unknown;Profit-Oriented;Software, Services, Systems;HIBP;1;0;0
hibp-2024-05-25-pcTattletale-pctattletale.com-pcTattletale;pcTattletale;In May 2024, the spyware service pcTattletale suffered a data breach that defaced the website and posted tens of gigabytes of data to the homepage, allegedly due to pcTattletale not responding to a previous security vulnerability report. The breach exposed data including membership records, infected PC names, captured messages and extensive logs of IP addresses and device information.;25.05.24 00:00;Non-EU;Linkability, Identifiability, Detectability, Disclosure of information, Non-compliance;0;2;2;Extern (Intentional);Unknown;;Espionage;Software, Services, Systems;HIBP;1;0;0
hibp-2019-01-20-Peatix-peatix.com-Peatix;Peatix;In January 2019, the event organising platform Peatix suffered a data breach. The incident exposed 4.2M email addresses, names and salted password hashes. The data was provided to HIBP by dehashed.com.;20.01.19 00:00;Non-EU;Linkability, Identifiability;0;1;0;Extern (Intentional);Unknown;Weak;Unknown;Network;HIBP;1;0;0
hibp-2020-12-16-PeoplesEnergy-peoplesenergy.co.uk-People's Energy;PeoplesEnergy;In December 2020, the UK power company People's Energy suffered a data breach. The breach exposed almost 7GB of files containing 359k unique email addresses along with names, phones numbers, physical addresses and dates of birth. The incident also included People's Energy staff email addresses and bcrypt password hashes (no customer passwords were exposed).;16.12.20 00:00;Non-EU;Linkability, Identifiability;0;2;0;Extern (Intentional);Unknown;Strong;Unknown;Network;HIBP;1;0;0
hibp-2023-02-25-CERTPolandPhish--Phished Data via CERT Poland;CERTPolandPhish;In August 2023, CERT Poland observed a phishing campaign that collected credentials from 68k victims. The campaign collected email addresses and passwords via a phishing email masquerading as a purchase order confirmation. CERT Poland identified a further 202 other phishing campaigns operating on the same C2 server, which has now been dismantled.;25.02.23 00:00;Non-EU;Linkability;2;1;0;Extern (Intentional);Exfiltration Over C2 Channel, Phishing;Unknown;Unknown;Hardware;HIBP;1;0;0
hibp-2021-06-05-Phoenix-phoenixim.ddns.net-Phoenix;Phoenix;"In mid-2021, the ""vintage messaging reborn"" service Phoenix suffered a data breach that exposed 75k unique email addresses. The breach also exposed IP addresses, usernames and passwords.";05.06.21 00:00;Non-EU;Linkability, Identifiability;0;1;0;Extern (Intentional);Unknown;Unknown;Unknown;Network;HIBP;1;0;0
hibp-2021-04-08-PhoneHouse-phonehouse.es-Phone House España;PhoneHouse;In April 2021, the Spanish retailer Phone House allegedly suffered a ransomware attack that also exposed significant volumes of customer data. Attributed to the Babuk ransomware, a collection of data alleged to be a subset of a larger corpus was posted to a dark web site and contained 5.2M email addresses along with names, nationalities, genders, dates of birth, phone numbers and physical addresses. Phone House has been threatened with further releases if a ransom is not paid.;08.04.21 00:00;EU;Linkability, Identifiability;0;2;0;Extern (Intentional);Unknown;Unknown;Profit-Oriented;Network;HIBP;1;0;0
hibp-2025-07-30-ThePi-Hole-pi-hole.net-Pi-hole;ThePi-Hole;In July 2025, a vulnerability in the GiveWP WordPress plugin exposed the names and email addresses of approximately 30k donors to the Pi-hole network-wide ad blocking project. Pi-hole subsequently self-submitted the list of impacted donors to HIBP.;30.07.25 00:00;Non-EU;Linkability, Identifiability;0;1;0;Unknown;Unknown;Unknown;Unknown;Network;HIBP;1;0;0
hibp-2024-04-24-PipingRock-pipingrock.com-Piping Rock;PipingRock;In April 2024, 2.1M email addresses from the online health products store Piping Rock were publicly posted to a popular hacking forum. The data also included names, phone numbers and physical addresses. The account posting the data had previously posted multiple other data breaches which all appear to have been obtained from the Shopify service used by the respective websites.;24.04.24 00:00;Non-EU;Linkability, Identifiability;0;2;0;Extern (Intentional);Unknown;Unknown;Unknown;Network;HIBP;1;0;0
hibp-2020-10-07-Pixlr-pixlr.com-Pixlr;Pixlr;In October 2020, the online photo editing application Pixlr suffered a data breach exposing 1.9 million subscribers. Impacted data included names, email addresses, social media profiles, the country signed up from and passwords stored as SHA-512 hashes. The data was provided to HIBP by dehashed.com.;07.10.20 00:00;Non-EU;Linkability, Identifiability;0;2;0;Extern (Intentional);Unknown;Strong;Unknown;Software, Services, Systems;HIBP;1;0;1
hibp-2023-01-14-PlanetIce-planet-ice.co.uk-Planet Ice;PlanetIce;In January 2023, the UK-based ice skating rink booking service Planet Ice suffered a data breach. The incident exposed the personal data of 240k people including email and physical addresses, phone numbers, genders, dates of birth and passwords stored as MD5 hashes. The data also included the names, genders and dates of birth of children having parties.;14.01.23 00:00;Non-EU;Linkability, Identifiability;0;2;0;Extern (Intentional);Unknown;Weak;Unknown;Network;HIBP;1;0;1
hibp-2020-10-19-Playbook-playbook.vc-Playbook;Playbook;In September 2021, a publicly accessible PostgresSQL database belonging to the Playbook service was identified. Run by VC firm Plug and Play Ventures, the database had been exposed since October 2020 and contained more than 50 thousand unique email addresses along with names, phone numbers, job titles and passwords stored as PBKDF2 hashes. It took more than 2 weeks after being notified of the exposed data to properly secure it. It's unknown whether Plug and Play Ventures notified impacted individuals as they ceased responding to queries from the press.;19.10.20 00:00;Non-EU;Linkability, Identifiability;0;2;0;Unknown;Unknown;Strong;Unknown;Software, Services, Systems;HIBP;1;0;1
hibp-2023-08-09-PlayCyberGames-playcybergames.com-PlayCyberGames;PlayCyberGames;"In August 2023, PlayCyberGames which ""allows users to play any games with LAN function or games using IP address"" suffered a data breach which exposed 3.7M customer records. The data included email addresses, usernames and MD5 password hashes with a constant value in the ""salt"" field. PlayCyberGames did not respond to multiple attempts to disclose the breach.";09.08.23 00:00;Non-EU;Linkability, Identifiability;0;1;0;Extern (Intentional);Unknown;Weak;Challenge/Fun;Network;HIBP;1;0;0
hibp-2018-10-12-PlutoTV-pluto.tv-Pluto TV;PlutoTV;"In October 2018, the internet television service Pluto TV suffered a data breach which was then shared extensively in hacking communities. Pluto TV ""decided not to proactively inform users of the breach"" which contained 3.2M unique email and IP addresses, names, usernames, genders, dates of birth and passwords stored as bcrypt hashes. The data was provided to HIBP by dehashed.com.";12.10.18 00:00;Non-EU;Linkability, Identifiability, Detectability;0;2;0;Extern (Intentional);Unknown;Strong;Unknown;Network;HIBP;1;0;1
hibp-2019-07-01-PlanetCalypso-planetcalypsoforum.com-Planet Calypso;PlanetCalypso;In approximately July 2019, the forums for the Planet Calypso game suffered a data breach. The breach of the vBulletin based forum exposed email and IP addresses, usernames and passwords stored as salted MD5 hashes.;01.07.19 00:00;Non-EU;Linkability, Identifiability;0;1;0;Extern (Intentional);Unknown;Strong;Unknown;Network;HIBP;1;0;1
hibp-2024-11-14-PoinCampus-poincampus.com-PoinCampus;PoinCampus;In November 2024, the South Korean education platform PoinCampus suffered a data breach which was later published to a popular hacking forum. The data included 89k unique email addresses, names and a small number of phone numbers and dates of birth.;14.11.24 00:00;Non-EU;Linkability, Identifiability;0;2;0;Extern (Intentional);Unknown;Unknown;Unknown;Network;HIBP;1;0;0
hibp-2023-05-29-PolishCredentials--Polish Credentials;PolishCredentials;In May 2023, a credential stuffing list of 6.3M Polish email address and password pairs appeared on a local forum. Likely obtained by malware running on victims' machines, each record included an email address and plain text password alongside the website the credentials were used on. The data included 1.2M unique email addresses.;29.05.23 00:00;Non-EU;Linkability;0;1;0;Extern (Intentional);Unknown;;Unknown;Network;HIBP;1;0;0
hibp-2020-05-25-PreenMe-preen.me-Preen.Me;PreenMe;In May 2020, social media marketing company Preen.Me was the target of a ransom attack that resulted in hundreds of thousands of records being publicly posted. Over 236k unique email addresses were exposed in the attack alongside names, usernames and links to social media profiles.;25.05.20 00:00;Non-EU;Linkability, Identifiability;0;2;0;Unknown;Unknown;Unknown;Profit-Oriented;Network;HIBP;1;0;0
hibp-2020-06-26-ProctorU-proctoru.com-ProctorU;ProctorU;In June 2020, the online exam service ProctorU suffered a data breach which was subsequently shared extensively across online hacking communities. The breach contained 444k user records including names, email and physical addresses, phones numbers and passwords stored as bcrypt hashes. The data was provided to HIBP by breachbase.pw.;26.06.20 00:00;Non-EU;Linkability, Identifiability;0;2;0;Extern (Intentional);Unknown;Strong;Unknown;Network;HIBP;1;0;1
hibp-2020-06-22-Promo-promo.com-Promo;Promo;"In July 2020, the self-proclaimed ""World's #1 Marketing Video Maker"" Promo suffered a data breach which was then shared extensively on a hacking forum. The incident exposed 22 million records containing almost 15 million unique email addresses alongside IP addresses, genders, names and salted SHA-256 password hashes. The data was provided to HIBP by dehashed.com.";22.06.20 00:00;Non-EU;Linkability, Identifiability;0;2;0;Extern (Intentional);Unknown;Strong;Unknown;Network;HIBP;1;0;1
hibp-2019-08-03-Promofarma-promofarma.com-Promofarma;Promofarma;In August 2019, a data breach from the Spanish online pharmacy Promofarma appeared for sale on a dark web marketplace. The breach exposed over 2.7M records and contained almost 1.3M unique customer email addresses. The data also included customer names and was provided to HIBP by dehashed.com.;03.08.19 00:00;Non-EU;Linkability, Identifiability;0;1;0;Extern (Intentional);Unknown;Unknown;Unknown;Network;HIBP;1;0;0
hibp-2025-09-01-Prosper-prosper.com-Prosper;Prosper;In September 2025, Prosper announced that it had detected unauthorised access to their systems, which resulted in the exposure of customer and applicant information. The data breach impacted 17.6M unique email addresses, along with other customer information, including US Social Security numbers. Prosper advised that they did not find any evidence of unauthorised access to customer accounts and funds, and that their customer-facing operations were uninterrupted. Further information about the incident is contained in Prosper's FAQs.;01.09.25 00:00;Non-EU;Linkability, Identifiability;0;2;0;Extern (Intentional);Unknown;Unknown;Challenge/Fun;Network;HIBP;1;0;0
hibp-2021-10-04-Protemps-protemps.com.sg-Protemps;Protemps;In October 2021, the Singaporean recruitment website Protemps suffered a data breach that exposed almost 50,000 unique email addresses. The impacted data includes names, email and physical addresses, phone numbers, passport numbers and passwords stored as unsalted MD5 hashes, among troves of other jobseeker data.;04.10.21 00:00;Non-EU;Linkability, Identifiability;0;2;0;Extern (Intentional);Unknown;Strong;Unknown;Network;HIBP;1;0;1
hibp-2021-08-19-BVD-bvdinfo.com-Public Business Data;BVD;"In approximately August 2021, hundreds of gigabytes of business data collated from public sources was obtained and later published to a popular hacking forum. Sourced from a customer of Bureau van Dijk's (BvD) ""Orbis"" product, the corpus of data released contained hundreds of millions of lines about corporations and individuals, including personal information such as names and dates of birth. The data also included 28M unique email addresses along with physical addresses (presumedly corporate locations), phone numbers and job titles. There was no unauthorised access to BvD's systems, nor did the incident expose any of their or parent company's Moody's clients.";19.08.21 00:00;Non-EU;Linkability, Identifiability;0;2;0;Unknown;Unknown;Unknown;Unknown;Network;HIBP;1;0;0
hibp-2023-08-29-Qakbot--Qakbot;Qakbot;In August 2023, the US Justice Department announced a multinational operation involving actions in the United States, France, Germany, the Netherlands, and the United Kingdom to disrupt the botnet and malware known as Qakbot and take down its infrastructure. After the takedown, 6.43M email addresses were provided to HIBP to help notify victims of the malware.;29.08.23 00:00;Non-EU;Linkability;2;1;2;Extern (Intentional);Unknown;Unknown;Strategic Pre-Positioning;Network;HIBP;1;0;0
hibp-2021-07-09-Qraved-qraved.com-Qraved;Qraved;In July 2021, the Indonesian restaurant website Qraved suffered a data breach that was later redistributed as part of a larger corpus of data. The breach exposed almost 1M unique email addresses along with names, phone numbers, dates of birth and passwords stored as MD5 hashes.;09.07.21 00:00;Non-EU;Linkability, Identifiability;0;2;0;Extern (Intentional);Unknown;Weak;Unknown;Network;HIBP;1;0;1
hibp-2022-05-21-QuestionPro-questionpro.com-QuestionPro;QuestionPro;"In May 2022, the survey website QuestionPro was the target of an extortion attempt relating to an alleged data breach. Over 100GB of data containing 22M unique email addresses (some of which appear to be generated by the platform), are alleged to have been extracted from the service along with IP addresses, browser user agents and results relating to surveys. QuestionPro would not confirm whether a breach had occurred (although they did confirm they were the target of an extortion attempt), so the data was initially flagged as ""unverified"". Subsequent verification by impacted HIBP subscribers later led to the removal of the unverified flag.";21.05.22 00:00;Non-EU;Linkability, Identifiability;0;1;0;Extern (Intentional);Unknown;Unknown;Profit-Oriented;Network;HIBP;1;0;0
hibp-2019-07-01-Quidd-quidd.co-Quidd;Quidd;In 2019, online marketplace for trading stickers, cards, toys, and other collectibles Quidd suffered a data breach. The breach exposed almost 4 million users' email addresses, usernames and passwords stored as bcrypt hashes. The data was subsequently sold then redistributed extensively via hacking forums.;01.07.19 00:00;Non-EU;Linkability, Identifiability;0;1;0;Extern (Intentional);Unknown;Strong;Profit-Oriented;Network;HIBP;1;0;1
hibp-2020-09-24-RaidForums-raidforums.com-RaidForums;RaidForums;"In May 2023, 478k user records from the now defunct hacking forum known as ""RaidForums"" was posted to another hacking forum. The data dated back to September 2020 and included email addresses, usernames, dates of birth, IP addresses and passwords stored as Argon2 hashes.";24.09.20 00:00;Non-EU;Linkability, Identifiability;0;1;0;Unknown;Unknown;Strong;Challenge/Fun;Network;HIBP;1;0;1
hibp-2025-12-15-Raaga-raaga.com-Raaga;Raaga;"In December 2025, data allegedly breached from the Indian streaming music service ""Raaga"" was posted for sale to a popular hacking forum. The data contained 10M unique email addresses along with names, genders, ages (in some cases, full date of birth), postcodes and passwords stored as unsalted MD5 hashes.";15.12.25 00:00;Non-EU;Linkability, Identifiability;0;1;0;Unknown;Unknown;Strong;Unknown;Software, Services, Systems;HIBP;1;0;1
hibp-2022-12-26-RailYatri-railyatri.in-RailYatri;RailYatri;In December 2022, India’s government-approved online travel agency RailYatri suffered a data breach. The incident impacted over 31M customers and exposed 23M unique email addresses. Also impacted were names, genders, phone numbers and tickets purchased, including travel information and fares.;26.12.22 00:00;Non-EU;Linkability, Identifiability;0;2;0;Extern (Intentional);Unknown;Unknown;Unknown;Network;HIBP;1;0;0
hibp-2021-01-31-Raychat-raychat.ir-Raychat;Raychat;In January 2021, the now defunct Iranian social media platform Raychat suffered a data breach that exposed 939 thousand unique email addresses. The data included names, IP addresses, browser user agent strings and passwords stored as bcrypt hashes. The data was provided to HIBP by dehashed.com.;31.01.21 00:00;Non-EU;Linkability, Identifiability;0;2;0;Extern (Intentional);Unknown;Strong;Challenge/Fun;Network;HIBP;1;0;1
hibp-2018-08-06-RbxRocks-rbx.rocks-Rbx.Rocks;RbxRocks;"In August 2018, the Roblox trading site Rbx.Rocks suffered a data breach. Almost 25k records were sent to HIBP in November and included names, email addresses and passwords stored as bcrypt hashes. In July 2019, a further 125k records emerged bringing the total size of the incident to 150k. The website has since gone offline with a message stating that ""Rbx.Rocks v2.0 is currently under construction"".";06.08.18 00:00;Non-EU;Linkability, Identifiability;0;1;0;Extern (Intentional);Unknown;Strong;Unknown;Network;HIBP;1;0;1
hibp-2019-05-01-ReadNovel-readnovel.com-Read Novel;ReadNovel;In May 2019, the Chinese literature website Read Novel allegedly suffered a data breach that exposed 22M unique email addresses. Data also included usernames, genders, phone numbers and passwords stored as salted MD5 hashes. Read more about Chinese data breaches in Have I Been Pwned.;01.05.19 00:00;Non-EU;Linkability, Identifiability;0;1;0;Extern (Intentional);Unknown;Strong;Unknown;Network;HIBP;1;0;1
hibp-2022-10-22-RealDudesInc-realdudesinc.com-RealDudesInc;RealDudesInc;In October 2022, the GTA mod menu provider RealDudesInc suffered a data breach that exposed over 100k email addresses (many of which are temporary guest account addresses). The breach also included usernames and bcrypt password hashes.;22.10.22 00:00;Non-EU;Linkability, Identifiability;0;1;0;Extern (Intentional);Unknown;Strong;Unknown;Network;HIBP;1;0;0
hibp-2020-09-04-RedDoorz-reddoorz.com-RedDoorz;RedDoorz;In September 2020, the hotel management & booking platform RedDoorz suffered a data breach that exposed over 5.8M user accounts. The breached data included names, email addresses, phone numbers, genders, dates of birth and passwords stored as bcrypt hashes.;04.09.20 00:00;Non-EU;Linkability, Identifiability;0;2;0;Extern (Intentional);Unknown;Strong;Unknown;Network;HIBP;1;0;1
hibp-2021-12-05-RedLineStealer--RedLine Stealer;RedLineStealer;In December 2021, logs from the RedLine Stealer malware were left publicly exposed and were then obtained by security researcher Bob Diachenko. The data included 441 thousand unique email addresses, usernames and plain text passwords.;05.12.21 00:00;Non-EU;Linkability, Identifiability;1;1;0;Extern (Intentional);Exploit Public-Facing Application;;Unknown;Network;HIBP;1;0;1
hibp-2023-04-15-RentoMojo-rentomojo.com-RentoMojo;RentoMojo;In April 2023, the Indian rental service RentoMojo suffered a data breach. The breach exposed over 2M unique email addresses along with names, phone, passport and Aadhaar numbers, genders, dates of birth, purchases and bcrypt password hashes.;15.04.23 00:00;Non-EU;Linkability, Identifiability;0;2;0;Extern (Intentional);Unknown;Strong;Unknown;Network;HIBP;1;0;0
hibp-2021-09-11-RepublicanPartyOfTexas-texasgop.org-Republican Party of Texas;RepublicanPartyOfTexas;"In September 2021, the Republican Party of Texas was hacked by a group claiming to be ""Anonymous"" in retaliation for the state's controversial abortion ban. The September defacement was followed by a leak of data and documents which included material from the hosting provider Epik. Impacted data included over 72 thousand unique email addresses across various tables, some also including names, geographic location data, IP addresses and browser user agents.";11.09.21 00:00;Non-EU;Linkability, Identifiability;0;2;0;Unknown;Unknown;Unknown;Challenge/Fun;Network;HIBP;1;0;0
hibp-2023-07-09-Rightbiz-rightdev.co.uk-Rightbiz;Rightbiz;"In June 2023, data belonging to the ""UK's No.1 Business Marketplace"" Rightbiz appeared on a popular hacking forum. Comprising of more than 18M rows of data, the breach included 65k unique email addresses along with names, phone numbers and physical address. Rightbiz didn't respond to mulitple attempts to disclose the incident./a>.";09.07.23 00:00;Non-EU;Linkability, Identifiability;0;2;0;Unknown;Drive-by Compromise;Unknown;Unknown;Unknown;HIBP;1;0;0
hibp-2021-11-03-Robinhood-robinhood.com-Robinhood;Robinhood;In November 2021, the online trading platform Robinhood suffered a data breach after a customer service representative was socially engineered. The incident exposed over 5M customer email addresses and 2M customer names.;03.11.21 00:00;Non-EU;No Label;0;1;0;Extern (Intentional);Unknown;Unknown;Unknown;Network;HIBP;1;0;0
hibp-2024-06-01-RobinsonsMalls-robinsonsmalls.com-Robinsons Malls;RobinsonsMalls;In June 2024, the Philippines' largest shopping-mall operators Robinsons Malls suffered a data breach stemming from their mobile app. The incident exposed 195k unique email addresses along with names, phone numbers, dates of birth, genders and the user's city and province.;01.06.24 00:00;Non-EU;Linkability, Identifiability;0;2;0;Extern (Intentional);Unknown;Unknown;Unknown;Network;HIBP;1;0;0
hibp-2018-12-26-Roll20-roll20.net-Roll20;Roll20;In December 2018, the tabletop role-playing games website Roll20 suffered a data breach. Almost 4 million customers were impacted by the breach and had email and IP addresses, names, bcrypt hashes of passwords and the last 4 digits of credit cards exposed.;26.12.18 00:00;Non-EU;Linkability, Identifiability;0;2;0;Extern (Intentional);Unknown;Strong;Profit-Oriented;Hardware;HIBP;1;0;1
hibp-2020-12-18-RobloxDeveloperConference-rdcglobal.com-Roblox Developer Conference (2023);RobloxDeveloperConference;In July 2023, a list of alleged attendees from the 2017-2020 Roblox Developers Conferences was circulated on a forum. The data contained 4k unique email addresses along with names, usernames, dates of birth, phone numbers, physical and IP addresses and T-shirt sizes;18.12.20 00:00;Non-EU;Linkability, Identifiability;0;2;0;Unknown;Unknown;Unknown;Unknown;Network;HIBP;1;0;0
hibp-2018-06-01-Romwe-romwe.com-Romwe;Romwe;In mid-2018, the Hong Kong-based retailer Romwe suffered a data breach which exposed almost 20 million customers. The data was subsequently sold online and includes names, phone numbers, email and IP addresses, customer geographic locations and passwords stored as salted SHA-1 hashes. The data was provided to HIBP by dehashed.com.;01.06.18 00:00;Non-EU;Linkability, Identifiability;0;2;0;Extern (Intentional);Unknown;Weak;Profit-Oriented;Network;HIBP;1;0;1
hibp-2019-01-01-RoyalEnfield-royalenfield.com-Royal Enfield;RoyalEnfield;In January 2020, motorcycle maker Royal Enfield left a database publicly exposed that resulted in the inadvertent publication of over 400k customers. The impacted data included email and physical addresses, names, motorcycle information, social media profiles, passwords, and other personal information.;01.01.19 00:00;Non-EU;Linkability, Identifiability;0;2;0;Unknown;Exploit Public-Facing Application;Unknown;Unknown;Software, Services, Systems;HIBP;1;0;0
hibp-2024-04-02-SalvadoranCitizens--Salvadoran Citizens;SalvadoranCitizens;In April 2024, nearly 6 million records of Salvadoran citizens were published to a popular hacking forum. The data included names, dates of birth, phone numbers, physical addresses and nearly 1M unique email addresses. Further, over 5M corresponding profile photos were also included in the breach.;02.04.24 00:00;Non-EU;Linkability, Identifiability;0;2;0;Extern (Intentional);Unknown;Unknown;Unknown;Network;HIBP;1;0;0
hibp-2018-09-18-SaverSpy--SaverSpy;SaverSpy;"In September 2018, security researcher Bob Diachenko discovered a massive collection of personal details exposed in an unprotected Mongo DB instance. The data appears to have been used in marketing campaigns (possibly for spam purposes) but had little identifying data about it other than a description of ""Yahoo_090618_ SaverSpy"". The data set provided to HIBP had almost 2.5M unique email addresses (all of which were from Yahoo!) alongside names, genders and physical addresses.";18.09.18 00:00;Non-EU;Linkability, Identifiability, Non-compliance;1;2;2;Unknown;Unknown;Unknown;Unknown;Software, Services, Systems;HIBP;1;0;0
hibp-2025-03-30-SamsungGermany-samsung.de-Samsung Germany Customer Tickets;SamsungGermany;In March 2025, data from Samsung Germany was compromised in a data breach of their logistics provider, Spectos. Allegedly due to credentials being obtained by malware running on a Spectos employee's machine, the breach included 216k unique email addresses along with names, physical addresses, items purchased from Samsung Germany and related support tickets and shipping tracking numbers.;30.03.25 00:00;EU;Linkability, Identifiability, Detectability;0;2;0;Extern (Intentional);Unknown;Unknown;Unknown;Network;HIBP;1;0;0
hibp-2020-06-22-Scentbird-scentbird.com-Scentbird;Scentbird;In June 2020, the online fragrance service Scentbird suffered a data breach that exposed the personal information of over 5.8 million customers. Personal information including names, email addresses, genders, dates of birth, passwords stored as bcrypt hashes and indicators of password strength were all exposed. The data was provided to HIBP by breachbase.pw.;22.06.20 00:00;Non-EU;Linkability, Identifiability;0;1;0;Extern (Intentional);Unknown;Strong;Unknown;Network;HIBP;1;0;1
hibp-2024-08-15-schenkYOU-schenkyou.de-schenkYOU;schenkYOU;In September 2024, data from the online German gift store schenkYOU was put up for sale on a popular hacking forum. Obtained the month before, the data included 237k unique email addresses alongside names, dates of birth and salted SHA-256 password hashes. The standalone store was subsequently shut down with all traffic redirected to their Amazon store.;15.08.24 00:00;EU;Linkability, Identifiability;0;1;0;Unknown;Content Injection;Strong;Unknown;Network;HIBP;1;0;1
hibp-2023-01-15-SchoolDistrict42-sd42.ca-School District 42;SchoolDistrict42;In January 2023, Pitt Meadows School District 42 in British Columbia suffered a data breach. The incident exposed the names and email addresses of approximately 19k students and staff which were consequently redistributed on a popular hacking forum.;15.01.23 00:00;Non-EU;Linkability, Identifiability;0;1;0;Extern (Intentional);Unknown;Unknown;Unknown;Network;HIBP;1;0;0
hibp-2025-01-08-Scholastic-scholastic.com-Scholastic;Scholastic;In January 2025, a data breach of the publishing company Scholastic surfaced. The breach contained 4.2M unique email addresses with many of the records also including name, phone number and physical address.;08.01.25 00:00;Non-EU;Linkability, Identifiability;0;2;0;Extern (Intentional);Unknown;Unknown;Unknown;Network;HIBP;1;0;0
hibp-2023-08-30-MarketMoveis-marketmoveis.pt-Market Moveis;MarketMoveis;In August 2023, the Portuguese home decor company Market Moveis suffered a data breach that impacted 28k records. The exposed records were limited to names and email addresses.;30.08.23 00:00;EU;Linkability, Identifiability;0;1;0;Extern (Intentional);Unknown;Unknown;Profit-Oriented;Network;HIBP;1;0;0
hibp-2023-09-28-Shadow-shadow.tech-Shadow;Shadow;In September 2023, the cloud gaming provider Shadow suffered a data breach that exposed over half a million customer records. The data included email and physical addresses, names and dates of birth.;28.09.23 00:00;Non-EU;Linkability, Identifiability;0;2;0;Extern (Intentional);Unknown;Unknown;Unknown;Network;HIBP;1;0;0
hibp-2018-06-01-SHEIN-shein.com-SHEIN;SHEIN;In June 2018, online fashion retailer SHEIN suffered a data breach. The company discovered the breach 2 months later in August then disclosed the incident another month after that. A total of 39 million unique email addresses were found in the breach alongside MD5 password hashes.;01.06.18 00:00;Non-EU;Linkability;0;1;0;Extern (Intentional);Unknown;Weak;Unknown;Network;HIBP;1;0;0
hibp-2020-08-11-ShockGore-shockgore.com-ShockGore;ShockGore;In August 2020, the website for sharing graphic videos and images of gore and animal cruelty suffered a data breach. The breach exposed 74k unique email addresses alongside usernames, IP addresses, genders and unsalted SHA-1 password hashes. Private messages were also exposed, many containing requests for material of a depraved nature.;11.08.20 00:00;Non-EU;Linkability, Identifiability, Disclosure of information, Non-compliance;0;1;1;Extern (Intentional);Unknown;Weak;Unknown;Unknown;HIBP;1;0;1
hibp-2020-09-17-ShopBack-shopback.com-ShopBack;ShopBack;In September 2020, the cashback reward program ShopBack suffered a data breach. The incident exposed over 20 million unique email addresses along with names, phone numbers, country of residence and passwords stored as salted SHA-1 hashes. The data was provided to HIBP by dehashed.com.;17.09.20 00:00;Non-EU;Linkability, Identifiability;0;2;0;Extern (Intentional);Unknown;Weak;Unknown;Network;HIBP;1;0;1
hibp-2018-07-09-ShareThis-sharethis.com-ShareThis;ShareThis;In July 2018, the social bookmarking and sharing service ShareThis suffered a data breach. The incident exposed 41 million unique email addresses alongside names and in some cases, dates of birth and password hashes. In 2019, the data appeared listed for sale on a dark web marketplace (along with several other large breaches) and subsequently began circulating more broadly. The data was provided to HIBP by dehashed.com.;09.07.18 00:00;Non-EU;Linkability, Identifiability;0;1;0;Extern (Intentional);Unknown;Weak;Unknown;Network;HIBP;1;0;0
hibp-2020-09-14-ShopperPlus-shopperplus.ca-Shopper+;ShopperPlus;"In March 2023, ""Canada's online shopping mall"" Shopper+ disclosed a data breach discovered on a public hacking forum. The breach dated back to September 2020 and included 878k customer records with email and physical addresses, names, phone numbers and in some cases, genders and dates of birth.";14.09.20 00:00;Non-EU;Linkability, Identifiability;0;2;0;Extern (Intentional);Unknown;Unknown;Unknown;Network;HIBP;1;0;0
hibp-2024-06-28-ShoeZone-shoezone.com-Shoe Zone;ShoeZone;In June 2024, the UK footwear chain Shoe Zone disclosed a data breach that was subsequently posted for sale on a popular hacking forum. The data included over 100k orders containing names, addresses, partial credit card numbers (card type and last 4 digits), and 46k unique email addresses.;28.06.24 00:00;Non-EU;Linkability, Identifiability;0;2;0;Extern (Intentional);Unknown;Unknown;Profit-Oriented;Network;HIBP;1;0;0
hibp-2022-12-11-SevenRooms-sevenrooms.com-SevenRooms;SevenRooms;"In December 2022, over 400GB of data belonging to restaurant customer management platform SevenRooms was posted for sale to a popular hacking forum. The data included 1.2M unique email addresses alongside names and purchases. SevenRooms advised that the breach was due to unauthorised access of ""a file transfer interface of a third-party vendor"".";11.12.22 00:00;Non-EU;Linkability, Identifiability;0;1;0;Unknown;Unknown;Unknown;Unknown;Network;HIBP;1;0;0
hibp-2022-08-08-Shitexpress-shitexpress.com-Shitexpress;Shitexpress;In August 2022, the online faeces delivery service Shitexpress suffered a data breach that exposed 24k unique email addresses. The addresses spanned invoices, gift cards, promotions and PayPal records. The breach also exposed the IP and email addresses of senders, physical addresses of recipients and messages accompanying the shit delivery.;08.08.22 00:00;Non-EU;Linkability, Identifiability, Disclosure of information, Non-compliance;0;2;1;Extern (Intentional);Unknown;Unknown;Unknown;Network;HIBP;1;0;0
hibp-2021-06-26-ShortEdition-short-edition.com-Short Édition;ShortEdition;In June 2021, the French publishing house of short literature Short Édition suffered a data breach that exposed 505k records. Impacted data included email and physical addresses, names, usernames, phone numbers, dates of birth, genders and passwords stored as either salted SHA-1 or salted SHA-512 hashes. Short Édition self-submitted the impacted data to HIBP.;26.06.21 00:00;Non-EU;Linkability, Identifiability;0;2;0;Extern (Intentional);Unknown;Strong;Unknown;Network;HIBP;1;0;1
hibp-2021-04-23-SirHurt-sirhurt.net-SirHurt;SirHurt;In April 2021, the the Roblox cheats website SirHurt suffered a data breach that exposed over 90k customer records. The exposed data included email and IP addresses, usernames and passwords stored as MD5 hashes.;23.04.21 00:00;Non-EU;Linkability, Identifiability;0;1;0;Extern (Intentional);Unknown;Weak;Unknown;Network;HIBP;1;0;1
hibp-2021-04-06-SlideTeam-slideteam.net-SlideTeam;SlideTeam;"In April 2021, the ""world’s largest collection of pre-designed presentation slides"" SlideTeam had 1.4M records breached and later published to a popular hacking forum the following year. Allegedly sourced from a compromised Magento instance, the data included names, email addresses and passwords stored as salted hashes.";06.04.21 00:00;Non-EU;Linkability, Identifiability;0;1;0;Unknown;Unknown;Strong;Unknown;Network;HIBP;1;0;0
hibp-2019-06-13-SocialEngineered-socialengineered.net-Social Engineered;SocialEngineered;"In June 2019, the ""Art of Human Hacking"" site Social Engineered suffered a data breach. The breach of the MyBB forum was published on a rival hacking forum and included 89k unique email addresses spread across 55k forum users and other tables in the database. The exposed data also included usernames, IP addresses, private messages and passwords stored as salted MD5 hashes.";13.06.19 00:00;Non-EU;Linkability, Identifiability;0;1;0;Extern (Intentional);Unknown;Strong;Unknown;Software, Services, Systems;HIBP;1;0;1
hibp-2020-06-20-SitePoint-sitepoint.com-SitePoint;SitePoint;In June 2020, the web development site SitePoint suffered a data breach that exposed over 1M customer records. Impacted data included email and IP addresses, names, usernames, bios and passwords stored as bcrypt hashes.;20.06.20 00:00;Non-EU;Linkability, Identifiability;0;2;0;Extern (Intentional);Unknown;Strong;Unknown;Network;HIBP;1;0;1
hibp-2020-02-16-Slickwraps-slickwraps.com-Slickwraps;Slickwraps;In February 2020, the online store for consumer electronics wraps Slickwraps suffered a data breach. The incident resulted in the exposure of 858k unique email addresses across customer records and newsletter subscribers. Additional impacted data included names, physical addresses, phone numbers and purchase histories.;16.02.20 00:00;Non-EU;Linkability, Identifiability;0;2;0;Extern (Intentional);Unknown;Unknown;Unknown;Network;HIBP;1;0;0
hibp-2018-11-03-SIAE-siae.it-Società Italiana degli Autori ed Editori;SIAE;In November 2018, the Società Italiana degli Autori ed Editori (Italian Society of Authors and Publishers, or SIAE) was hacked, defaced and almost 4GB of data leaked publicly via Twitter. The data included over 14k registered users' names, email addresses and passwords.;03.11.18 00:00;EU;Linkability, Identifiability;0;2;0;Unknown;Unknown;Unknown;Challenge/Fun;Network;HIBP;1;0;0
hibp-2019-12-16-SoarGames-soargames.com-SoarGames;SoarGames;In December 2019, the now defunct gaming website SoarGames suffered a data breach that exposed 4.8M unique email addresses. The impacted data included usernames, email and IP addresses and salted MD5 password hashes. A significant number of the email addresses appeared to have been generated as opposed to organically provided by the user.;16.12.19 00:00;Non-EU;Linkability, Identifiability;0;1;0;Extern (Intentional);Unknown;Strong;Challenge/Fun;Unknown;HIBP;1;0;1
hibp-2019-12-30-Sonicbids-sonicbids.com-Sonicbids;Sonicbids;"In December 2019, the booking website Sonicbids suffered a data breach which they attributed to ""a data privacy event involving our third-party cloud hosting services"". The breach contained 752k user records including names and usernames, email addresses and passwords stored as PBKDF2 hashes. The data was provided to HIBP by breachbase.pw.";30.12.19 00:00;Non-EU;Linkability, Identifiability;0;1;0;Extern (Intentional);Unknown;Strong;Unknown;Network;HIBP;1;0;1
hibp-2025-12-15-SoundCloud-soundcloud.com-SoundCloud;SoundCloud;In December 2025, SoundCloud announced it had discovered unauthorised activity on its platform. The incident allowed an attacker to map publicly available SoundCloud profile data to email addresses for approximately 20% of its users. The impacted data included 30M unique email addresses, names, usernames, avatars, follower and following counts and, in some cases, the user’s country. The attackers later attempted to extort SoundCloud before publicly releasing the data the following month.;15.12.25 00:00;Non-EU;Linkability, Identifiability;0;1;0;Extern (Intentional);Unknown;Unknown;Unknown;Network;HIBP;1;0;0
hibp-2024-12-24-Speedio-speedio.com.br-Speedio;Speedio;In December 2024, data alleged to have been taken from the Brazilian lead generation platform Speedio was posted for sale to a popular hacking forum. The data was allegedly obtained from an unsecured Elasticsearch instance and contained over 62M records of largely public business information including company names, phone numbers and physical addresses, along with 27M unique email addresses, predominantly from public services such as Gmail and Outlook. Speedio did not respond to multiple attempts to disclose the incident, and the origin of the data could not be independently verified.;24.12.24 00:00;Non-EU;Linkability, Identifiability;0;2;0;Unknown;Drive-by Compromise;Unknown;Unknown;Network;HIBP;1;0;0
hibp-2023-09-09-Sphero-sphero.com-Sphero;Sphero;In September 2023, over 1M rows of data from the educational robots company Sphero was posted to a popular hacking forum. The data contained 832k unique email addresses alongside names, usernames, dates of birth and geographic locations.;09.09.23 00:00;Non-EU;Linkability, Identifiability;0;1;0;Unknown;Unknown;Unknown;Unknown;Network;HIBP;1;0;0
hibp-2024-04-18-Sport2000-sport2000.fr-Sport 2000;Sport2000;In April 2024, the French sporting equipment manufacturer Sport 2000 announced it had suffered a data breach. The data was subsequently put up for sale on a popular hacking forum and included 4.4M rows with 3.2M unique email addresses alongside names, physical addresses, phone numbers, dates of birth and purchases made by store name.;18.04.24 00:00;EU;Linkability, Identifiability;0;2;0;Extern (Intentional);Unknown;Unknown;Unknown;Network;HIBP;1;0;0
hibp-2024-01-31-Spoutible-spoutible.com-Spoutible;Spoutible;In January 2024, Spoutible had 207k records scraped from a misconfigured API that inadvertently returned excessive personal information. The data included names, usernames, email and IP addresses, phone numbers (where provided to the platform), genders and bcrypt password hashes. The incident also exposed 2FA secrets and backup codes along with password reset tokens.;31.01.24 00:00;Non-EU;Linkability, Identifiability;0;2;0;Intern (Accidental);Unknown;Strong;Unknown;Software, Services, Systems;HIBP;1;0;1
hibp-2018-08-16-SpyFone-spyfone.com-SpyFone;SpyFone;In August 2018, the spyware company SpyFone left terabytes of data publicly exposed. Collected surreptitiously whilst the targets were using their devices, the data included photos, audio recordings, text messages and browsing history which were then exposed via a number of misconfigurations within SpyFone's systems. The data belonged the thousands of SpyFone customers and included 44k unique email addresses, many likely belonging to people the targeted phones had contact with.;16.08.18 00:00;Non-EU;Linkability, Identifiability, Detectability, Disclosure of information, Non-compliance;0;2;2;Intern (Accidental);Exploit Public-Facing Application;Unknown;Unknown;Network;HIBP;1;0;0
hibp-2025-02-14-Spyic-spyic.com-Spyic;Spyic;In February 2025, the spyware service Spyic suffered a data breach along with sibling spyware service, Cocospy. The Spyic breach alone exposed almost 876k customer email addresses which were provided to HIBP, and reportedly also enabled unauthorised access to captured messages, photos, call logs, and more.;14.02.25 00:00;Non-EU;No Label;0;1;2;Extern (Intentional);Unknown;Unknown;Espionage;Network;HIBP;1;0;0
hibp-2024-06-24-SpyX-spyx.com-SpyX;SpyX;In June 2024, spyware maker SpyX suffered a data breach that exposed almost 2M unique email addresses. The breach also exposed IP addresses, countries of residence, device information and 6-digit PINs in the password field. Further, a collection of iCloud credentials likely used to monitor targets directly via the cloud were also in the breach and contained the target's email address and plain text Apple password.;24.06.24 00:00;Non-EU;Linkability, Identifiability, Detectability, Non-compliance;0;1;2;Extern (Intentional);Valid Accounts;;Unknown;Network;HIBP;1;0;0
hibp-2024-06-04-Spytech-spytech-web.com-Spytech;Spytech;"In July 2024, spyware maker Spytech suffered a data breach that exposed data collected as recently as the previous month. Designed to ""invisibly record everything users do"", the breach exposed information related to both purchasers and targets of the product. Target data collection (and subsequent exposure) included the infected computer name, browsing history, applications used, usernames of authenticated users, keywords being monitored, file operations (creation and deletion), computer usage times and email addresses, often captured within the spyware's logs. The data also included the names, purchases and md5 password hashes of purchasers.";04.06.24 00:00;Non-EU;Linkability, Identifiability, Detectability, Disclosure of information, Non-compliance;0;1;2;Extern (Intentional);Unknown;Weak;Espionage;Software, Services, Systems;HIBP;1;0;0
hibp-2024-02-22-Spyzie-spyzie.io-Spyzie;Spyzie;In February 2025, the spyware service Spyzie suffered a data breach along with sibling spyware services, Spyic and Cocospy. The Spyzie breach alone exposed almost 519k customer email addresses which were provided to HIBP, and reportedly also enabled unauthorised access to captured messages, photos, call logs, and more.;22.02.24 00:00;Non-EU;No Label;0;1;2;Extern (Intentional);Unknown;Unknown;Espionage;Network;HIBP;1;0;0
hibp-2020-05-05-StalkerOnline-stalker.so-Stalker Online;StalkerOnline;In May 2020, over 1.3M records from the MMO game Stalker Online were breached. The data included email and IP addresses, usernames and hashed passwords.;05.05.20 00:00;Non-EU;Linkability, Identifiability;0;1;0;Extern (Intentional);Unknown;Weak;Unknown;Network;HIBP;1;0;0
hibp-2021-06-01-Start-start.film-START;Start;"In August 2022, news broke of an attack against the Russian streaming service ""START"". The incident led to the exposure of 44M records containing 7.4M unique email addresses. The impacted data also included the subscriber's country and password hash. START subsequently acknowledged the incident in a Telegram post and stated that the data dated back to 2021.";01.06.21 00:00;Non-EU;Linkability, Identifiability;0;1;0;Unknown;Unknown;Weak;Unknown;Network;HIBP;1;0;0
hibp-2019-10-10-StarTribune-startribune.com-StarTribune;StarTribune;In October 2019, the Minnesota-based news service StarTribune suffered a data breach which was subsequently sold on the dark web. The breach exposed over 2 million unique email addresses alongside names, usernames, physical addresses, dates of birth, genders and passwords stored as bcrypt hashes. The data was provided to HIBP by dehashed.com.;10.10.19 00:00;Non-EU;Linkability, Identifiability;0;2;0;Extern (Intentional);Unknown;Strong;Profit-Oriented;Network;HIBP;1;0;1
hibp-2024-07-18-TelegramStealerLogs--Stealer Logs Posted to Telegram;TelegramStealerLogs;In July 2024, info stealer logs with 26M unique email addresses were collated from malicious Telegram channels. The data contained 22GB of logs consisting of email addresses, passwords and the websites they were used on, all obtained by malware running on infected machines.;18.07.24 00:00;Non-EU;Linkability;1;1;0;Extern (Intentional);Unknown;Unknown;Unknown;Network;HIBP;1;0;0
hibp-2025-01-13-StealerLogsJan2025--Stealer Logs, Jan 2025;StealerLogsJan2025;In January 2025, stealer logs with 71M email addresses were added to HIBP. Consisting of email address, password and the website the credentials were entered against, this breach marks the launch of a new HIBP feature enabling the retrieval of the specific websites the logs were collected against. The incident also resulted in 106M more passwords being added to the Pwned Passwords service.;13.01.25 00:00;Non-EU;Linkability;1;1;0;Unknown;Unknown;Unknown;Unknown;Network;HIBP;1;0;0
hibp-2019-07-26-StockX-stockx.com-StockX;StockX;In July 2019, the fashion and sneaker trading platform StockX suffered a data breach which was subsequently sold via a dark webmarketplace. The exposed data included 6.8 million unique email addresses, names, physical addresses, purchases and passwords stored as salted MD5 hashes. The data was provided to HIBP by dehashed.com.;26.07.19 00:00;Non-EU;Linkability, Identifiability;0;2;0;Extern (Intentional);Unknown;Strong;Profit-Oriented;Network;HIBP;1;0;1
hibp-2019-04-04-Storenvy-storenvy.com-Storenvy;Storenvy;In mid-2019, the e-commerce website Storenvy suffered a data breach that exposed millions of customer records. A portion of the breached records were subsequently posted to a hacking forum with cracked password hashes, whilst the entire corpus of 23M rows was put up for sale. The data contained 11M unique email addresses alongside usernames, IP addresses, the user's city, gender date of birth and original salted SHA-1 password hash.;04.04.19 00:00;Non-EU;Linkability, Identifiability;0;1;0;Extern (Intentional);Drive-by Compromise;Weak;Unknown;Network;HIBP;1;0;1
hibp-2020-02-14-Straffic-straffic.io-Straffic;Straffic;"In February 2020, Israeli marketing company Straffic exposed a database with 140GB of personal data. The publicly accessible Elasticsearch database contained over 300M rows with 49M unique email addresses. Exposed data also included names, phone numbers, physical addresses and genders. In their breach disclosure message, Straffic stated that ""it is impossible to create a totally immune system, and these things can occur"".";14.02.20 00:00;Non-EU;Linkability, Identifiability;0;2;0;Unknown;Unknown;;Unknown;Software, Services, Systems;HIBP;1;0;0
hibp-2020-07-06-StreamCraft-streamcraft.net-StreamCraft;StreamCraft;In July 2020, the Russian Minecraft service StreamCraft suffered a data breach that was later redistributed as part of a larger corpus of data. The data included 1.8M records of usernames, email and IP addresses and passwords stored as either MD5 or bcrypt hashes.;06.07.20 00:00;Non-EU;Linkability, Identifiability;0;1;0;Extern (Intentional);Unknown;Strong;Unknown;Network;HIBP;1;0;1
hibp-2021-11-05-Stripchat-stripchat.com-Stripchat;Stripchat;In November 2021, the live sex cams and adult chat website Stripchat left several databases exposed and unsecured. In June the following year, over 10M Stripchat records appeared on a popular hacking forum. The exposed data included usernames, email addresses and IP addresses.;05.11.21 00:00;Non-EU;Linkability, Identifiability, Non-compliance;0;1;2;Unknown;Unknown;;Unknown;Hardware;HIBP;1;0;0
hibp-2018-07-04-StrongholdKingdoms-strongholdkingdoms.com-Stronghold Kingdoms;StrongholdKingdoms;In July 2018, the massive multiplayer online game Stronghold Kingdoms suffered a data breach. Almost 5.2 million accounts were impacted by the incident which exposed emails addresses, usernames and passwords stored as salted SHA-1 hashes.;04.07.18 00:00;Non-EU;Linkability, Identifiability;0;1;0;Extern (Intentional);Unknown;Weak;Espionage;Network;HIBP;1;0;1
hibp-2025-10-23-Substack-substack.com-Substack;Substack;In October 2025, the publishing platform Substack suffered a data breach that was subsequently circulated more widely in February 2026. The breach exposed 663k account holder records containing email addresses along with publicly visible profile information from Substack accounts, such as publication names and bios. A subset of records also included phone numbers.;23.10.25 00:00;Non-EU;Linkability, Identifiability;0;1;0;Extern (Intentional);Unknown;Unknown;Unknown;Network;HIBP;1;0;0
hibp-2022-01-21-SundryFiles-sundryfiles.com-Sundry Files;SundryFiles;In January 2022, the now defunct file upload service Sundry Files suffered a data breach that exposed 274k unique email addresses. The data also included usernames, IP addresses and passwords stored as salted SHA-256 hashes.;21.01.22 00:00;Non-EU;Linkability, Identifiability;0;1;0;Extern (Intentional);Unknown;Strong;Challenge/Fun;Unknown;HIBP;1;0;1
hibp-2024-10-27-SuperDraft-superdraft.io-SuperDraft;SuperDraft;In October 2024, the fantasy sports platform SuperDraft suffered a data breach that exposed over 300k customer records. The breach contained 24GB of data including email addresses, usernames, purchases, latitudes and longitudes, dates of birth and bcrypt password hashes.;27.10.24 00:00;Non-EU;Linkability, Identifiability;0;1;0;Extern (Intentional);Unknown;Strong;Unknown;Network;HIBP;1;0;0
hibp-2021-02-25-SuperVPNGeckoVPN--SuperVPN & GeckoVPN;SuperVPNGeckoVPN;"In February 2021, a series of ""free"" VPN services were breached including SuperVPN and GeckoVPN, exposing over 20M records. The data appeared together in a single file with a small number of records also included from FlashVPN, suggesting that all three brands may share the same platform. Impacted data also included email addresses, the country logged in from and the date and time each login occurred alongside device information including the make and model, IMSI number and serial number.";25.02.21 00:00;Non-EU;Linkability, Identifiability, Detectability;0;1;0;Unknown;Unknown;Unknown;Unknown;Network;HIBP;1;0;0
hibp-2024-10-01-Switch-switchit.hu-Switch;Switch;In October 2024, the Hungarian IT headhunting service Switch inadvertently exposed thousands of customer records via a public GitHub repository. The exposed data contained job applications with names, email addresses and in some cases, commentary on the applicant.;01.10.24 00:00;EU;Linkability, Identifiability;0;2;0;Unknown;Unknown;;Unknown;Hardware;HIBP;1;0;0
hibp-2024-02-01-SurveyLama-surveylama.com-SurveyLama;SurveyLama;"In February 2024, the paid survey website SurveyLama suffered a data breach that exposed 4.4M customer email addresses. The incident also exposed names, physical and IP addresses, phone numbers, dates of birth and passwords stored as either salted SHA-1, bcrypt or argon2 hashes. When contacted about the incident, SurveyLama advised that they had already ""notified the users by email"".";01.02.24 00:00;Non-EU;Linkability, Identifiability;0;2;0;Extern (Intentional);Unknown;Strong;Unknown;Unknown;HIBP;1;0;1
hibp-2020-06-23-Swvl-swvl.com-Swvl;Swvl;In June 2020, the Egyptian bus operator Swvl suffered a data breach which impacted over 4 million members of the service. The exposed data included names, email addresses, phone numbers, profile photos, partial credit card data (type and last 4 digits) and passwords stored as bcrypt hashes, all of which was subsequently shared extensively throughout online hacking communities. The data was provided to HIBP by breachbase.pw.;23.06.20 00:00;Non-EU;Linkability, Identifiability;0;2;0;Extern (Intentional);Unknown;Strong;Profit-Oriented;Network;HIBP;1;0;1
hibp-2025-04-11-SynthientCredentialStuffingThreatData--Synthient Credential Stuffing Threat Data;SynthientCredentialStuffingThreatData;During 2025, the threat-intelligence firm Synthient aggregated 2 billion unique email addresses disclosed in credential-stuffing lists found across multiple malicious internet sources. Comprised of email addresses and passwords from previous data breaches, these lists are used by attackers to compromise other, unrelated accounts of victims who have reused their passwords. The data also included 1.3 billion unique passwords, which are now searchable in Pwned Passwords. Working to turn breached data into awareness, Synthient partnered with HIBP to help victims of cybercrime understand their exposure.;11.04.25 00:00;Non-EU;Linkability;0;1;0;Extern (Intentional);Unknown;Unknown;Unknown;Network;HIBP;1;0;0
hibp-2025-04-11-SynthientStealerLogThreatData--Synthient Stealer Log Threat Data;SynthientStealerLogThreatData;"During 2025, Synthient aggregated billions of records of ""threat data"" from various internet sources. The data contained 183M unique email addresses alongside the websites they were entered into and the passwords used. After normalising and deduplicating the data, 183 million unique email addresses remained, each linked to the website where the credentials were captured, and the password used. This dataset is now searchable in HIBP by email address, password, domain, and the site on which the credentials were entered.";11.04.25 00:00;Non-EU;Linkability;1;1;0;Extern (Intentional);Unknown;Unknown;Espionage;Network;HIBP;1;0;0
hibp-2024-04-17-T2-t2tea.com-T2;T2;In April 2024, 95k records from the T2 tea store were posted to a popular hacking forum. Data included email and physical addresses, names, phone numbers, dates of birth, purchases and passwords stored as scrypt hashes.;17.04.24 00:00;Non-EU;Linkability, Identifiability;0;2;0;Unknown;Unknown;Strong;Unknown;Network;HIBP;1;0;1
hibp-2024-02-18-Tangerine-tangerinetelecom.com.au-Tangerine;Tangerine;In February 2024, the Australian Telco Tangerine suffered a data breach that exposed over 200k customer records. Attributed to a legacy customer database, the data included physical and email addresses, names, phone numbers and dates of birth. Whilst the Tangerine login process involves sending a one-time password after entering an email address and phone number, it previously used a traditional password which was also exposed as a bcrypt hash.;18.02.24 00:00;Non-EU;Linkability, Identifiability;0;2;0;Extern (Intentional);Unknown;Strong;Unknown;Software, Services, Systems;HIBP;1;0;0
hibp-2019-11-24-TaiLieu-tailieu.vn-TaiLieu;TaiLieu;In November 2019, the Vietnamese education website TaiLieu allegedly suffered a data breach exposing 7.3M customer records. Impacted data included names and usernames, email addresses, dates of birth, genders and passwords stored as unsalted MD5 hashes. The data was provided to HIBP by dehashed.com after being shared on a popular hacking forum. TaiLieu did not respond when contacted about the incident.;24.11.19 00:00;Non-EU;Linkability, Identifiability;0;2;0;Extern (Intentional);Unknown;Strong;Unknown;Network;HIBP;1;0;1
hibp-2022-08-25-TAPAirPortugal-flytap.com-TAP Air Portugal;TAPAirPortugal;In August 2022, the Portuguese airline TAP Air Portugal was the target of a ransomware attack perpetrated by the Ragnar Locker gang who later leaked the compromised data via a public dark web site. Over 5M unique email addresses were exposed alongside other personal data including names, genders, DoBs, phone numbers and physical addresses.;25.08.22 00:00;Non-EU;Linkability, Identifiability;0;2;0;Extern (Intentional);Unknown;Unknown;Profit-Oriented;Network;HIBP;1;0;0
hibp-2020-02-28-Tamodo-tamodo.com-Tamodo;Tamodo;In February 2020, the affiliate marketing network Tamodo suffered a data breach which was subsequently shared on a popular hacking forum. The incident exposed almost 500k accounts including names, email addresses, dates of birth and passwords stored as bcrypt hashes. Tamodo failed to respond to multiple attempts to report the breach via published communication channels.;28.02.20 00:00;Non-EU;Linkability, Identifiability;0;2;0;Extern (Intentional);Unknown;Strong;Unknown;Network;HIBP;1;0;1
hibp-2018-11-30-Technic-technicpack.net-Technic;Technic;In November 2018, the Minecraft modpack platform known as Technic suffered a data breach. Technic promptly disclosed the breach and advised that the impacted data included over 265k unique users' email and IP addresses, chat logs, private messages and passwords stored as bcrypt hashes with a work factor of 13. Technic self-submitted the breach to HIBP.;30.11.18 00:00;Non-EU;Linkability, Identifiability;0;1;0;Extern (Intentional);Unknown;Strong;Unknown;Software, Services, Systems;HIBP;1;0;1
hibp-2020-04-01-Teespring-teespring.com-Teespring;Teespring;In April 2020, the custom printed apparel website Teespring suffered a data breach that exposed 8.2 million customer records. The data included email addresses, names, geographic locations and social media IDs.;01.04.20 00:00;Non-EU;Linkability, Identifiability;0;2;0;Extern (Intentional);Unknown;Unknown;Unknown;Network;HIBP;1;0;0
hibp-2025-03-26-TehetsegKapu-tehetsegkapu.hu-TehetségKapu;TehetsegKapu;In March 2025, almost 55k records were breached from the Hungarian education office website TehetségKapu. The data was subsequently published to a popular hacking forum and included email addresses, names and usernames.;26.03.25 00:00;EU;Linkability, Identifiability;0;1;0;Unknown;Unknown;Unknown;Unknown;Network;HIBP;1;0;0
hibp-2023-02-01-Terravision-terravision.eu-Terravision;Terravision;In February 2023, the European airport transfers service Terravision suffered a data breach. The breach exposed over 2M records of customer data including names, phone numbers, email addresses, salted password hashes and in some cases, date of birth and country of origin. Terravision did not respond to multiple attempts by individuals period over a period of months to report the incident.;01.02.23 00:00;EU;Linkability, Identifiability;0;2;0;Extern (Intentional);Drive-by Compromise;Weak;Unknown;Network;HIBP;1;0;0
hibp-2024-04-14-NeimanMarcus-neimanmarcus.com-Neiman Marcus;NeimanMarcus;In May 2024, the American luxury retailer Neiman Marcus suffered a data breach which was later posted to a popular hacking forum. The data included 31M unique email addresses, names, phone numbers, dates of birth, physical addresses and partial credit card data (note: this is insufficient to make purchases). The breach was traced back to a series of attacks against the Snowflake cloud service which impacted 165 organisations worldwide.;14.04.24 00:00;Non-EU;Linkability, Identifiability;0;2;0;Extern (Intentional);Unknown;Unknown;Profit-Oriented;Network;HIBP;1;0;0
hibp-2024-10-14-TheClubPenguinExperience-thecpexperience.com-The Club Penguin Experience;TheClubPenguinExperience;In October 2024, The Club Penguin Experience (TCPE) suffered a data breach. The incident exposed over 6k subscribers' email addresses alongside usernames, age groups, passwords stored as bcrypt hashes and in some cases, plain text password hints. TCPE sent prompt disclosure notices to impacted customers following the breach.;14.10.24 00:00;Non-EU;Linkability, Identifiability;0;1;0;Extern (Intentional);Unknown;Strong;Unknown;Network;HIBP;1;0;1
hibp-2019-09-27-HalloweenSpot-thehalloweenspot.com-The Halloween Spot;HalloweenSpot;"In September 2019, the Halloween costume store The Halloween Spot suffered a data breach. Originally misattributed to fancy dress store Smiffys, the breach contained 13GB of data with over 10k unique email addresses alongside names, physical and IP addresses, phone numbers and order histories. The Halloween Spot advised customers the breach was traced back to ""an old shipping information database"".";27.09.19 00:00;Non-EU;Linkability, Identifiability;0;2;0;Extern (Intentional);Drive-by Compromise;Unknown;Unknown;Software, Services, Systems;HIBP;1;0;0
hibp-2024-07-09-TheHeritageFoundation-heritage.org-The Heritage Foundation;TheHeritageFoundation;In July 2024, hacktivists published almost 2GB of data taken from The Heritage Foundation and their media arm, The Daily Signal. The data contained 72k unique email addresses, primarily used for commenting on articles (along with names, IP addresses and the comments left) and by content contributors (along with usernames and passwords stored as either MD5 or phpass hashes).;09.07.24 00:00;Non-EU;Linkability, Identifiability;0;2;0;Extern (Intentional);Unknown;Weak;Unknown;Network;HIBP;1;0;1
hibp-2023-02-16-KodiFoundation-kodi.tv-The Kodi Foundation;KodiFoundation;"In February 2023, The Kodi Foundation suffered a data breach that exposed more than 400k user records. Attributed to an account belonging to ""a trusted but currently inactive member of the forum admin team"", the breach involved the administrator account creating a database backup that was subsequently downloaded before being sold on a hacking forum. The breach exposed email and IP addresses, usernames, genders and passwords stored as MyBB salted hashes. The Kodi Foundation elected to self-submit impacted email addresses to HIBP.";16.02.23 00:00;Non-EU;Linkability, Identifiability;0;1;0;Extern (Intentional);Valid Accounts;Strong;Profit-Oriented;Software, Services, Systems;HIBP;1;0;0
hibp-2024-05-02-ThePostMillennial-thepostmillennial.com-The Post Millennial;ThePostMillennial;In May 2024, the conservative news website The Post Millennial suffered a data breach. The breach resulted in the defacement of the website and links posted to 3 different corpuses of data including hundreds of writers and editors (IP, physical address and email exposed), tens of thousands of subscribers to the site (name, email, username, phone and plain text password exposed), and tens of millions of email addresses from thousands of mailing lists alleged to have been used by The Post Millennial (this has not been independently verified). The mailing lists appear to be sourced from various campaigns not necessarily run by The Post Millennial and contain a variety of different personal attributes including name, phone and physical address (depending on the campaign). The data was subsequently posted to a popular hacking forum and extensively torrented.;02.05.24 00:00;Non-EU;Linkability, Identifiability;0;2;0;Extern (Intentional);Unknown;;Challenge/Fun;Network;HIBP;1;0;0
hibp-2024-11-15-TheRealWorld-therealworld.net-The Real World;TheRealWorld;"In November 2024, the online course founded by Andrew Tate known as ""The Real World"" (previously ""Hustler's University"" suffered a data breach that exposed almost 325k users of the platform. The impacted data was limited to usernames, email addresses and chat logs.";15.11.24 00:00;Non-EU;Linkability, Identifiability;0;1;0;Extern (Intentional);Unknown;Unknown;Unknown;Network;HIBP;1;0;0
hibp-2023-02-26-TheGradCafe-thegradcafe.com-TheGradCafe;TheGradCafe;In February 2023, the grad school admissions search website TheGradCafe suffered a data breach that disclosed the personal records of 310k users. The data included email addresses, names and usernames, genders, geographic locations and passwords stored as bcrypt hashes. Some records also included physical address, phone number and date of birth. TheGradCafe did not respond to multiple attempts to disclose the breach.;26.02.23 00:00;Non-EU;Linkability, Identifiability;0;2;0;Extern (Intentional);Unknown;Strong;Unknown;Unknown;HIBP;1;0;1
hibp-2025-01-30-Thermomix-rezeptwelt.de-Thermomix Recipe World Forum;Thermomix;"In January 2025, the Rezeptwelt (German for ""recipe world"") forum for Thermomix owners suffered a data breach. The incident exposed 3.1M registered users' details including names, email and physical addresses, phone numbers, dates of birth and bios (usually cooking related).";30.01.25 00:00;EU;Linkability, Identifiability;0;2;0;Extern (Intentional);Unknown;Unknown;Unknown;Network;HIBP;1;0;0
hibp-2025-06-27-TheSquare-thesqua.re-TheSqua.re;TheSquare;"In June 2025, 107k unique customer email addresses were allegedly obtained from TheSqua.re, the ""easiest way to find your next serviced apartment"". The data also included names, phone numbers and cities which were subsequently posted to a popular hacking forum. TheSqua.re did not respond to repeated attempts to disclose the incident, however multiple impacted HIBP subscribers confirmed the legitimacy and accuracy of the data.";27.06.25 00:00;Non-EU;Linkability, Identifiability;0;2;0;Unknown;Unknown;Unknown;Unknown;Unknown;HIBP;1;0;0
hibp-2020-10-13-Thingiverse-thingiverse.com-Thingiverse;Thingiverse;In October 2021, a database backup taken from the 3D model sharing service Thingiverse began extensively circulating within the hacking community. Dating back to October 2020, the 36GB file contained 228 thousand unique email addresses, mostly alongside comments left on 3D models. The data also included usernames, IP addresses, full names and passwords stored as either unsalted SHA-1 or bcrypt hashes. In some cases, physical addresses was also exposed. Thingiverse's owner, MakerBot, is aware of the incident but at the time of writing, is yet to issue a disclosure statement. The data was provided to HIBP by dehashed.com.;13.10.20 00:00;Non-EU;Linkability, Identifiability;0;2;0;Unknown;Unknown;Strong;Unknown;Software, Services, Systems;HIBP;1;0;1
hibp-2024-11-10-Tibber-tibber.com-Tibber;Tibber;In November 2024, the German electricity provider Tibber suffered a data breach that exposed the personal information of 50k customers. The data included names, email addresses, geographic locations (city and postcode) and total spend on purchases.;10.11.24 00:00;Non-EU;Linkability, Identifiability;0;1;0;Extern (Intentional);Unknown;Unknown;Unknown;Network;HIBP;1;0;0
hibp-2021-02-22-Ticketcounter-ticketcounter.nl-Ticketcounter;Ticketcounter;In August 2020, the Dutch ticketing service Ticketcounter inadvertently published a database backup to a publicly accessible location where it was then found and downloaded in February 2021. The data contained 1.9M unique email addresses which were offered for sale on a hacking forum and in some cases included names, physical and IP addresses, genders, dates of birth, payment histories and bank account numbers. Ticketcounter was later held to ransom with the threat of the breached being released publicly.;22.02.21 00:00;EU;Linkability, Identifiability;0;2;0;Unknown;Unknown;Unknown;Profit-Oriented;Software, Services, Systems;HIBP;1;0;0
hibp-2024-05-31-Ticketek-ticketek.com.au-Ticketek;Ticketek;In May 2024, the Australian event ticketing company Ticketek reported a data breach linked to a third party cloud-based platform. The following month, the data appeared for sale on a popular hacking forum and was later linked to a series of breaches of the Snowflake cloud storage service. The data contained almost 30M rows with 17.6M unique email addresses alongside names, genders, dates of birth and hashed passwords.;31.05.24 00:00;Non-EU;Linkability, Identifiability;0;1;0;Extern (Intentional);Unknown;Weak;Unknown;Network;HIBP;1;0;0
hibp-2018-05-31-Ticketfly-ticketfly.com-Ticketfly;Ticketfly;"In May 2018, the website for the ticket distribution service Ticketfly was defaced by an attacker and was subsequently taken offline. The attacker allegedly requested a ransom to share details of the vulnerability with Ticketfly but did not receive a reply and subsequently posted the breached data online to a publicly accessible location. The data included over 26 million unique email addresses along with names, physical addresses and phone numbers. Whilst there were no passwords in the publicly leaked data, Ticketfly later issued an incident update and stated that ""It is possible, however, that hashed values of password credentials could have been accessed"".";31.05.18 00:00;Non-EU;Linkability, Identifiability;0;2;0;Unknown;Unknown;Unknown;Profit-Oriented;Software, Services, Systems;HIBP;1;0;0
hibp-2023-03-31-Tigo-tigo.chat-Tigo;Tigo;"In Mid-2023, 300GB of data containing over 100M records from the Chinese video chat platform ""Tigo"" dating back to March that year was discovered. The data contained over 700k unique names, usernames, email and IP addresses, genders, profile photos and private messages. Tigo did not respond to multiple attempts to disclose the incident.";31.03.23 00:00;Non-EU;Linkability, Identifiability, Detectability;0;2;0;Unknown;Unknown;Unknown;Unknown;Network;HIBP;1;0;0
hibp-2025-10-06-Tisza-tiszavilag.hu-TISZA Világ;Tisza;In late October 2025, data breached from the Hungarian political party TISZA was published online before being extensively redistributed. Stemming from a compromise of the TISZA Világ service earlier in the month, the breach exposed 200k records of personal data including email addresses along with names, phone numbers and physical addresses.;06.10.25 00:00;EU;Linkability, Identifiability, Non-compliance;0;2;2;Extern (Intentional);Unknown;Unknown;Unknown;Network;HIBP;1;0;0
hibp-2022-06-01-TNAFlix-tnaflix.com-TNAFlix;TNAFlix;In June 2022, the adult website TNAFlix suffered a data breach that was later redistributed as part of a larger corpus of data. The data included 1.4M records of email and IP addresses, usernames and plain text passwords.;01.06.22 00:00;Non-EU;Linkability, Identifiability, Non-compliance;0;1;2;Extern (Intentional);Unknown;;Unknown;Network;HIBP;1;0;1
hibp-2020-04-17-Tokopedia-tokopedia.com-Tokopedia;Tokopedia;In April 2020, Indonesia's largest online store Tokopedia suffered a data breach. The incident resulted in 15M rows of data being posted to a popular hacking forum. An additional 76M rows were later provided to HIBP in July 2020. In total, the data included over 71M unique email addresses alongside names, genders, birth dates and passwords stored as SHA2-384 hashes.;17.04.20 00:00;Non-EU;Linkability, Identifiability;0;1;0;Extern (Intentional);Unknown;Strong;Unknown;Network;HIBP;1;0;0
hibp-2019-08-21-ToonDoo-toondoo.com-ToonDoo;ToonDoo;In August 2019, the comic strip creation website ToonDoo suffered a data breach. The data was subsequently redistributed on a popular hacking forum in November where the personal information of over 6M subscribers was shared. Impacted data included email and IP addresses, usernames, genders, the location of the individual and salted password hashes.;21.08.19 00:00;Non-EU;Linkability, Identifiability;0;1;0;Extern (Intentional);Unknown;Weak;Unknown;Network;HIBP;1;0;0
hibp-2023-10-18-Toumei-toumei.co.jp-Toumei;Toumei;In October 2023, the Japanese consultancy firm Toumei suffered a data breach. The breach exposed over 100M lines and 10GB of data including 77k unique email addresses along with names, phone numbers and physical addresses.;18.10.23 00:00;Non-EU;Linkability, Identifiability;0;2;0;Extern (Intentional);Unknown;Unknown;Unknown;Network;HIBP;1;0;0
hibp-2026-02-06-ToyBattles-toybattles.net-Toy Battles;ToyBattles;In February 2026, the online gaming community Toy Battles suffered a data breach. The incident exposed 1k unique email addresses alongside usernames, IP addresses and chat logs. Following the breach, Toy Battles self-submitted the data to Have I Been Pwned.;06.02.26 00:00;Non-EU;Linkability, Identifiability;0;1;0;Extern (Intentional);Unknown;Unknown;Unknown;Network;HIBP;1;0;0
hibp-2024-08-15-Tracki-tracki.com-Tracki;Tracki;In August 2024, a slew of security vulnerabilities were identified with a conglomerate of online services which included the GPS tracking service Tracki. Multiple vulnerabilities exposed the personal records of 372k users of the service including names and email addresses.;15.08.24 00:00;Non-EU;Linkability, Identifiability;0;1;0;Unknown;Unknown;Unknown;Unknown;Network;HIBP;1;0;0
hibp-2022-09-24-Traderie-traderie.com-Traderie;Traderie;In September 2022, the in-game trading marketplace Traderie suffered a data breach that exposed almost 400k records (this preceded a subsequent breach the following year). The incident exposed email and IP addresses, usernames and links to social media profiles.;24.09.22 00:00;Non-EU;Linkability, Identifiability;0;2;0;Extern (Intentional);Unknown;Unknown;Unknown;Network;HIBP;1;0;0
hibp-2020-12-17-TravelOK-travelok.com-Travel Oklahoma;TravelOK;In December 2020, the Oklahoma state Tourism and Recreation Department suffered a data breach. The incident exposed 637k email addresses across a variety of tables including age ranges against brochure orders and dates of birth against contest entries. Genders, names and physical addresses were also exposed.;17.12.20 00:00;Non-EU;Linkability, Identifiability;0;2;0;Extern (Intentional);Unknown;Unknown;Unknown;Network;HIBP;1;0;0
hibp-2021-11-23-Travelio-travelio.com-Travelio;Travelio;In November 2021, the Indonesian real estate website Travelio suffered a data breach that exposed over 470k customer accounts. The data included email addresses, names, password hashes, phone numbers and for some accounts, dates of birth, physical address and Facebook auth tokens.;23.11.21 00:00;Non-EU;Linkability, Identifiability;0;2;0;Extern (Intentional);Unknown;Weak;Unknown;Network;HIBP;1;0;1
hibp-2024-01-16-Trello-trello.com-Trello;Trello;In January 2024, data was scraped from Trello and posted for sale on a popular hacking forum. Containing over 15M email addresses, names and usernames, the data was obtained by enumerating a publicly accessible resource using email addresses from previous breach corpuses. Trello advised that no unauthorised access had occurred.;16.01.24 00:00;Non-EU;Linkability, Identifiability;0;1;0;Unknown;Unknown;Unknown;Unknown;Network;HIBP;1;0;0
hibp-2018-06-12-TrikSpamBotnet--Trik Spam Botnet;TrikSpamBotnet;"In June 2018, the command and control server of a malicious botnet known as the ""Trik Spam Botnet"" was misconfigured such that it exposed the email addresses of more than 43 million people. The researchers who discovered the exposed Russian server believe the list of addresses was used to distribute various malware strains via malspam campaigns (emails designed to deliver malware).";12.06.18 00:00;Non-EU;No Label;1;1;0;Intern (Accidental);Exfiltration Over C2 Channel, Phishing;Unknown;Strategic Pre-Positioning;Hardware;HIBP;1;0;0
hibp-2025-03-25-TroyHuntMailchimpList-troyhunt.com-Troy Hunt's Mailchimp List;TroyHuntMailchimpList;In March 2025, a phishing attack successfully gained access to Troy Hunt's Mailchimp account and automatically exported a list of people who had subscribed to the newsletter for his personal blog. The exported list contained 16k email addresses and other data automatically collected by Mailchimp including IP address and a derived latitude, longitude and time zone.;25.03.25 00:00;Non-EU;Linkability, Identifiability;2;1;0;Extern (Intentional);Automated Exfiltration, Phishing;Unknown;Unknown;Network;HIBP;1;0;0
hibp-2020-02-21-TrueFire-truefire.com-TrueFire;TrueFire;In February 2020, the guitar tuition website TrueFire suffered a data breach which impacted 600k members. The breach exposed extensive personal information including names, email and physical addresses, account balances and unsalted MD5 password hashes. The data was provided to HIBP by dehashed.com.;21.02.20 00:00;Non-EU;Linkability, Identifiability;0;2;0;Extern (Intentional);Unknown;Strong;Unknown;Network;HIBP;1;0;1
hibp-2019-04-12-TruthFinder-truthfinder.com-Truth Finder;TruthFinder;In 2019, the public records search service TruthFinder suffered a data breach that later came to light in early 2023. The data included over 8M unique customer email addresses, names, phone numbers and passwords stored as scrypt hashes.;12.04.19 00:00;Non-EU;Linkability, Identifiability;0;2;0;Extern (Intentional);Unknown;Strong;Unknown;Network;HIBP;1;0;1
hibp-2022-01-01-Twitter-twitter.com-Twitter;Twitter;In January 2022, a vulnerability in Twitter's platform allowed an attacker to build a database of the email addresses and phone numbers of millions of users of the social platform. In a disclosure notice later shared in August 2022, Twitter advised that the vulnerability was related to a bug introduced in June 2021 and that they are directly notifying impacted customers. The impacted data included either email address or phone number alongside other public information including the username, display name, bio, location and profile photo. The data included 6.7M unique email addresses across both active and suspended accounts, the latter appearing in a separate list of 1.4M addresses.;01.01.22 00:00;Non-EU;Linkability, Identifiability;0;2;0;Extern (Intentional);Unknown;Unknown;Unknown;Software, Services, Systems;HIBP;1;0;0
hibp-2021-01-01-Twitter200M-twitter.com-Twitter (200M);Twitter200M;In early 2023, over 200M records scraped from Twitter appeared on a popular hacking forum. The data was obtained sometime in 2021 by abusing an API that enabled email addresses to be resolved to Twitter profiles. The subsequent results were then composed into a corpus of data containing email addresses alongside public Twitter profile information including names, usernames and follower counts.;01.01.21 00:00;Non-EU;Linkability, Identifiability;0;2;0;Unknown;Unknown;Unknown;Unknown;Software, Services, Systems;HIBP;1;0;0
hibp-2025-05-06-Ualabee-ualabee.com-Ualabee;Ualabee;In May 2025, the South American mobility services platform Ualabee had hundreds of thousands of records scraped from an interface on their platform. The data included 472k unique email addresses along with names, profile photos, dates of birth and phone numbers.;06.05.25 00:00;Non-EU;Linkability, Identifiability;0;2;0;Unknown;Unknown;Unknown;Unknown;Network;HIBP;1;0;0
hibp-2024-07-28-Ubook-ubook.com-Ubook;Ubook;In July 2024, 700k unique email addresses from the audiobook platform Ubook were posted to a popular hacking forum. Allegedly scraped from the service, the data appears to be sourced from the Ubook Exchange (UBX) and also includes names, genders, dates of birth and links to profile photos.;28.07.24 00:00;Non-EU;Linkability, Identifiability;0;1;0;Extern (Intentional);Unknown;Unknown;Unknown;Network;HIBP;1;0;0
hibp-2020-01-26-Ulmon-ulmon.com-Ulmon;Ulmon;In January 2020, the travel app creator Ulmon suffered a data breach. The service had almost 1.3M records with 777k unique email addresses, names, passwords stored as bcrypt hashes and in some cases, social media profile IDs, telephone numbers and bios. The data was subsequently posted to a popular hacking forum.;26.01.20 00:00;Non-EU;Linkability, Identifiability;0;2;0;Extern (Intentional);Unknown;Strong;Unknown;Network;HIBP;1;0;1
hibp-2025-11-17-UnderArmour-underarmour.com-Under Armour;UnderArmour;In November 2025, the Everest ransomware group claimed Under Armour as a victim and attempted to extort a ransom, alleging they had obtained access to 343GB of data. In January 2026, customer data from the incident was published publicly on a popular hacking forum, including 72M email addresses. Many records also contained additional personal information such as names, dates of birth, genders, geographic locations and purchase information.;17.11.25 00:00;Non-EU;Linkability, Identifiability;0;1;0;Extern (Intentional);Unknown;Unknown;Profit-Oriented;Network;HIBP;1;0;0
hibp-2020-08-19-UnicoCampania-unicocampania.it-Unico Campania;UnicoCampania;In August 2020, the Neapolitan public transport website Unico Campania was hacked and the data extensively circulated. The breach contained 166k user records with email addresses and plain text passwords.;19.08.20 00:00;EU;Linkability;0;1;0;Extern (Intentional);Unknown;;Unknown;Network;HIBP;1;0;1
hibp-2019-12-14-Unigame-unigame.me-Unigame;Unigame;In December 2019, the now defunct gaming website Unigame (maker of Hunter Online) suffered a data breach that was later redistributed as part of a larger corpus of data. The data included 844k email addresses and salted MD5 password hashes.;14.12.19 00:00;Non-EU;Linkability;0;1;0;Extern (Intentional);Unknown;Strong;Challenge/Fun;Network;HIBP;1;0;1
hibp-2019-11-01-Universarium-universarium.org-Universarium;Universarium;"In approximately November 2019, the Russian ""Remote preparatory faculty for IT specialties"" Universarium suffered a data breach. The incident exposed 565k email addresses and passwords in plain text. Universarium did not respond to multiple attempts to make contact over a period of many weeks. The data was provided to HIBP by dehashed.com.";01.11.19 00:00;Non-EU;Linkability;0;1;0;Extern (Intentional);Unknown;;Unknown;Network;HIBP;1;0;0
hibp-2020-12-24-UC-universityofcalifornia.edu-University of California;UC;In December 2020, the University of California suffered a data breach due to vulnerability in in a third-party provider, Accellion. The breach exposed extensive personal data on both students and staff including 547 thousand unique email addresses, names, dates of birth, genders, social security numbers, ethnicities and other academic related data attributes. Further analysis is available in Exploring the Impact of the UC Data Breach. The data was provided to HIBP courtesy of Cyril Gorlla.;24.12.20 00:00;Non-EU;Linkability, Identifiability;0;2;0;Extern (Intentional);Unknown;Unknown;Unknown;Network;HIBP;1;1;0
hibp-2025-10-30-UniversityOfPennsylvania-upenn.edu-University of Pennsylvania;UniversityOfPennsylvania;In October 2025, the University of Pennsylvania was the victim of a data breach followed by a ransom demand, largely affecting its donor database. After the incident, the attackers sent inflammatory emails to some victims. The data was later published online in February 2026 and included 624k unique email addresses alongside names and physical addresses. For some donor records, additional personal information was exposed, including gender and date of birth. A small subset of records also contained religion, spouse name, estimated income and donation history.;30.10.25 00:00;Non-EU;Linkability, Identifiability;0;2;0;Extern (Intentional);Unknown;Unknown;Profit-Oriented;Software, Services, Systems;HIBP;1;0;0
hibp-2021-01-26-Astoria-astoriacompany.com-Unverified Data Source;Astoria;In January 2021, over 11M unique email addresses were discovered by Night Lion Security alongside an extensive amount of personal information including names, physical and IP addresses, phone numbers and dates of birth. Some records also contained social security numbers, driver's license details, personal financial information and health-related data, depending on where the information was sourced from. Initially attributed to Astoria Company, they subsequently investigated the incident and confirmed the data did not originate from their services.;26.01.21 00:00;Non-EU;Linkability, Identifiability;0;2;0;Unknown;Drive-by Compromise;Unknown;Unknown;Network;HIBP;1;1;0
hibp-2021-04-08-Upstox-upstox.com-Upstox;Upstox;"In April 2021, Indian brokerage firm Upstox suffered a data breach. The incident exposed extensive personal information on over 100k customers including names, genders, dates of birth, physical addresses, banking information and passwords stored as bcrypt hashes. Extensive ""know your customer"" information was also exposed including scans of bank statements, cheques and identity documents complete with Aadhaar numbers.";08.04.21 00:00;Non-EU;Linkability, Identifiability;0;2;0;Extern (Intentional);Unknown;Strong;Unknown;Software, Services, Systems;HIBP;1;0;1
hibp-2020-07-17-UtahGunExchange-utahgunexchange.com-Utah Gun Exchange;UtahGunExchange;In July 2020, the Utah Gun Exchange website suffered a data breach which included several other associated websites. In total, 235k unique email addresses were exposed before being traded online alongside names, usernames, genders, IP addresses and password hashes. The data was provided to HIBP by breachbase.pw.;17.07.20 00:00;Non-EU;Linkability, Identifiability;0;1;0;Extern (Intentional);Unknown;Weak;Unknown;Network;HIBP;1;0;0
hibp-2019-03-21-Utair-utair.ru-Utair;Utair;In August 2020, news broke of a data breach of Russian airline Utair that dated back to the previous year. The breach contained over 400k unique email addresses along with extensive personal information including names, physical addresses, dates of birth, passport numbers and loyalty program details.;21.03.19 00:00;Non-EU;Linkability, Identifiability;0;2;0;Extern (Intentional);Unknown;Unknown;Unknown;Network;HIBP;1;0;0
hibp-2020-06-22-Vakinha-vakinha.com.br-Vakinha;Vakinha;In June 2020, the Brazilian fund raising service Vakinha suffered a data breach which impacted almost 4.8 million members. The exposed data included email addresses, names, phone numbers, geographic locations and passwords stored as bcrypt hashes, all of which was subsequently shared extensively throughout online hacking communities. The data was provided to HIBP by dehashed.com.;22.06.20 00:00;Non-EU;Linkability, Identifiability;0;2;0;Extern (Intentional);Unknown;Strong;Challenge/Fun;Network;HIBP;1;0;1
hibp-2019-03-31-Vastaamo-vastaamo.fi-Vastaamo;Vastaamo;"In October 2020, the Finnish psychotherapy service Vastaamo was the subject of a ransomware attack targeting first the company itself, followed by their patients directly. The original security incident dates back to a period between late 2018 and early 2019 and exposed data including 30k unique email addresses, names, social security numbers and notes on individuals' psychotherapy sessions. This breach has been flagged as ""sensitive"" and is only searchable by owners of the email addresses and domains exposed in the incident.";31.03.19 00:00;EU;Linkability, Identifiability, Non-compliance;0;2;1;Extern (Intentional);Drive-by Compromise;;Profit-Oriented;Network;HIBP;1;0;0
hibp-2019-07-08-Vedantu-vedantu.com-Vedantu;Vedantu;In mid-2019, the Indian interactive online tutoring platform Vedantu suffered a data breach which exposed the personal data of 687k users. The JSON formatted database dump exposed extensive personal information including email and IP address, names, phone numbers, genders and passwords stored as bcrypt hashes. When contacted about the incident, Vedantu advised that they were aware of the breach and were in the process of informing their customers.;08.07.19 00:00;Non-EU;Linkability, Identifiability, Detectability;0;2;0;Extern (Intentional);Unknown;Strong;Unknown;Software, Services, Systems;HIBP;1;0;1
hibp-2019-02-25-VerificationsIO-verifications.io-Verifications.io;VerificationsIO;In February 2019, the email address validation service verifications.io suffered a data breach. Discovered by Bob Diachenko and Vinny Troia, the breach was due to the data being stored in a MongoDB instance left publicly facing without a password and resulted in 763 million unique email addresses being exposed. Many records within the data also included additional personal attributes such as names, phone numbers, IP addresses, dates of birth and genders. No passwords were included in the data. The Verifications.io website went offline during the disclosure process, although an archived copy remains viewable.;25.02.19 00:00;Non-EU;Linkability, Identifiability;0;2;0;Extern (Intentional);Unknown;Unknown;Unknown;Software, Services, Systems;HIBP;1;0;0
hibp-2020-04-08-Vianet-vianet.com.np-Vianet;Vianet;In April 2020, the Nepalese internet service provider Vianet suffered a data breach. The attack on the ISP led to the exposure of 177k customer records including 94k unique email addresses. Also exposed were names, phone numbers and physical addresses.;08.04.20 00:00;Non-EU;Linkability, Identifiability;0;2;0;Extern (Intentional);Unknown;Unknown;Unknown;Network;HIBP;1;0;0
hibp-2025-06-20-VietnamAirlines-vietnamairlines.com-Vietnam Airlines;VietnamAirlines;"In October 2025, data stolen from the Salesforce instances of multiple companies by a hacking group calling itself ""Scattered LAPSUS$ Hunters"" was publicly released. Among the affected organisations was Vietnam Airlines, which had 7.3M unique customer email addresses exposed following a breach of its Salesforce environment in June of that year. The compromised data also included names, phone numbers, dates of birth, and loyalty program membership numbers.";20.06.25 00:00;Non-EU;Linkability, Identifiability;0;2;0;Extern (Intentional);Unknown;Unknown;Profit-Oriented;Network;HIBP;1;0;0
hibp-2018-10-01-VimeWorld-vimeworld.com-VimeWorld;VimeWorld;In October 2018, the Russian Minecraft service VimeWorld suffered a data breach that was later redistributed as part of a larger corpus of data. The data included 3.1M records of usernames, email and IP addresses and passwords stored as either MD5 or bcrypt hashes.;01.10.18 00:00;Non-EU;Linkability, Identifiability;0;1;0;Extern (Intentional);Unknown;Strong;Unknown;Network;HIBP;1;0;1
hibp-2022-03-14-VivaAir-vivaair.com-Viva Air;VivaAir;In March 2022, the now defunct Colombian airline Viva Air suffered a data breach and subsequent ransomware attack. Among a trove of other ransomed data, the incident exposed a log of 2.6M transactions with 932k unique email addresses, physical and IP addresses, names, phone numbers and partial credit card data (last 4 digits).;14.03.22 00:00;Non-EU;Linkability, Identifiability;0;2;0;Extern (Intentional);Unknown;Unknown;Profit-Oriented;Network;HIBP;1;0;0
hibp-2019-06-13-VoidTO-void.to-Void.to;VoidTO;In June 2019, the hacking website Void.to suffered a data breach. There were 95k unique email addresses spread across 86k forum users and other tables in the database. A rival hacking website claimed responsibility for breaching the MyBB based forum which disclosed email and IP addresses, usernames, private messages and passwords stored as either salted MD5 or bcrypt hashes.;13.06.19 00:00;Non-EU;Linkability, Identifiability;0;1;0;Extern (Intentional);Unknown;Strong;Unknown;Software, Services, Systems;HIBP;1;0;1
hibp-2022-07-08-Vultr-vultr.com-Vultr;Vultr;"In March 2023, the ""AI-first global cloud platform"" Vultr disclosed a security incident at a third-party vendor. Dating back to the previous year, the incident was attributed to the ActiveCampaign email marketing service provider and resulted in the exposure of 188k unique email addresses. A small number of records also included name, IP address and country of origin. No Vultr systems or additional customer data were impacted. Vultr subsequently self-submitted the impacted data to HIBP.";08.07.22 00:00;Non-EU;Linkability, Identifiability;0;2;0;Unknown;Drive-by Compromise;Unknown;Unknown;Network;HIBP;1;0;0
hibp-2022-08-28-Wakanim-wakanim.tv-Wakanim;Wakanim;In August 2022, the European streaming service Wakanim suffered a data breach which was subsequently advertised and sold on a popular hacking forum. The breach exposed 6.7M customer records including email, IP and physical addresses, names and usernames.;28.08.22 00:00;Non-EU;Linkability, Identifiability;0;2;0;Extern (Intentional);Unknown;Unknown;Profit-Oriented;Network;HIBP;1;0;0
hibp-2018-12-13-Wanelo-wanelo.com-Wanelo;Wanelo;In approximately December 2018, the digital mall Wanelo suffered a data breach. The data was later placed up for sale on a dark web marketplace along with a collection of other data breaches in April 2019. A total of 23 million unique email addresses were included in the breach alongside passwords stored as either MD5 or bcrypt hashes. After the initial HIBP load, further data containing names, shipping addresses and IP addresses were also provided to HIBP, albeit without direct association to the email addresses and passwords.;13.12.18 00:00;Non-EU;Linkability, Identifiability;0;2;0;Extern (Intentional);Unknown;Strong;Unknown;Network;HIBP;1;0;1
hibp-2022-11-17-WashingtonStateFoodWorkerCard-foodworkercard.wa.gov-Washington State Food Worker Card;WashingtonStateFoodWorkerCard;In June 2023, the Tacoma-Pierce County Health Department announced a data breach of their Washington State Food Worker Card online training system. The breach was published to a popular hacking forum the year before and dated back to a 2018 database backup. Included in the data were 1.6M unique email addresses along with names, post codes, dates of birth and approximately 9.5k driver's licence numbers.;17.11.22 00:00;Non-EU;Linkability, Identifiability;0;1;0;Extern (Intentional);Unknown;Unknown;Unknown;Software, Services, Systems;HIBP;1;0;0
hibp-2020-06-29-Wattpad-wattpad.com-Wattpad;Wattpad;In June 2020, the user-generated stories website Wattpad suffered a huge data breach that exposed almost 270 million records. The data was initially sold then published on a public hacking forum where it was broadly shared. The incident exposed extensive personal information including names and usernames, email and IP addresses, genders, birth dates and passwords stored as bcrypt hashes.;29.06.20 00:00;Non-EU;Linkability, Identifiability;0;2;0;Extern (Intentional);Unknown;Strong;Profit-Oriented;Network;HIBP;1;0;1
hibp-2021-01-06-WedMeGood-wedmegood.com-WedMeGood;WedMeGood;In January 2021, the Indian wedding planning platform WedMeGood suffered a data breach that exposed 1.3 million customers. The breach exposed 41.5GB of data including email and physical addresses, names, genders, phone numbers and password hashes. The data was provided to HIBP by dehashed.com.;06.01.21 00:00;Non-EU;Linkability, Identifiability;0;2;0;Extern (Intentional);Unknown;Weak;Challenge/Fun;Network;HIBP;1;0;0
hibp-2022-07-11-Weee-sayweee.com-Weee;Weee;In February 2023, data belonging to the Asian and Hispanic food delivery service Weee appeared on a popular hacking forum. Dating back to mid-2022, the data included 1.1M unique email addresses from 11M rows of orders containing names, phone numbers and delivery instructions.;11.07.22 00:00;Non-EU;Linkability, Identifiability;0;2;0;Unknown;Unknown;Unknown;Unknown;Network;HIBP;1;0;0
hibp-2021-03-08-WeLeakInfo-weleakinfo.com-WeLeakInfo;WeLeakInfo;"In March 2021, the Stripe account of the now-defunct WeLeakInfo service was taken over by ""pompompurin"" after acquiring an expired domain name with an email address used to manage the account. Access to Stripe then exposed almost 12k unique email addresses from customers who'd made credit card payments in order to obtain breached data hosted by WeLeakInfo. The data was subsequently leaked publicly and also included names, payment histories, IP addresses, billing addresses, partial credit card data and the organisation making the purchase.";08.03.21 00:00;Non-EU;Linkability, Identifiability, Disclosure of information, Non-compliance;0;2;2;Unknown;Unknown;Unknown;Profit-Oriented;Network;HIBP;1;0;0
hibp-2023-12-01-Welhof-welhof.com-Welhof;Welhof;In late 2023, the Dutch appliance store Welhof suffered a data breach. The incident exposed over 100k unique email addresses along with names, physical addresses and the value of purchases made.;01.12.23 00:00;Non-EU;Linkability, Identifiability;0;2;0;Extern (Intentional);Unknown;Unknown;Unknown;Network;HIBP;1;0;0
hibp-2025-12-29-WhiteDate-whitedate.net-WhiteDate;WhiteDate;"In December 2025, the dating website ""for a Europid vision"" WhiteDate suffered a data breach that was subsequently leaked online, initially exposing 6.1k unique email addresses. The leaked data included extensive personal information such as physical appearance, income, education and IQ. A more comprehensive dataset was later provided to HIBP, containing usernames, IP addresses, private messages, phpBB password hashes and a total of 20k unique email addresses.";29.12.25 00:00;Non-EU;Linkability, Identifiability, Detectability, Disclosure of information, Non-compliance;0;1;1;Extern (Intentional);Unknown;Weak;Unknown;Network;HIBP;1;0;0
hibp-2019-06-10-WienerBuchereien--Wiener Büchereien;WienerBuchereien;In June 2019, the library of Vienna (Wiener Büchereien) suffered a data breach. The compromised data included 224k unique email addresses, names, physical addresses, phone numbers and dates of birth. The breached data was subsequently posted to Twitter by the alleged perpetrator of the breach.;10.06.19 00:00;Non-EU;Linkability, Identifiability;0;2;0;Extern (Intentional);Unknown;Unknown;Unknown;Network;HIBP;1;0;0
hibp-2018-10-07-WifeLovers-wifelovers.com-Wife Lovers;WifeLovers;"In October 2018, the site dedicated to posting naked photos and other erotica of wives Wife Lovers suffered a data breach. The underlying database supported a total of 8 different adult websites and contained over 1.2M unique email addresses. Wife Lovers acknowledged the breach which impacted names, usernames, email and IP addresses and passwords hashed using the weak DEScrypt algorithm. The breach has been marked as ""sensitive"" due to the nature of the site.";07.10.18 00:00;Non-EU;Linkability, Identifiability, Non-compliance;0;2;2;Extern (Intentional);Unknown;Strong;Unknown;Software, Services, Systems;HIBP;1;0;1
hibp-2025-09-08-WIRED-wired.com-WIRED;WIRED;In December 2025, 2.3M records of WIRED magazine users allegedly obtained from parent company Condé Nast were published online. The most recent data dated back to the previous September and exposed email addresses and display names, as well as, for a small number of users, their name, phone number, date of birth, gender, and geographic location or full physical address. The WIRED data allegedly represents a subset of Condé Nast brands the hacker also claims to have obtained.;08.09.25 00:00;Non-EU;Linkability, Identifiability;0;2;0;Extern (Intentional);Unknown;Unknown;Unknown;Network;HIBP;1;0;0
hibp-2022-05-25-WiredBucks-wiredbucks.com-WiredBucks;WiredBucks;In May 2022, the now defunct social media influencer platform WiredBucks suffered a data breach that was later redistributed as part of a larger corpus of data. The incident exposed over 900k email and IP addresses alongside names, usernames, earnings via the platform, physical addresses and passwords stored as plain text.;25.05.22 00:00;Non-EU;Linkability, Identifiability;0;2;0;Extern (Intentional);Unknown;;Challenge/Fun;Network;HIBP;1;0;0
hibp-2020-01-27-Wishbone2020-wishbone.io-Wishbone (2020);Wishbone2020;"In January 2020, the mobile app to ""compare anything"" Wishbone suffered another data breach which followed their breach from 2016. An extensive amount of personal information including almost 10M unique email addresses alongside names, phone numbers geographic locations and other personal attributes were leaked online and extensively redistributed. Passwords stored as unsalted MD5 hashes were also included in the breach.";27.01.20 00:00;Non-EU;Linkability, Identifiability;0;2;0;Extern (Intentional);Unknown;Strong;Unknown;Network;HIBP;1;0;1
hibp-2020-07-14-WiziShop-wizishop.fr-WiziShop;WiziShop;In July 2020, the French e-commerce platform WiziShop suffered a data breach. The breach exposed 18GB worth of data including names, phone numbers, dates of birth, physical and IP addresses, SHA-1 password hashes and almost 3 million unique email addresses.;14.07.20 00:00;EU;Linkability, Identifiability;0;2;0;Extern (Intentional);Unknown;Weak;Unknown;Network;HIBP;1;0;1
hibp-2020-10-28-Wongnai-wongnai.com-Wongnai;Wongnai;In October 2020, 17 previously undisclosed data breaches appeared for sale including the Thai restaurant, hotel and attraction finding service, Wongnai. The breach exposed almost 4M unique customer records from some time during 2020 along with names, phone numbers, links to social media profiles and passwords stored as MD5 hashes. The data was self-submitted to HIBP by Wongnai.;28.10.20 00:00;Non-EU;Linkability, Identifiability;0;2;0;Extern (Intentional);Unknown;Weak;Unknown;Network;HIBP;1;0;1
hibp-2024-03-03-WoTLabs-wotlabs.net-WoTLabs;WoTLabs;"In March 2024, WoTLabs (World of Tanks Statistics and Resources) suffered a data breach and website defacement attributed to ""chromebook breachers"". The breach exposed 22k forum members' personal data including email and IP addresses, usernames, dates of birth and time zones.";03.03.24 00:00;Non-EU;Linkability, Identifiability;0;1;0;Extern (Intentional);Unknown;Unknown;Challenge/Fun;Network;HIBP;1;0;0
hibp-2018-11-04-WPSandbox-wpsandbox.io-WPSandbox;WPSandbox;In November 2018, the WordPress sandboxing service that allows people to create temporary websites WP Sandbox discovered their service was being used to host a phishing site attempting to collect Microsoft OneDrive accounts. After identifying the malicious site, WP Sandbox took it offline, contacted the 858 people who provided information to it then self-submitted their addresses to HIBP. The phishing page requested both email addresses and passwords.;04.11.18 00:00;Non-EU;Linkability;0;1;0;Extern (Intentional);Phishing;Unknown;Unknown;Network;HIBP;1;0;0
hibp-2019-07-01-XKCD-xkcd.com-XKCD;XKCD;In July 2019, the forum for webcomic XKCD suffered a data breach that impacted 562k subscribers. The breached phpBB forum leaked usernames, email and IP addresses and passwords stored in MD5 phpBB3 format. The data was provided to HIBP by white hat security researcher and data analyst Adam Davies.;01.07.19 00:00;Non-EU;Linkability, Identifiability;0;1;0;Extern (Intentional);Unknown;Weak;Unknown;Network;HIBP;1;0;0
hibp-2024-11-21-Yonema-yonema.com-Yonéma;Yonema;In November 2024, data from the Senegalese payment platform Yonéma was posted to a popular hacking forum. The data included 36k unique email addresses alongside phone numbers, names and what appears to be encrypted passwords and dates of birth.;21.11.24 00:00;Non-EU;Linkability, Identifiability, Detectability;0;2;0;Unknown;Unknown;Unknown;Unknown;Network;HIBP;1;0;0
hibp-2020-06-22-YoteprestoCom-yotepresto.com-yotepresto.com;YoteprestoCom;In June 2020, the Mexican lending platform yotepresto.com suffered a data breach. Over 1.4 million customers were impacted by the breach which disclosed email and IP addresses, usernames and passwords stored as bcrypt hashes. The data was provided to HIBP by dehashed.com.;22.06.20 00:00;Non-EU;Linkability, Identifiability;0;1;0;Extern (Intentional);Unknown;Strong;Unknown;Network;HIBP;1;0;1
hibp-2024-12-11-YoungLivingEssentialOils-youngliving.com-Young Living Essential Oils;YoungLivingEssentialOils;In December 2024, data claimed to be breached from the multi-level marketing company Young Living Essential Oils was posted to a popular hacking forum. The data contained 1.1M unique email addresses alongside names, the country of the account and in many cases, their date of birth. Young Living Essential Oils did not respond to multiple attempts to contact them about the data.;11.12.24 00:00;Non-EU;Linkability, Identifiability;0;1;0;Unknown;Unknown;Unknown;Unknown;Network;HIBP;1;0;0
hibp-2019-02-15-YouNow-younow.com-YouNow;YouNow;In February 2019, data from the live broadcasting service YouNow appeared for sale on a dark web marketplace. Whilst it's not clear what date the actual breach occurred on, the impacted data included 18M unique email addresses, IP addresses, names, usernames and links to social media profiles. As authentication is performed via social providers, no passwords were exposed in the breach. Many records didn't have associated email addresses thus the unique number is lower than the reported total number of accounts.;15.02.19 00:00;Non-EU;Linkability, Identifiability;0;2;0;Extern (Intentional);Unknown;Unknown;Unknown;Network;HIBP;1;0;0
hibp-2019-01-31-Youthmanual-youthmanual.com-Youthmanual;Youthmanual;In January 2019, the Indonesian college and career platform Youthmanual suffered a data breach that exposed 1.1M records of data. The breached included 938k unique email addresses along with extensive personal information including names, genders, dates and places of birth, phone numbers, physical addresses and salted SHA-1 password hashes.;31.01.19 00:00;Non-EU;Linkability, Identifiability;0;2;0;Extern (Intentional);Unknown;Weak;Unknown;Network;HIBP;1;0;1
hibp-2018-10-05-YouveBeenScraped--You've Been Scraped;YouveBeenScraped;"In October and November 2018, security researcher Bob Diachenko identified several unprotected MongoDB instances believed to be hosted by a data aggregator. Containing a total of over 66M records, the owner of the data couldn't be identified but it is believed to have been scraped from LinkedIn hence the title ""You've Been Scraped"". The exposed records included names, both work and personal email addresses, job titles and links to the individuals' LinkedIn profiles.";05.10.18 00:00;Non-EU;Linkability, Identifiability;0;2;0;Unknown;Unknown;Unknown;Unknown;Software, Services, Systems;HIBP;1;0;0
hibp-2020-05-10-Zacks-zacks.com-Zacks;Zacks;"In December 2022, the investment research company Zacks announced a data breach. The following month, reports emerged of the incident impacting 820k customers. However, in June 2023, a corpus of data with almost 9M Zacks customers appeared before being broadly circulated on a popular hacking forum. The most recent data was dated May 2020 and included names, usernames, email and physical addresses, phone numbers and passwords stored as unsalted SHA-256 hashes. On disclosure of the larger breach, Zacks advised that in addition to their original report ""the unauthorised third parties also gained access to encrypted [sic] passwords of zacks.com customers, but only in the encrypted [sic] format"".";10.05.20 00:00;Non-EU;Linkability, Identifiability;0;2;0;Extern (Intentional);Drive-by Compromise;Strong;Unknown;Network;HIBP;1;0;1
hibp-2024-06-22-Zacks2024-zacks.com-Zacks (2024);Zacks2024;In June 2024, the investment research company Zacks was allegedly breached, and data was later published to a popular hacking forum. This comes after a separate Zacks data breach confirmed by the organisation in 2023 with the subsequent breach disclosing millions of additional records representing a superset of data from the first incident. The 2024 breach included 12M unique email addresses along with IP and physical addresses, names, usernames, phone numbers and unsalted SHA-256 password hashes. Zacks did not respond to multiple attempts to contact them about the incident.;22.06.24 00:00;Non-EU;Linkability, Identifiability;0;2;0;Extern (Intentional);Unknown;Strong;Unknown;Network;HIBP;1;0;1
hibp-2023-11-16-ZadigVoltaire-zadig-et-voltaire.com-Zadig & Voltaire;ZadigVoltaire;"In June 2024, a data brach sourced from French fashion brand Zadig & Voltaire was publicly posted to a popular hacking forum. The data included names, email and physical addresses, phone numbers and genders. When contacted about the incident, Zadig & Voltaire advised the incident had occurred more than 6 months ago and that ""all measures were taken quickly"".";16.11.23 00:00;Non-EU;Linkability, Identifiability;0;2;0;Unknown;Unknown;Unknown;Unknown;Network;HIBP;1;0;0
hibp-2021-11-22-ZAPHosting-zap-hosting.com-ZAP-Hosting;ZAPHosting;In November 2021, web host ZAP-Hosting suffered a data breach that exposed over 60GB of data containing 746k unique email addresses. The breach also contained support chat logs, IP addresses, names, purchases, physical addresses and phone numbers.;22.11.21 00:00;Non-EU;Linkability, Identifiability;0;2;0;Extern (Intentional);Unknown;Unknown;Unknown;Network;HIBP;1;0;0
hibp-2025-11-06-Zilvia-zilvia.net-Zilvia.net;Zilvia;In November 2025, data breached from the Zilvia.net Nissan 240SX Silvia and Z Fairlady car forum was leaked. The breach exposed 288k unique email addresses along with usernames, IP addresses and salted MD5 password hashes sourced from the vBulletin based platform. Attempts to contact Zilvia.net about the incident were unsuccessful.;06.11.25 00:00;Non-EU;Linkability, Identifiability;0;1;0;Extern (Intentional);Unknown;Strong;Unknown;Network;HIBP;1;0;1
hibp-2024-06-20-ZLib-z-lib.is-Z-lib;ZLib;In June 2024, almost 10M user records from Z-lib were discovered exposed online. Now defunct, Z-lib was a malicious clone of Z-Library, a well-known shadow online platform for pirating books and academic papers. The exposed data included usernames, email addresses, countries of residence, Bitcoin and Monero cryptocurrency wallet addresses, purchases and bcrypt password hashes.;20.06.24 00:00;Non-EU;Linkability, Identifiability;0;1;0;Unknown;Unknown;Strong;Challenge/Fun;Network;HIBP;1;0;0
hibp-2018-07-01-Zoomcar-zoomcar.com-Zoomcar;Zoomcar;In July 2018, the Indian self-drive car rental company Zoomcar suffered a data breach which was subsequently sold on a dark web marketplace in 2020. The breach exposed over 3.5M records including names, email and IP addresses, phone numbers and passwords stored as bcrypt hashes. The data was provided to HIBP by dehashed.com.;01.07.18 00:00;Non-EU;Linkability, Identifiability;0;2;0;Extern (Intentional);Unknown;Strong;Profit-Oriented;Network;HIBP;1;0;1
hibp-2020-01-12-Zoosk2020-zoosk.com-Zoosk (2020);Zoosk2020;In January 2020, the online dating service Zoosk suffered a data breach which was subsequently shared extensively across online hacking communities. The breach contained 24 million unique email addresses alongside extensive personal information including genders, sexualities, dates of birth, physical attributes such as height and weight, religions, ethnicities and political views. The breach also allegedly exposed MD5 password hashes, although the data circulating in hacking circles had this field nulled out. The breach was provided to HIBP by breachbase.pw.;12.01.20 00:00;Non-EU;Linkability, Identifiability, Disclosure of information, Non-compliance;0;1;1;Extern (Intentional);Unknown;Weak;Unknown;Network;HIBP;1;1;0
hibp-2024-11-23-SeniorDating-seniordating.app-Senior Dating;SeniorDating;"In 2024, the 40+ dating website Senior Dating suffered a data breach. Attributed to an exposed Firebase database, the breach included extensive personal information on 766k users of the service including email addresses, photos, genders, links to Facebook accounts, dates of birth and precise latitude and longitude, among other personal attributes. The website was shut down after the breach was acknowledged by the site operator in December, along with a breach of the ""ladies.com"" website run by the same organisation.";23.11.24 00:00;Non-EU;Linkability, Identifiability, Disclosure of information, Non-compliance;0;1;2;Extern (Intentional);Unknown;Unknown;Unknown;Software, Services, Systems;HIBP;1;0;0
hibp-2023-01-08-Zurich-zurich.co.jp-Zurich;Zurich;In January 2023, the Japanese arm of Zurich insurance suffered a data breach that exposed 2.6M customer records with over 756k unique email addresses. The data was subsequently posted to a popular hacking forum and also included names, genders, dates of birth and details of insured vehicles.;08.01.23 00:00;Non-EU;Linkability, Identifiability;0;1;0;Extern (Intentional);Unknown;Unknown;Unknown;Network;HIBP;1;0;0
hibp-2019-09-01-Zynga-zynga.com-Zynga;Zynga;In September 2019, game developer Zynga (the creator of Words with Friends) suffered a data breach. The incident exposed 173M unique email addresses alongside usernames and passwords stored as salted SHA-1 hashes. The data was provided to HIBP by dehashed.com.;01.09.19 00:00;Non-EU;Linkability, Identifiability;0;1;0;Extern (Intentional);Unknown;Weak;Unknown;Network;HIBP;1;0;1
hibp-2022-04-22-Gemotest-gemotest.ru-___________ ___________ ________ (Gemotest);Gemotest;In April 2022, Russian pharmaceutical company Gemotest suffered a data breach that exposed 31 million patients. The data contained 6.3 million unique email addresses along with names, physical addresses, dates of birth, passport and insurance numbers. Gemotest was later fined for the breach.;22.04.22 00:00;Non-EU;Linkability, Identifiability, Disclosure of information, Non-compliance;0;2;1;Extern (Intentional);Unknown;Unknown;Unknown;Network;HIBP;1;0;0
hibp-2020-03-27-DecoratingTheHouse-ggumim.co.kr-____;DecoratingTheHouse;In March 2020, the Korean interior decoration website ???? (Decorating the House) suffered a data breach which impacted almost 1.3 million members. Served via the URL ggumim.co.kr, the exposed data included email addresses, names, usernames and phone numbers, all of which was subsequently shared extensively throughout online hacking communities. The data was provided to HIBP by breachbase.pw.;27.03.20 00:00;Non-EU;Linkability, Identifiability;0;2;0;Extern (Intentional);Unknown;;Unknown;Network;HIBP;1;0;0
;;;;;;;;;;;;;;;0;0;0
;;;;;;;;;;;;;;;0;0;0
;;;;;;;;;;;;;;;0;0;0
;;;;;;;;;;;;;;;0;0;0
;;;;;;;;;;;;;;;0;0;0
;;;;;;;;;;;;;;;0;0;0
;;;;;;;;;;;;;;;0;0;0
;;;;;;;;;;;;;;;0;0;0
;;;;;;;;;;;;;;;0;0;0
;;;;;;;;;;;;;;;0;0;0
;;;;;;;;;;;;;;;0;0;0
;;;;;;;;;;;;;;;0;0;0
;;;;;;;;;;;;;;;0;0;0
;;;;;;;;;;;;;;;0;0;0
;;;;;;;;;;;;;;;0;0;0
;;;;;;;;;;;;;;;0;0;0
;;;;;;;;;;;;;;;0;0;0
;;;;;;;;;;;;;;;0;0;0
;;;;;;;;;;;;;;;0;0;0
;;;;;;;;;;;;;;;0;0;0
;;;;;;;;;;;;;;;0;0;0
;;;;;;;;;;;;;;;0;0;0
;;;;;;;;;;;;;;;0;0;0
hibp-2024-04-23-Tappware-tappware.com-Tappware;Tappware;In April 2024, a substantial volume of data was taken from the Bangladeshi IT services provider Tappware and published to a popular hacking forum. Comprising of 95k unique email addresses, the data also included extensive labour information on local citizens including names, physical addresses, job titles, dates of birth, genders and scans of government issued national identity (NID) cards.;23.04.24 00:00;Non-EU;Linkability, Identifiability;0;2;0;Unknown;Unknown;Unknown;Unknown;Software, Services, Systems;HIBP;1;0;0
;;;;;;;;;;;;;;;0;0;0
;;;;;;;;;;;;;;;0;0;0
;;;;;;;;;;;;;;;0;0;0
;;;;;;;;;;;;;;;0;0;0
;;;;;;;;;;;;;;;0;0;0
;;;;;;;;;;;;;;;0;0;0
;;;;;;;;;;;;;;;0;0;0
;;;;;;;;;;;;;;;0;0;0
;;;;;;;;;;;;;;;0;0;0
;;;;;;;;;;;;;;;0;0;0
;;;;;;;;;;;;;;;0;0;0
;;;;;;;;;;;;;;;0;0;0
;;;;;;;;;;;;;;;0;0;0
;;;;;;;;;;;;;;;0;0;0
;;;;;;;;;;;;;;;0;0;0
;;;;;;;;;;;;;;;0;0;0
;;;;;;;;;;;;;;;0;0;0
;;;;;;;;;;;;;;;0;0;0
;;;;;;;;;;;;;;;0;0;0
;;;;;;;;;;;;;;;0;0;0
;;;;;;;;;;;;;;;0;0;0
;;;;;;;;;;;;;;;0;0;0
;;;;;;;;;;;;;;;0;0;0
;;;;;;;;;;;;;;;0;0;0
;;;;;;;;;;;;;;;0;0;0
;;;;;;;;;;;;;;;0;0;0
;;;;;;;;;;;;;;;0;0;0
;;;;;;;;;;;;;;;0;0;0
;;;;;;;;;;;;;;;0;0;0
;;;;;;;;;;;;;;;0;0;0
;;;;;;;;;;;;;;;0;0;0
;;;;;;;;;;;;;;;0;0;0
;;;;;;;;;;;;;;;0;0;0
;;;;;;;;;;;;;;;0;0;0
;;;;;;;;;;;;;;;0;0;0
;;;;;;;;;;;;;;;0;0;0
;;;;;;;;;;;;;;;0;0;0
;;;;;;;;;;;;;;;0;0;0
;;;;;;;;;;;;;;;0;0;0
;;;;;;;;;;;;;;;0;0;0
;;;;;;;;;;;;;;;0;0;0
;;;;;;;;;;;;;;;0;0;0
;;;;;;;;;;;;;;;0;0;0
;;;;;;;;;;;;;;;0;0;0
;;;;;;;;;;;;;;;0;0;0
;;;;;;;;;;;;;;;0;0;0
;;;;;;;;;;;;;;;0;0;0
;;;;;;;;;;;;;;;0;0;0
;;;;;;;;;;;;;;;0;0;0
;;;;;;;;;;;;;;;0;0;0
;;;;;;;;;;;;;;;0;0;0
;;;;;;;;;;;;;;;0;0;0
;;;;;;;;;;;;;;;0;0;0
;;;;;;;;;;;;;;;0;0;0
;;;;;;;;;;;;;;;0;0;0
;;;;;;;;;;;;;;;0;0;0
;;;;;;;;;;;;;;;0;0;0
;;;;;;;;;;;;;;;0;0;0
;;;;;;;;;;;;;;;0;0;0
;;;;;;;;;;;;;;;0;0;0
;;;;;;;;;;;;;;;0;0;0
;;;;;;;;;;;;;;;0;0;0
;;;;;;;;;;;;;;;0;0;0
;;;;;;;;;;;;;;;0;0;0
;;;;;;;;;;;;;;;0;0;0
;;;;;;;;;;;;;;;0;0;0
;;;;;;;;;;;;;;;0;0;0
;;;;;;;;;;;;;;;0;0;0
;;;;;;;;;;;;;;;0;0;0
;;;;;;;;;;;;;;;0;0;0
;;;;;;;;;;;;;;;0;0;0
;;;;;;;;;;;;;;;0;0;0
;;;;;;;;;;;;;;;0;0;0
;;;;;;;;;;;;;;;0;0;0
;;;;;;;;;;;;;;;0;0;0
;;;;;;;;;;;;;;;0;0;0
;;;;;;;;;;;;;;;0;0;0
;;;;;;;;;;;;;;;0;0;0
;;;;;;;;;;;;;;;0;0;0
;;;;;;;;;;;;;;;0;0;0
;;;;;;;;;;;;;;;0;0;0
;;;;;;;;;;;;;;;0;0;0
;;;;;;;;;;;;;;;0;0;0
;;;;;;;;;;;;;;;0;0;0
;;;;;;;;;;;;;;;0;0;0
;;;;;;;;;;;;;;;0;0;0
;;;;;;;;;;;;;;;0;0;0
;;;;;;;;;;;;;;;0;0;0
;;;;;;;;;;;;;;;0;0;0
;;;;;;;;;;;;;;;0;0;0
;;;;;;;;;;;;;;;0;0;0
;;;;;;;;;;;;;;;0;0;0
;;;;;;;;;;;;;;;0;0;0
;;;;;;;;;;;;;;;0;0;0
;;;;;;;;;;;;;;;0;0;0
;;;;;;;;;;;;;;;0;0;0
;;;;;;;;;;;;;;;0;0;0
;;;;;;;;;;;;;;;0;0;0
;;;;;;;;;;;;;;;0;0;0
;;;;;;;;;;;;;;;0;0;0
;;;;;;;;;;;;;;;0;0;0
;;;;;;;;;;;;;;;0;0;0
;;;;;;;;;;;;;;;0;0;0
;;;;;;;;;;;;;;;0;0;0
;;;;;;;;;;;;;;;0;0;0
hibp-2019-09-27-Zooville-zooville.org-Zooville;Zooville;In September 2019, the zoophilia and bestiality forum Zooville suffered a data breach. The usernames and email addresses of 71k members were accessed via an unpatched vulnerability in the vBulletin forum software then subsequently distributed online. A second data set was later provided to HIBP which contained a complete vBulletin database dump including IP addresses, dates of birth and passwords stored as bcrypt hashes. The site administrator advised that following the breach, all data had been deleted from the forum and a new one had been stood up on the XenForo platform.;27.09.19 00:00;Non-EU;Linkability, Identifiability, Non-compliance;0;1;2;Extern (Intentional);Unknown;Strong;Unknown;Software, Services, Systems;HIBP;1;0;1
;;;;;;;;;;;;;;;0;0;0
;;;;;;;;;;;;;;;0;0;0
;;;;;;;;;;;;;;;0;0;0
;;;;;;;;;;;;;;;0;0;0
;;;;;;;;;;;;;;;0;0;0
;;;;;;;;;;;;;;;0;0;0
;;;;;;;;;;;;;;;0;0;0
;;;;;;;;;;;;;;;0;0;0
;;;;;;;;;;;;;;;0;0;0
;;;;;;;;;;;;;;;0;0;0
;;;;;;;;;;;;;;;0;0;0
;;;;;;;;;;;;;;;0;0;0
;;;;;;;;;;;;;;;0;0;0
;;;;;;;;;;;;;;;0;0;0
;;;;;;;;;;;;;;;0;0;0
;;;;;;;;;;;;;;;0;0;0
;;;;;;;;;;;;;;;0;0;0
;;;;;;;;;;;;;;;0;0;0
;;;;;;;;;;;;;;;0;0;0
;;;;;;;;;;;;;;;0;0;0
;;;;;;;;;;;;;;;0;0;0
;;;;;;;;;;;;;;;0;0;0
;;;;;;;;;;;;;;;0;0;0
;;;;;;;;;;;;;;;0;0;0
;;;;;;;;;;;;;;;0;0;0
;;;;;;;;;;;;;;;0;0;0
;;;;;;;;;;;;;;;0;0;0
;;;;;;;;;;;;;;;0;0;0
;;;;;;;;;;;;;;;0;0;0
;;;;;;;;;;;;;;;0;0;0
;;;;;;;;;;;;;;;0;0;0
;;;;;;;;;;;;;;;0;0;0
;;;;;;;;;;;;;;;0;0;0
;;;;;;;;;;;;;;;0;0;0
;;;;;;;;;;;;;;;0;0;0
;;;;;;;;;;;;;;;0;0;0
;;;;;;;;;;;;;;;0;0;0
;;;;;;;;;;;;;;;0;0;0
;;;;;;;;;;;;;;;0;0;0
;;;;;;;;;;;;;;;0;0;0
;;;;;;;;;;;;;;;0;0;0
;;;;;;;;;;;;;;;0;0;0
;;;;;;;;;;;;;;;0;0;0
;;;;;;;;;;;;;;;0;0;0
;;;;;;;;;;;;;;;0;0;0
;;;;;;;;;;;;;;;0;0;0
;;;;;;;;;;;;;;;0;0;0
;;;;;;;;;;;;;;;0;0;0
;;;;;;;;;;;;;;;0;0;0
;;;;;;;;;;;;;;;0;0;0
;;;;;;;;;;;;;;;0;0;0
;;;;;;;;;;;;;;;0;0;0
;;;;;;;;;;;;;;;0;0;0
;;;;;;;;;;;;;;;0;0;0
;;;;;;;;;;;;;;;0;0;0
;;;;;;;;;;;;;;;0;0;0
;;;;;;;;;;;;;;;0;0;0
;;;;;;;;;;;;;;;0;0;0
;;;;;;;;;;;;;;;0;0;0
;;;;;;;;;;;;;;;0;0;0
;;;;;;;;;;;;;;;0;0;0
;;;;;;;;;;;;;;;0;0;0
;;;;;;;;;;;;;;;0;0;0
;;;;;;;;;;;;;;;0;0;0
;;;;;;;;;;;;;;;0;0;0
;;;;;;;;;;;;;;;0;0;0
;;;;;;;;;;;;;;;0;0;0
;;;;;;;;;;;;;;;0;0;0
;;;;;;;;;;;;;;;0;0;0
;;;;;;;;;;;;;;;0;0;0
;;;;;;;;;;;;;;;0;0;0
;;;;;;;;;;;;;;;0;0;0
;;;;;;;;;;;;;;;0;0;0
;;;;;;;;;;;;;;;0;0;0
;;;;;;;;;;;;;;;0;0;0
;;;;;;;;;;;;;;;0;0;0
;;;;;;;;;;;;;;;0;0;0
;;;;;;;;;;;;;;;0;0;0
;;;;;;;;;;;;;;;0;0;0
;;;;;;;;;;;;;;;0;0;0
;;;;;;;;;;;;;;;0;0;0
;;;;;;;;;;;;;;;0;0;0
;;;;;;;;;;;;;;;0;0;0
;;;;;;;;;;;;;;;0;0;0
;;;;;;;;;;;;;;;0;0;0
;;;;;;;;;;;;;;;0;0;0
;;;;;;;;;;;;;;;0;0;0
;;;;;;;;;;;;;;;0;0;0
;;;;;;;;;;;;;;;0;0;0
;;;;;;;;;;;;;;;0;0;0
;;;;;;;;;;;;;;;0;0;0
;;;;;;;;;;;;;;;0;0;0
;;;;;;;;;;;;;;;0;0;0
;;;;;;;;;;;;;;;0;0;0
;;;;;;;;;;;;;;;0;0;0
;;;;;;;;;;;;;;;0;0;0
;;;;;;;;;;;;;;;0;0;0
;;;;;;;;;;;;;;;0;0;0
;;;;;;;;;;;;;;;0;0;0
;;;;;;;;;;;;;;;0;0;0
;;;;;;;;;;;;;;;0;0;0
;;;;;;;;;;;;;;;0;0;0
;;;;;;;;;;;;;;;0;0;0
;;;;;;;;;;;;;;;0;0;0
;;;;;;;;;;;;;;;0;0;0
;;;;;;;;;;;;;;;0;0;0
;;;;;;;;;;;;;;;0;0;0
;;;;;;;;;;;;;;;0;0;0
;;;;;;;;;;;;;;;0;0;0
;;;;;;;;;;;;;;;0;0;0
;;;;;;;;;;;;;;;0;0;0
;;;;;;;;;;;;;;;0;0;0
;;;;;;;;;;;;;;;0;0;0
;;;;;;;;;;;;;;;0;0;0
;;;;;;;;;;;;;;;0;0;0
;;;;;;;;;;;;;;;0;0;0
;;;;;;;;;;;;;;;0;0;0
;;;;;;;;;;;;;;;0;0;0
;;;;;;;;;;;;;;;0;0;0
;;;;;;;;;;;;;;;0;0;0
;;;;;;;;;;;;;;;0;0;0
;;;;;;;;;;;;;;;0;0;0
;;;;;;;;;;;;;;;0;0;0
;;;;;;;;;;;;;;;0;0;0
;;;;;;;;;;;;;;;0;0;0
;;;;;;;;;;;;;;;0;0;0
;;;;;;;;;;;;;;;0;0;0
;;;;;;;;;;;;;;;0;0;0
;;;;;;;;;;;;;;;0;0;0
;;;;;;;;;;;;;;;0;0;0
;;;;;;;;;;;;;;;0;0;0
;;;;;;;;;;;;;;;0;0;0
;;;;;;;;;;;;;;;0;0;0
;;;;;;;;;;;;;;;0;0;0
;;;;;;;;;;;;;;;0;0;0
;;;;;;;;;;;;;;;0;0;0
;;;;;;;;;;;;;;;0;0;0
;;;;;;;;;;;;;;;0;0;0
;;;;;;;;;;;;;;;0;0;0
;;;;;;;;;;;;;;;0;0;0
;;;;;;;;;;;;;;;0;0;0
;;;;;;;;;;;;;;;0;0;0
;;;;;;;;;;;;;;;0;0;0
;;;;;;;;;;;;;;;0;0;0
;;;;;;;;;;;;;;;0;0;0
;;;;;;;;;;;;;;;0;0;0
;;;;;;;;;;;;;;;0;0;0
;;;;;;;;;;;;;;;0;0;0
;;;;;;;;;;;;;;;0;0;0
;;;;;;;;;;;;;;;0;0;0
;;;;;;;;;;;;;;;0;0;0
;;;;;;;;;;;;;;;0;0;0
;;;;;;;;;;;;;;;0;0;0
;;;;;;;;;;;;;;;0;0;0
;;;;;;;;;;;;;;;0;0;0
;;;;;;;;;;;;;;;0;0;0
;;;;;;;;;;;;;;;0;0;0
;;;;;;;;;;;;;;;0;0;0
;;;;;;;;;;;;;;;0;0;0
;;;;;;;;;;;;;;;0;0;0
;;;;;;;;;;;;;;;0;0;0
;;;;;;;;;;;;;;;0;0;0
;;;;;;;;;;;;;;;0;0;0
;;;;;;;;;;;;;;;0;0;0
;;;;;;;;;;;;;;;0;0;0
;;;;;;;;;;;;;;;0;0;0
;;;;;;;;;;;;;;;0;0;0
;;;;;;;;;;;;;;;0;0;0
;;;;;;;;;;;;;;;0;0;0
;;;;;;;;;;;;;;;0;0;0
;;;;;;;;;;;;;;;0;0;0
;;;;;;;;;;;;;;;0;0;0
;;;;;;;;;;;;;;;0;0;0
;;;;;;;;;;;;;;;0;0;0
;;;;;;;;;;;;;;;0;0;0
;;;;;;;;;;;;;;;0;0;0
;;;;;;;;;;;;;;;0;0;0
;;;;;;;;;;;;;;;0;0;0
;;;;;;;;;;;;;;;0;0;0
;;;;;;;;;;;;;;;0;0;0
;;;;;;;;;;;;;;;0;0;0
;;;;;;;;;;;;;;;0;0;0
;;;;;;;;;;;;;;;0;0;0
;;;;;;;;;;;;;;;0;0;0
;;;;;;;;;;;;;;;0;0;0
;;;;;;;;;;;;;;;0;0;0
;;;;;;;;;;;;;;;0;0;0
;;;;;;;;;;;;;;;0;0;0
;;;;;;;;;;;;;;;0;0;0
;;;;;;;;;;;;;;;0;0;0
;;;;;;;;;;;;;;;0;0;0
;;;;;;;;;;;;;;;0;0;0
;;;;;;;;;;;;;;;0;0;0
;;;;;;;;;;;;;;;0;0;0
;;;;;;;;;;;;;;;0;0;0
;;;;;;;;;;;;;;;0;0;0
;;;;;;;;;;;;;;;0;0;0
;;;;;;;;;;;;;;;0;0;0
;;;;;;;;;;;;;;;0;0;0
;;;;;;;;;;;;;;;0;0;0
;;;;;;;;;;;;;;;0;0;0
;;;;;;;;;;;;;;;0;0;0
;;;;;;;;;;;;;;;0;0;0
;;;;;;;;;;;;;;;0;0;0
;;;;;;;;;;;;;;;0;0;0
;;;;;;;;;;;;;;;0;0;0
;;;;;;;;;;;;;;;0;0;0
;;;;;;;;;;;;;;;0;0;0
;;;;;;;;;;;;;;;0;0;0
;;;;;;;;;;;;;;;0;0;0
;;;;;;;;;;;;;;;0;0;0
;;;;;;;;;;;;;;;0;0;0
;;;;;;;;;;;;;;;0;0;0
;;;;;;;;;;;;;;;0;0;0
;;;;;;;;;;;;;;;0;0;0
;;;;;;;;;;;;;;;0;0;0
;;;;;;;;;;;;;;;0;0;0
;;;;;;;;;;;;;;;0;0;0
;;;;;;;;;;;;;;;0;0;0
;;;;;;;;;;;;;;;0;0;0
;;;;;;;;;;;;;;;0;0;0
;;;;;;;;;;;;;;;0;0;0
;;;;;;;;;;;;;;;0;0;0
;;;;;;;;;;;;;;;0;0;0
;;;;;;;;;;;;;;;0;0;0
;;;;;;;;;;;;;;;0;0;0
;;;;;;;;;;;;;;;0;0;0
;;;;;;;;;;;;;;;0;0;0
;;;;;;;;;;;;;;;0;0;0
;;;;;;;;;;;;;;;0;0;0
;;;;;;;;;;;;;;;0;0;0
;;;;;;;;;;;;;;;0;0;0
;;;;;;;;;;;;;;;0;0;0
;;;;;;;;;;;;;;;0;0;0
;;;;;;;;;;;;;;;0;0;0
;;;;;;;;;;;;;;;0;0;0
;;;;;;;;;;;;;;;0;0;0
;;;;;;;;;;;;;;;0;0;0
;;;;;;;;;;;;;;;0;0;0
;;;;;;;;;;;;;;;0;0;0
;;;;;;;;;;;;;;;0;0;0
;;;;;;;;;;;;;;;0;0;0
;;;;;;;;;;;;;;;0;0;0
;;;;;;;;;;;;;;;0;0;0
;;;;;;;;;;;;;;;0;0;0
;;;;;;;;;;;;;;;0;0;0
;;;;;;;;;;;;;;;0;0;0
;;;;;;;;;;;;;;;0;0;0
;;;;;;;;;;;;;;;0;0;0
;;;;;;;;;;;;;;;0;0;0
;;;;;;;;;;;;;;;0;0;0
;;;;;;;;;;;;;;;0;0;0
;;;;;;;;;;;;;;;0;0;0
;;;;;;;;;;;;;;;0;0;0
;;;;;;;;;;;;;;;0;0;0
;;;;;;;;;;;;;;;0;0;0
;;;;;;;;;;;;;;;0;0;0
;;;;;;;;;;;;;;;0;0;0
;;;;;;;;;;;;;;;0;0;0
;;;;;;;;;;;;;;;0;0;0
;;;;;;;;;;;;;;;0;0;0
;;;;;;;;;;;;;;;0;0;0
;;;;;;;;;;;;;;;0;0;0
;;;;;;;;;;;;;;;0;0;0
;;;;;;;;;;;;;;;0;0;0
;;;;;;;;;;;;;;;0;0;0
;;;;;;;;;;;;;;;0;0;0
;;;;;;;;;;;;;;;0;0;0
;;;;;;;;;;;;;;;0;0;0
;;;;;;;;;;;;;;;0;0;0
;;;;;;;;;;;;;;;0;0;0
;;;;;;;;;;;;;;;0;0;0
;;;;;;;;;;;;;;;0;0;0
;;;;;;;;;;;;;;;0;0;0
;;;;;;;;;;;;;;;0;0;0
;;;;;;;;;;;;;;;0;0;0
;;;;;;;;;;;;;;;0;0;0
;;;;;;;;;;;;;;;0;0;0
;;;;;;;;;;;;;;;0;0;0
;;;;;;;;;;;;;;;0;0;0
;;;;;;;;;;;;;;;0;0;0
;;;;;;;;;;;;;;;0;0;0
;;;;;;;;;;;;;;;0;0;0
;;;;;;;;;;;;;;;0;0;0
;;;;;;;;;;;;;;;0;0;0
;;;;;;;;;;;;;;;0;0;0
;;;;;;;;;;;;;;;0;0;0
;;;;;;;;;;;;;;;0;0;0
;;;;;;;;;;;;;;;0;0;0
;;;;;;;;;;;;;;;0;0;0
;;;;;;;;;;;;;;;0;0;0
;;;;;;;;;;;;;;;0;0;0
;;;;;;;;;;;;;;;0;0;0
;;;;;;;;;;;;;;;0;0;0
;;;;;;;;;;;;;;;0;0;0
;;;;;;;;;;;;;;;0;0;0
;;;;;;;;;;;;;;;0;0;0
;;;;;;;;;;;;;;;0;0;0
;;;;;;;;;;;;;;;0;0;0
;;;;;;;;;;;;;;;0;0;0
;;;;;;;;;;;;;;;0;0;0
;;;;;;;;;;;;;;;0;0;0
;;;;;;;;;;;;;;;0;0;0
;;;;;;;;;;;;;;;0;0;0
;;;;;;;;;;;;;;;0;0;0
;;;;;;;;;;;;;;;0;0;0
;;;;;;;;;;;;;;;0;0;0
;;;;;;;;;;;;;;;0;0;0
;;;;;;;;;;;;;;;0;0;0
;;;;;;;;;;;;;;;0;0;0
;;;;;;;;;;;;;;;0;0;0
;;;;;;;;;;;;;;;0;0;0
;;;;;;;;;;;;;;;0;0;0
;;;;;;;;;;;;;;;0;0;0
;;;;;;;;;;;;;;;0;0;0
;;;;;;;;;;;;;;;0;0;0
;;;;;;;;;;;;;;;0;0;0
;;;;;;;;;;;;;;;0;0;0
;;;;;;;;;;;;;;;0;0;0
;;;;;;;;;;;;;;;0;0;0
;;;;;;;;;;;;;;;0;0;0
;;;;;;;;;;;;;;;0;0;0
;;;;;;;;;;;;;;;0;0;0
;;;;;;;;;;;;;;;0;0;0
;;;;;;;;;;;;;;;0;0;0
;;;;;;;;;;;;;;;0;0;0
;;;;;;;;;;;;;;;0;0;0
;;;;;;;;;;;;;;;0;0;0
;;;;;;;;;;;;;;;0;0;0
;;;;;;;;;;;;;;;0;0;0
;;;;;;;;;;;;;;;0;0;0
;;;;;;;;;;;;;;;0;0;0
;;;;;;;;;;;;;;;0;0;0
;;;;;;;;;;;;;;;0;0;0
;;;;;;;;;;;;;;;0;0;0
;;;;;;;;;;;;;;;0;0;0
;;;;;;;;;;;;;;;0;0;0
;;;;;;;;;;;;;;;0;0;0
;;;;;;;;;;;;;;;0;0;0
;;;;;;;;;;;;;;;0;0;0
;;;;;;;;;;;;;;;0;0;0
;;;;;;;;;;;;;;;0;0;0
;;;;;;;;;;;;;;;0;0;0
;;;;;;;;;;;;;;;0;0;0
;;;;;;;;;;;;;;;0;0;0
;;;;;;;;;;;;;;;0;0;0
;;;;;;;;;;;;;;;0;0;0
;;;;;;;;;;;;;;;0;0;0
;;;;;;;;;;;;;;;0;0;0
;;;;;;;;;;;;;;;0;0;0
;;;;;;;;;;;;;;;0;0;0
;;;;;;;;;;;;;;;0;0;0
;;;;;;;;;;;;;;;0;0;0
;;;;;;;;;;;;;;;0;0;0
;;;;;;;;;;;;;;;0;0;0
;;;;;;;;;;;;;;;0;0;0
;;;;;;;;;;;;;;;0;0;0
;;;;;;;;;;;;;;;0;0;0
;;;;;;;;;;;;;;;0;0;0
;;;;;;;;;;;;;;;0;0;0
;;;;;;;;;;;;;;;0;0;0
;;;;;;;;;;;;;;;0;0;0
;;;;;;;;;;;;;;;0;0;0
;;;;;;;;;;;;;;;0;0;0
;;;;;;;;;;;;;;;0;0;0
;;;;;;;;;;;;;;;0;0;0
;;;;;;;;;;;;;;;0;0;0
;;;;;;;;;;;;;;;0;0;0
;;;;;;;;;;;;;;;0;0;0
;;;;;;;;;;;;;;;0;0;0
;;;;;;;;;;;;;;;0;0;0
;;;;;;;;;;;;;;;0;0;0
;;;;;;;;;;;;;;;0;0;0
;;;;;;;;;;;;;;;0;0;0
;;;;;;;;;;;;;;;0;0;0
;;;;;;;;;;;;;;;0;0;0
;;;;;;;;;;;;;;;0;0;0
;;;;;;;;;;;;;;;0;0;0
;;;;;;;;;;;;;;;0;0;0
;;;;;;;;;;;;;;;0;0;0
;;;;;;;;;;;;;;;0;0;0
;;;;;;;;;;;;;;;0;0;0
;;;;;;;;;;;;;;;0;0;0
;;;;;;;;;;;;;;;0;0;0
;;;;;;;;;;;;;;;0;0;0
;;;;;;;;;;;;;;;0;0;0
;;;;;;;;;;;;;;;0;0;0
;;;;;;;;;;;;;;;0;0;0
;;;;;;;;;;;;;;;0;0;0
;;;;;;;;;;;;;;;0;0;0
;;;;;;;;;;;;;;;0;0;0
;;;;;;;;;;;;;;;0;0;0
;;;;;;;;;;;;;;;0;0;0
;;;;;;;;;;;;;;;0;0;0
;;;;;;;;;;;;;;;0;0;0
;;;;;;;;;;;;;;;0;0;0
;;;;;;;;;;;;;;;0;0;0
;;;;;;;;;;;;;;;0;0;0
;;;;;;;;;;;;;;;0;0;0
;;;;;;;;;;;;;;;0;0;0
;;;;;;;;;;;;;;;0;0;0
;;;;;;;;;;;;;;;0;0;0
;;;;;;;;;;;;;;;0;0;0
;;;;;;;;;;;;;;;0;0;0
;;;;;;;;;;;;;;;0;0;0
;;;;;;;;;;;;;;;0;0;0
;;;;;;;;;;;;;;;0;0;0
;;;;;;;;;;;;;;;0;0;0
;;;;;;;;;;;;;;;0;0;0
;;;;;;;;;;;;;;;0;0;0
;;;;;;;;;;;;;;;0;0;0
;;;;;;;;;;;;;;;0;0;0
;;;;;;;;;;;;;;;0;0;0
;;;;;;;;;;;;;;;0;0;0
;;;;;;;;;;;;;;;0;0;0
;;;;;;;;;;;;;;;0;0;0
;;;;;;;;;;;;;;;0;0;0
;;;;;;;;;;;;;;;0;0;0
;;;;;;;;;;;;;;;0;0;0
;;;;;;;;;;;;;;;0;0;0
;;;;;;;;;;;;;;;0;0;0
;;;;;;;;;;;;;;;0;0;0
;;;;;;;;;;;;;;;0;0;0
;;;;;;;;;;;;;;;0;0;0
;;;;;;;;;;;;;;;0;0;0
;;;;;;;;;;;;;;;0;0;0
;;;;;;;;;;;;;;;0;0;0
;;;;;;;;;;;;;;;0;0;0
;;;;;;;;;;;;;;;0;0;0
;;;;;;;;;;;;;;;0;0;0
;;;;;;;;;;;;;;;0;0;0
;;;;;;;;;;;;;;;0;0;0
;;;;;;;;;;;;;;;0;0;0
;;;;;;;;;;;;;;;0;0;0
;;;;;;;;;;;;;;;0;0;0
;;;;;;;;;;;;;;;0;0;0
;;;;;;;;;;;;;;;0;0;0
;;;;;;;;;;;;;;;0;0;0
;;;;;;;;;;;;;;;0;0;0
;;;;;;;;;;;;;;;0;0;0
;;;;;;;;;;;;;;;0;0;0
;;;;;;;;;;;;;;;0;0;0
;;;;;;;;;;;;;;;0;0;0
;;;;;;;;;;;;;;;0;0;0
;;;;;;;;;;;;;;;0;0;0
;;;;;;;;;;;;;;;0;0;0
;;;;;;;;;;;;;;;0;0;0
;;;;;;;;;;;;;;;0;0;0
;;;;;;;;;;;;;;;0;0;0
;;;;;;;;;;;;;;;0;0;0
;;;;;;;;;;;;;;;0;0;0
;;;;;;;;;;;;;;;0;0;0
;;;;;;;;;;;;;;;0;0;0
;;;;;;;;;;;;;;;0;0;0
;;;;;;;;;;;;;;;0;0;0
;;;;;;;;;;;;;;;0;0;0
;;;;;;;;;;;;;;;0;0;0
;;;;;;;;;;;;;;;0;0;0
;;;;;;;;;;;;;;;0;0;0
;;;;;;;;;;;;;;;0;0;0
;;;;;;;;;;;;;;;0;0;0
;;;;;;;;;;;;;;;0;0;0
;;;;;;;;;;;;;;;0;0;0
;;;;;;;;;;;;;;;0;0;0
;;;;;;;;;;;;;;;0;0;0
;;;;;;;;;;;;;;;0;0;0
;;;;;;;;;;;;;;;0;0;0
;;;;;;;;;;;;;;;0;0;0
;;;;;;;;;;;;;;;0;0;0
;;;;;;;;;;;;;;;0;0;0
;;;;;;;;;;;;;;;0;0;0
;;;;;;;;;;;;;;;0;0;0
;;;;;;;;;;;;;;;0;0;0
;;;;;;;;;;;;;;;0;0;0
;;;;;;;;;;;;;;;0;0;0
;;;;;;;;;;;;;;;0;0;0
;;;;;;;;;;;;;;;0;0;0
;;;;;;;;;;;;;;;0;0;0
;;;;;;;;;;;;;;;0;0;0
;;;;;;;;;;;;;;;0;0;0
;;;;;;;;;;;;;;;0;0;0
;;;;;;;;;;;;;;;0;0;0
;;;;;;;;;;;;;;;0;0;0
;;;;;;;;;;;;;;;0;0;0
;;;;;;;;;;;;;;;0;0;0
;;;;;;;;;;;;;;;0;0;0
;;;;;;;;;;;;;;;0;0;0
;;;;;;;;;;;;;;;0;0;0
;;;;;;;;;;;;;;;0;0;0
;;;;;;;;;;;;;;;0;0;0
;;;;;;;;;;;;;;;0;0;0
;;;;;;;;;;;;;;;0;0;0
;;;;;;;;;;;;;;;0;0;0
;;;;;;;;;;;;;;;0;0;0
eurepoc-2025-05-22-4904;Broad River Physicians Group LLC - Passaic Hospitalist Services LLC - Lorain Emergency Physicians LLC - Methodist University Emergency Physicians PLLC - Pensacola Hospitalist Physicians LLC - Aurora Emergency Physicians LLC - Olive Branch Emergency Physicians LLC - Pennsylvania Hospitalist Group LLC - ApolloMD - Trinity Emergency Physicians LLC - The Bortolazzo Group LLC - Passaic River Physicians LLC;On 12 June 2025, the ransomware group Qilin added ApolloMD to their darkweb leak site, claiming to hold 238 GB of files, which were allegedly obtained during a compromise that occurred between 22 May and 23 May 2025. ApolloMD, a business associate to hospitals and health systems, notified patients of 11 physician practices affected by the incident, including Passaic Hospitalist Services LLC, Pensacola Hospitalist Physicians LLC, Broad River Physicians Group LLC, Olive Branch Emergency Physicians LLC, Aurora Emergency Physicians LLC, Passaic River Physicians LLC, The Bortolazzo Group LLC, Methodist University Emergency Physicians PLLC, Trinity Emergency Physicians LLC, Lorain Emergency Physicians LLC, and Pennsylvania Hospitalist Group LLC. The affected data included patient names, dates of birth, addresses, diagnosis information, provider names, dates of service, treatment information, and/or health insurance information, as well as Social Security numbers for some individuals. ApolloMD posted a substitute notice on its website on 15 September 2025 and sent notification letters to affected patients on 17 September 2025. In February 2026, ApolloMD confirmed that over 626,000 individuals were impacted.;22.05.25 00:00;Non-EU;Linkability, Identifiability, Unawareness, Non-compliance;1;2;2;Extern (Intentional);Unknown;Unknown;Profit-Oriented;Unknown;EuRepoC;1;0;0
;;;;;;;;;;;;;;;0;0;0
;;;;;;;;;;;;;;;0;0;0
;;;;;;;;;;;;;;;0;0;0
;;;;;;;;;;;;;;;0;0;0
;;;;;;;;;;;;;;;0;0;0
;;;;;;;;;;;;;;;0;0;0
;;;;;;;;;;;;;;;0;0;0
;;;;;;;;;;;;;;;0;0;0
;;;;;;;;;;;;;;;0;0;0
;;;;;;;;;;;;;;;0;0;0
;;;;;;;;;;;;;;;0;0;0
;;;;;;;;;;;;;;;0;0;0
;;;;;;;;;;;;;;;0;0;0
;;;;;;;;;;;;;;;0;0;0
;;;;;;;;;;;;;;;0;0;0
;;;;;;;;;;;;;;;0;0;0
;;;;;;;;;;;;;;;0;0;0
;;;;;;;;;;;;;;;0;0;0
;;;;;;;;;;;;;;;0;0;0
;;;;;;;;;;;;;;;0;0;0
;;;;;;;;;;;;;;;0;0;0
;;;;;;;;;;;;;;;0;0;0
;;;;;;;;;;;;;;;0;0;0
;;;;;;;;;;;;;;;0;0;0
;;;;;;;;;;;;;;;0;0;0
eurepoc-2025-09-22-4907;Inovie Labosud;On 22 September 2025, the medical biology group Inovie Labosud was compromised, potentially exposing sensitive data of over 3 million patients. The threat actors accessed personal data, including identity, social security, and medical information related to laboratory tests, but no banking coordinates or passwords were compromised. An investigation is ongoing, with no evidence yet on the use of the stolen data. Inovie Labosud notified 3.2 million people who could be affected by the intrusion. A criminal complaint has been filed.;22.09.25 00:00;Non-EU;Non-compliance;1;0;2;Extern (Intentional);Valid Accounts;Unknown;Unknown;Unknown;EuRepoC;0;1;0
;;;;;;;;;;;;;;;0;0;0
;;;;;;;;;;;;;;;0;0;0
;;;;;;;;;;;;;;;0;0;0
;;;;;;;;;;;;;;;0;0;0
;;;;;;;;;;;;;;;0;0;0
;;;;;;;;;;;;;;;0;0;0
eurepoc-2023-09-30-4888;Fairmont Federal Credit Union;"Between 30 September and 18 October 2023, Fairmont Federal Credit Union, a US-based financial cooperative, was breached by Black Basta ransomware gang, resulting in a data breach that impacted approximately 187,000 people. The incident was not detected until January 2024, which led to an investigation lasting until August 2025; the company disclosed on 17 August 2025 that impacted data included “personal information including, full name, date of birth, address, Social Security number, U.S. Alien registration number, passport number, driver’s license or state ID number, military ID number, Tax ID number, non-U.S. national identification number, financial account number, routing number, financial institution name, credit card/debit card number, security code/PIN number, credit card/debit card expiration date, IRS PIN number, treatment information/diagnosis, prescription information, provider name, MRN/patient ID, Medicare/Medicaid number, health insurance policy/subscriber number, other health insurance information, treatment cost information, full access credentials, security questions and answers, and digital signatures.”";30.09.23 00:00;Non-EU;Non-repudiation, Non-compliance;2;0;2;Extern (Intentional);Unknown;Unknown;Profit-Oriented;Unknown;EuRepoC;0;0;1
;;;;;;;;;;;;;;;0;0;0
;;;;;;;;;;;;;;;0;0;0
;;;;;;;;;;;;;;;0;0;0
;;;;;;;;;;;;;;;0;0;0
;;;;;;;;;;;;;;;0;0;0
;;;;;;;;;;;;;;;0;0;0
;;;;;;;;;;;;;;;0;0;0
;;;;;;;;;;;;;;;0;0;0
;;;;;;;;;;;;;;;0;0;0
;;;;;;;;;;;;;;;0;0;0
;;;;;;;;;;;;;;;0;0;0
;;;;;;;;;;;;;;;0;0;0
;;;;;;;;;;;;;;;0;0;0
;;;;;;;;;;;;;;;0;0;0
;;;;;;;;;;;;;;;0;0;0
;;;;;;;;;;;;;;;0;0;0
;;;;;;;;;;;;;;;0;0;0
;;;;;;;;;;;;;;;0;0;0
eurepoc-2025-07-08-4855;Unknown Entity;Starting on 8 July 2025, the Iranian state-sponsored hacker group Handala Hack Team carried out a hack-and-leak operation targeting five journalists with Iran International, including one based in Canada, through accessing their internal communication and server infrastructure. As part of the operation, the group released uncensored photos of government IDs, email address passwords, intimate photos, and videos on their website, which were then amplified via X, Facebook, Instagram, Telegram, and Iranian news websites until early August 2025, according to Canadian officials. The operation was detected by Rapid Response Mechanism Canada (RRM Canada) on 9 July 2025 and was reported in an advisory on 12 September 2025. According to Canadian officials, Handala claimed to have acquired information of thousands of individuals linked to Iran International. The leaked information was further amplified through multiple AI chatbots, including ChatGPT, Gemini, Copilot, Claude, Grok, and DeepSeek, which provided detailed information about the operation, names of affected individuals, and links to released images. The leak increased the risk to the personal safety of the affected staff, and such operations are used as a form of digital transnational repression (DTNR) to coerce, harass, silence, and intimidate those who speak against foreign actors or their interests. Several threat intelligence firms, including Recorded Future and Trellix, assess Handala maintains links with groups, such as Storm-842, with documented connections to Iranian intelligence.;08.07.25 00:00;Non-EU;Linkability, Identifiability, Unawareness, Non-compliance;2;1;2;Extern (Intentional);Unknown;Unknown;Unknown;Hardware;EuRepoC;1;0;0
;;;;;;;;;;;;;;;0;0;0
;;;;;;;;;;;;;;;0;0;0
;;;;;;;;;;;;;;;0;0;0
;;;;;;;;;;;;;;;0;0;0
;;;;;;;;;;;;;;;0;0;0
;;;;;;;;;;;;;;;0;0;0
eurepoc-2025-09-01-4847;Credit Institute (Vietnam);ShinyHunters claimed responsibility for an intrusion of Credit Institute of Vietnam, reportedly exfiltrating over 160 million records. The Credit Institute of Vietnam, which operates under the State Bank of Vietnam, maintains credit information on individuals and legal entities nationwide. According to the group, the breach included highly sensitive data such as personally identifiable information, credit payment histories, government and military IDs, tax and income records and debt details of all citizens. The dataset, which ShinyHunters listed for sale on a hacking forum, reportedly also included historical data. The attackers stated they exploited an n-day vulnerability in end-of-life software. ShinyHunters denied involvement from other allied groups such as Scattered Spider or Lapsus$, claiming it to be a sole act.;01.09.25 00:00;Non-EU;Unawareness, Non-compliance;2;0;2;Extern (Intentional);Unknown;Unknown;Profit-Oriented;Unknown;EuRepoC;0;0;0
eurepoc-2024-05-01-4846;Wayne Memorial Hospital (WMH);Unknown threat actors targeted Wayne Memorial Hospital (WMH), a Georgia-based healthcare provider, in a ransomware attack that occurred between 1 May and 30 June 2024. The attackers encrypted portions of the hospital’s data and left a ransom note. The breach potentially exposed the personal information of approximately 163,440 individuals, including names, dates of birth, Social Security numbers, financial account details and medical histories. The incident was reported to the Office of the Maine Attorney General and publicly disclosed by WMH’s legal representatives on 9 September 2025.;01.05.24 00:00;Non-EU;Linkability, Identifiability, Non-compliance;2;2;2;Extern (Intentional);Unknown;Unknown;Disruption of Functionality;Unknown;EuRepoC;1;0;0
;;;;;;;;;;;;;;;0;0;0
;;;;;;;;;;;;;;;0;0;0
;;;;;;;;;;;;;;;0;0;0
eurepoc-2025-09-04-4843;National Police Intelligence Directorate (Dirin);The Peruvian National Police Intelligence Directorate (DIRIN) confirmed publicly that it was infiltrated by the hacktivists Deface Perú, resulting in the leak of thousands of intelligence documents on Telegram on 4 September 2025. The leaked information included data on agent identities, operational plans, electronic equipment and follow-up on members of criminal organizations and armaments. Approximately 1500 officers' names, surnames and personal data were distributed, along with reports on espionage, terrorism, drug trafficking, illegal mining and organized crime. The Ministry of the Interior admitted that the Police Intelligence Directorate was a victim of the attack and announced damage control measures, including activating a contingency plan and suspending services. An investigation was initiated to follow up on the crimes committed and identify all possible perpetrators. The incident was publicly reported on 7 September 2025.;04.09.25 00:00;Non-EU;Identifiability, Non-compliance;2;1;2;Extern (Intentional);Unknown;Unknown;Espionage;Network;EuRepoC;1;0;0
;;;;;;;;;;;;;;;0;0;0
;;;;;;;;;;;;;;;0;0;0
;;;;;;;;;;;;;;;0;0;0
;;;;;;;;;;;;;;;0;0;0
;;;;;;;;;;;;;;;0;0;0
;;;;;;;;;;;;;;;0;0;0
;;;;;;;;;;;;;;;0;0;0
;;;;;;;;;;;;;;;0;0;0
;;;;;;;;;;;;;;;0;0;0
;;;;;;;;;;;;;;;0;0;0
;;;;;;;;;;;;;;;0;0;0
;;;;;;;;;;;;;;;0;0;0
;;;;;;;;;;;;;;;0;0;0
;;;;;;;;;;;;;;;0;0;0
;;;;;;;;;;;;;;;0;0;0
;;;;;;;;;;;;;;;0;0;0
;;;;;;;;;;;;;;;0;0;0
;;;;;;;;;;;;;;;0;0;0
;;;;;;;;;;;;;;;0;0;0
;;;;;;;;;;;;;;;0;0;0
;;;;;;;;;;;;;;;0;0;0
;;;;;;;;;;;;;;;0;0;0
;;;;;;;;;;;;;;;0;0;0
;;;;;;;;;;;;;;;0;0;0
;;;;;;;;;;;;;;;0;0;0
;;;;;;;;;;;;;;;0;0;0
;;;;;;;;;;;;;;;0;0;0
;;;;;;;;;;;;;;;0;0;0
;;;;;;;;;;;;;;;0;0;0
;;;;;;;;;;;;;;;0;0;0
;;;;;;;;;;;;;;;0;0;0
;;;;;;;;;;;;;;;0;0;0
;;;;;;;;;;;;;;;0;0;0
;;;;;;;;;;;;;;;0;0;0
;;;;;;;;;;;;;;;0;0;0
;;;;;;;;;;;;;;;0;0;0
;;;;;;;;;;;;;;;0;0;0
;;;;;;;;;;;;;;;0;0;0
;;;;;;;;;;;;;;;0;0;0
;;;;;;;;;;;;;;;0;0;0
;;;;;;;;;;;;;;;0;0;0
;;;;;;;;;;;;;;;0;0;0
;;;;;;;;;;;;;;;0;0;0
;;;;;;;;;;;;;;;0;0;0
;;;;;;;;;;;;;;;0;0;0
;;;;;;;;;;;;;;;0;0;0
;;;;;;;;;;;;;;;0;0;0
;;;;;;;;;;;;;;;0;0;0
;;;;;;;;;;;;;;;0;0;0
;;;;;;;;;;;;;;;0;0;0
;;;;;;;;;;;;;;;0;0;0
;;;;;;;;;;;;;;;0;0;0
;;;;;;;;;;;;;;;0;0;0
;;;;;;;;;;;;;;;0;0;0
;;;;;;;;;;;;;;;0;0;0
;;;;;;;;;;;;;;;0;0;0
;;;;;;;;;;;;;;;0;0;0
;;;;;;;;;;;;;;;0;0;0
;;;;;;;;;;;;;;;0;0;0
;;;;;;;;;;;;;;;0;0;0
;;;;;;;;;;;;;;;0;0;0
;;;;;;;;;;;;;;;0;0;0
;;;;;;;;;;;;;;;0;0;0
;;;;;;;;;;;;;;;0;0;0
;;;;;;;;;;;;;;;0;0;0
;;;;;;;;;;;;;;;0;0;0
;;;;;;;;;;;;;;;0;0;0
;;;;;;;;;;;;;;;0;0;0
;;;;;;;;;;;;;;;0;0;0
;;;;;;;;;;;;;;;0;0;0
;;;;;;;;;;;;;;;0;0;0
;;;;;;;;;;;;;;;0;0;0
;;;;;;;;;;;;;;;0;0;0
;;;;;;;;;;;;;;;0;0;0
;;;;;;;;;;;;;;;0;0;0
;;;;;;;;;;;;;;;0;0;0
;;;;;;;;;;;;;;;0;0;0
;;;;;;;;;;;;;;;0;0;0
;;;;;;;;;;;;;;;0;0;0
;;;;;;;;;;;;;;;0;0;0
;;;;;;;;;;;;;;;0;0;0
;;;;;;;;;;;;;;;0;0;0
;;;;;;;;;;;;;;;0;0;0
;;;;;;;;;;;;;;;0;0;0
;;;;;;;;;;;;;;;0;0;0
;;;;;;;;;;;;;;;0;0;0
;;;;;;;;;;;;;;;0;0;0
;;;;;;;;;;;;;;;0;0;0
;;;;;;;;;;;;;;;0;0;0
;;;;;;;;;;;;;;;0;0;0
;;;;;;;;;;;;;;;0;0;0
;;;;;;;;;;;;;;;0;0;0
;;;;;;;;;;;;;;;0;0;0
;;;;;;;;;;;;;;;0;0;0
;;;;;;;;;;;;;;;0;0;0
;;;;;;;;;;;;;;;0;0;0
;;;;;;;;;;;;;;;0;0;0
;;;;;;;;;;;;;;;0;0;0
;;;;;;;;;;;;;;;0;0;0
;;;;;;;;;;;;;;;0;0;0
;;;;;;;;;;;;;;;0;0;0
;;;;;;;;;;;;;;;0;0;0
;;;;;;;;;;;;;;;0;0;0
;;;;;;;;;;;;;;;0;0;0
;;;;;;;;;;;;;;;0;0;0
;;;;;;;;;;;;;;;0;0;0
;;;;;;;;;;;;;;;0;0;0
;;;;;;;;;;;;;;;0;0;0
;;;;;;;;;;;;;;;0;0;0
;;;;;;;;;;;;;;;0;0;0
;;;;;;;;;;;;;;;0;0;0
;;;;;;;;;;;;;;;0;0;0
;;;;;;;;;;;;;;;0;0;0
;;;;;;;;;;;;;;;0;0;0
;;;;;;;;;;;;;;;0;0;0
;;;;;;;;;;;;;;;0;0;0
;;;;;;;;;;;;;;;0;0;0
;;;;;;;;;;;;;;;0;0;0
;;;;;;;;;;;;;;;0;0;0
;;;;;;;;;;;;;;;0;0;0
;;;;;;;;;;;;;;;0;0;0
;;;;;;;;;;;;;;;0;0;0
;;;;;;;;;;;;;;;0;0;0
;;;;;;;;;;;;;;;0;0;0
;;;;;;;;;;;;;;;0;0;0
;;;;;;;;;;;;;;;0;0;0
;;;;;;;;;;;;;;;0;0;0
;;;;;;;;;;;;;;;0;0;0
;;;;;;;;;;;;;;;0;0;0
;;;;;;;;;;;;;;;0;0;0
;;;;;;;;;;;;;;;0;0;0
;;;;;;;;;;;;;;;0;0;0
;;;;;;;;;;;;;;;0;0;0
;;;;;;;;;;;;;;;0;0;0
;;;;;;;;;;;;;;;0;0;0
;;;;;;;;;;;;;;;0;0;0
;;;;;;;;;;;;;;;0;0;0
;;;;;;;;;;;;;;;0;0;0
;;;;;;;;;;;;;;;0;0;0
;;;;;;;;;;;;;;;0;0;0
;;;;;;;;;;;;;;;0;0;0
;;;;;;;;;;;;;;;0;0;0
;;;;;;;;;;;;;;;0;0;0
;;;;;;;;;;;;;;;0;0;0
;;;;;;;;;;;;;;;0;0;0
;;;;;;;;;;;;;;;0;0;0
;;;;;;;;;;;;;;;0;0;0
;;;;;;;;;;;;;;;0;0;0
;;;;;;;;;;;;;;;0;0;0
;;;;;;;;;;;;;;;0;0;0
;;;;;;;;;;;;;;;0;0;0
;;;;;;;;;;;;;;;0;0;0
;;;;;;;;;;;;;;;0;0;0
;;;;;;;;;;;;;;;0;0;0
;;;;;;;;;;;;;;;0;0;0
;;;;;;;;;;;;;;;0;0;0
;;;;;;;;;;;;;;;0;0;0
;;;;;;;;;;;;;;;0;0;0
;;;;;;;;;;;;;;;0;0;0
;;;;;;;;;;;;;;;0;0;0
;;;;;;;;;;;;;;;0;0;0
;;;;;;;;;;;;;;;0;0;0
;;;;;;;;;;;;;;;0;0;0
;;;;;;;;;;;;;;;0;0;0
;;;;;;;;;;;;;;;0;0;0
;;;;;;;;;;;;;;;0;0;0
;;;;;;;;;;;;;;;0;0;0
;;;;;;;;;;;;;;;0;0;0
;;;;;;;;;;;;;;;0;0;0
;;;;;;;;;;;;;;;0;0;0
;;;;;;;;;;;;;;;0;0;0
;;;;;;;;;;;;;;;0;0;0
;;;;;;;;;;;;;;;0;0;0
;;;;;;;;;;;;;;;0;0;0
;;;;;;;;;;;;;;;0;0;0
;;;;;;;;;;;;;;;0;0;0
;;;;;;;;;;;;;;;0;0;0
;;;;;;;;;;;;;;;0;0;0
;;;;;;;;;;;;;;;0;0;0
;;;;;;;;;;;;;;;0;0;0
;;;;;;;;;;;;;;;0;0;0
;;;;;;;;;;;;;;;0;0;0
;;;;;;;;;;;;;;;0;0;0
;;;;;;;;;;;;;;;0;0;0
;;;;;;;;;;;;;;;0;0;0
;;;;;;;;;;;;;;;0;0;0
;;;;;;;;;;;;;;;0;0;0
;;;;;;;;;;;;;;;0;0;0
;;;;;;;;;;;;;;;0;0;0
;;;;;;;;;;;;;;;0;0;0
;;;;;;;;;;;;;;;0;0;0
;;;;;;;;;;;;;;;0;0;0
;;;;;;;;;;;;;;;0;0;0
;;;;;;;;;;;;;;;0;0;0
;;;;;;;;;;;;;;;0;0;0
;;;;;;;;;;;;;;;0;0;0
;;;;;;;;;;;;;;;0;0;0
;;;;;;;;;;;;;;;0;0;0
;;;;;;;;;;;;;;;0;0;0
;;;;;;;;;;;;;;;0;0;0
;;;;;;;;;;;;;;;0;0;0
;;;;;;;;;;;;;;;0;0;0
;;;;;;;;;;;;;;;0;0;0
;;;;;;;;;;;;;;;0;0;0
;;;;;;;;;;;;;;;0;0;0
;;;;;;;;;;;;;;;0;0;0
;;;;;;;;;;;;;;;0;0;0
;;;;;;;;;;;;;;;0;0;0
;;;;;;;;;;;;;;;0;0;0
;;;;;;;;;;;;;;;0;0;0
;;;;;;;;;;;;;;;0;0;0
;;;;;;;;;;;;;;;0;0;0
;;;;;;;;;;;;;;;0;0;0
;;;;;;;;;;;;;;;0;0;0
;;;;;;;;;;;;;;;0;0;0
;;;;;;;;;;;;;;;0;0;0
;;;;;;;;;;;;;;;0;0;0
;;;;;;;;;;;;;;;0;0;0
;;;;;;;;;;;;;;;0;0;0
;;;;;;;;;;;;;;;0;0;0
;;;;;;;;;;;;;;;0;0;0
;;;;;;;;;;;;;;;0;0;0
;;;;;;;;;;;;;;;0;0;0
;;;;;;;;;;;;;;;0;0;0
;;;;;;;;;;;;;;;0;0;0
;;;;;;;;;;;;;;;0;0;0
;;;;;;;;;;;;;;;0;0;0
;;;;;;;;;;;;;;;0;0;0
;;;;;;;;;;;;;;;0;0;0
;;;;;;;;;;;;;;;0;0;0
;;;;;;;;;;;;;;;0;0;0
;;;;;;;;;;;;;;;0;0;0
;;;;;;;;;;;;;;;0;0;0
;;;;;;;;;;;;;;;0;0;0
;;;;;;;;;;;;;;;0;0;0
;;;;;;;;;;;;;;;0;0;0
;;;;;;;;;;;;;;;0;0;0
;;;;;;;;;;;;;;;0;0;0
;;;;;;;;;;;;;;;0;0;0
;;;;;;;;;;;;;;;0;0;0
;;;;;;;;;;;;;;;0;0;0
;;;;;;;;;;;;;;;0;0;0
;;;;;;;;;;;;;;;0;0;0
;;;;;;;;;;;;;;;0;0;0
;;;;;;;;;;;;;;;0;0;0
;;;;;;;;;;;;;;;0;0;0
;;;;;;;;;;;;;;;0;0;0
;;;;;;;;;;;;;;;0;0;0
;;;;;;;;;;;;;;;0;0;0
;;;;;;;;;;;;;;;0;0;0
;;;;;;;;;;;;;;;0;0;0
;;;;;;;;;;;;;;;0;0;0
;;;;;;;;;;;;;;;0;0;0
;;;;;;;;;;;;;;;0;0;0
;;;;;;;;;;;;;;;0;0;0
;;;;;;;;;;;;;;;0;0;0
;;;;;;;;;;;;;;;0;0;0
;;;;;;;;;;;;;;;0;0;0
;;;;;;;;;;;;;;;0;0;0
;;;;;;;;;;;;;;;0;0;0
;;;;;;;;;;;;;;;0;0;0
;;;;;;;;;;;;;;;0;0;0
;;;;;;;;;;;;;;;0;0;0
;;;;;;;;;;;;;;;0;0;0
;;;;;;;;;;;;;;;0;0;0
;;;;;;;;;;;;;;;0;0;0
;;;;;;;;;;;;;;;0;0;0
;;;;;;;;;;;;;;;0;0;0
;;;;;;;;;;;;;;;0;0;0
;;;;;;;;;;;;;;;0;0;0
;;;;;;;;;;;;;;;0;0;0
;;;;;;;;;;;;;;;0;0;0
;;;;;;;;;;;;;;;0;0;0
;;;;;;;;;;;;;;;0;0;0
;;;;;;;;;;;;;;;0;0;0
;;;;;;;;;;;;;;;0;0;0
;;;;;;;;;;;;;;;0;0;0
;;;;;;;;;;;;;;;0;0;0
;;;;;;;;;;;;;;;0;0;0
;;;;;;;;;;;;;;;0;0;0
;;;;;;;;;;;;;;;0;0;0
;;;;;;;;;;;;;;;0;0;0
;;;;;;;;;;;;;;;0;0;0
;;;;;;;;;;;;;;;0;0;0
;;;;;;;;;;;;;;;0;0;0
;;;;;;;;;;;;;;;0;0;0
;;;;;;;;;;;;;;;0;0;0
;;;;;;;;;;;;;;;0;0;0
;;;;;;;;;;;;;;;0;0;0
;;;;;;;;;;;;;;;0;0;0
;;;;;;;;;;;;;;;0;0;0
;;;;;;;;;;;;;;;0;0;0
;;;;;;;;;;;;;;;0;0;0
;;;;;;;;;;;;;;;0;0;0
;;;;;;;;;;;;;;;0;0;0
;;;;;;;;;;;;;;;0;0;0
;;;;;;;;;;;;;;;0;0;0
;;;;;;;;;;;;;;;0;0;0
;;;;;;;;;;;;;;;0;0;0
;;;;;;;;;;;;;;;0;0;0
;;;;;;;;;;;;;;;0;0;0
;;;;;;;;;;;;;;;0;0;0
;;;;;;;;;;;;;;;0;0;0
;;;;;;;;;;;;;;;0;0;0
;;;;;;;;;;;;;;;0;0;0
;;;;;;;;;;;;;;;0;0;0
;;;;;;;;;;;;;;;0;0;0
;;;;;;;;;;;;;;;0;0;0
;;;;;;;;;;;;;;;0;0;0
;;;;;;;;;;;;;;;0;0;0
;;;;;;;;;;;;;;;0;0;0
;;;;;;;;;;;;;;;0;0;0
;;;;;;;;;;;;;;;0;0;0
;;;;;;;;;;;;;;;0;0;0
;;;;;;;;;;;;;;;0;0;0
;;;;;;;;;;;;;;;0;0;0
;;;;;;;;;;;;;;;0;0;0
;;;;;;;;;;;;;;;0;0;0
;;;;;;;;;;;;;;;0;0;0
;;;;;;;;;;;;;;;0;0;0
;;;;;;;;;;;;;;;0;0;0
;;;;;;;;;;;;;;;0;0;0
;;;;;;;;;;;;;;;0;0;0
;;;;;;;;;;;;;;;0;0;0
;;;;;;;;;;;;;;;0;0;0
;;;;;;;;;;;;;;;0;0;0
;;;;;;;;;;;;;;;0;0;0
;;;;;;;;;;;;;;;0;0;0
;;;;;;;;;;;;;;;0;0;0
;;;;;;;;;;;;;;;0;0;0
;;;;;;;;;;;;;;;0;0;0
;;;;;;;;;;;;;;;0;0;0
;;;;;;;;;;;;;;;0;0;0
;;;;;;;;;;;;;;;0;0;0
;;;;;;;;;;;;;;;0;0;0
;;;;;;;;;;;;;;;0;0;0
;;;;;;;;;;;;;;;0;0;0
;;;;;;;;;;;;;;;0;0;0
;;;;;;;;;;;;;;;0;0;0
;;;;;;;;;;;;;;;0;0;0
;;;;;;;;;;;;;;;0;0;0
;;;;;;;;;;;;;;;0;0;0
;;;;;;;;;;;;;;;0;0;0
;;;;;;;;;;;;;;;0;0;0
;;;;;;;;;;;;;;;0;0;0
;;;;;;;;;;;;;;;0;0;0
;;;;;;;;;;;;;;;0;0;0
;;;;;;;;;;;;;;;0;0;0
;;;;;;;;;;;;;;;0;0;0
;;;;;;;;;;;;;;;0;0;0
;;;;;;;;;;;;;;;0;0;0
;;;;;;;;;;;;;;;0;0;0
;;;;;;;;;;;;;;;0;0;0
;;;;;;;;;;;;;;;0;0;0
;;;;;;;;;;;;;;;0;0;0
;;;;;;;;;;;;;;;0;0;0
;;;;;;;;;;;;;;;0;0;0
;;;;;;;;;;;;;;;0;0;0
;;;;;;;;;;;;;;;0;0;0
;;;;;;;;;;;;;;;0;0;0
;;;;;;;;;;;;;;;0;0;0
;;;;;;;;;;;;;;;0;0;0
;;;;;;;;;;;;;;;0;0;0
;;;;;;;;;;;;;;;0;0;0
;;;;;;;;;;;;;;;0;0;0
;;;;;;;;;;;;;;;0;0;0
;;;;;;;;;;;;;;;0;0;0
;;;;;;;;;;;;;;;0;0;0
;;;;;;;;;;;;;;;0;0;0
;;;;;;;;;;;;;;;0;0;0
;;;;;;;;;;;;;;;0;0;0
;;;;;;;;;;;;;;;0;0;0
;;;;;;;;;;;;;;;0;0;0
;;;;;;;;;;;;;;;0;0;0
;;;;;;;;;;;;;;;0;0;0
;;;;;;;;;;;;;;;0;0;0
;;;;;;;;;;;;;;;0;0;0
;;;;;;;;;;;;;;;0;0;0
;;;;;;;;;;;;;;;0;0;0
;;;;;;;;;;;;;;;0;0;0
;;;;;;;;;;;;;;;0;0;0
;;;;;;;;;;;;;;;0;0;0
;;;;;;;;;;;;;;;0;0;0
;;;;;;;;;;;;;;;0;0;0
;;;;;;;;;;;;;;;0;0;0
;;;;;;;;;;;;;;;0;0;0
;;;;;;;;;;;;;;;0;0;0
eurepoc-2024-12-15-4365;Sunflower Medical Group;On 15 December 2024, the Rhysida ransomware gang breached the systems of Sunflower Medical Group, a Kansas healthcare provider. The gang accessed sensitive information of nearly 221,000 patients, including names, addresses, dates of birth, Social Security numbers, driver's license numbers, medical information, and health insurance information. The breach was initially discovered on 7 January 2025. A cybersecurity firm was hired to investigate, revealing that the hackers had been inside their systems since mid-December and made copies of Sunflower's files. Sunflower Medical Group notified regulators in Maine, Vermont, and California, and posted a notice on its website. The company sent letters to all victims with valid addresses and offered one year of credit monitoring services. The Rhysida ransomware gang took credit for the attack in January 2025, threatening to leak the stolen data if a ransom of about $800,000 was not paid.;15.12.24 00:00;Non-EU;Linkability, Identifiability;2;2;2;Extern (Intentional);Unknown;Unknown;Profit-Oriented;Unknown;EuRepoC;1;1;0
;;;;;;;;;;;;;;;0;0;0
;;;;;;;;;;;;;;;0;0;0
;;;;;;;;;;;;;;;0;0;0
;;;;;;;;;;;;;;;0;0;0
;;;;;;;;;;;;;;;0;0;0
;;;;;;;;;;;;;;;0;0;0
;;;;;;;;;;;;;;;0;0;0
;;;;;;;;;;;;;;;0;0;0
;;;;;;;;;;;;;;;0;0;0
;;;;;;;;;;;;;;;0;0;0
;;;;;;;;;;;;;;;0;0;0
;;;;;;;;;;;;;;;0;0;0
;;;;;;;;;;;;;;;0;0;0
;;;;;;;;;;;;;;;0;0;0
;;;;;;;;;;;;;;;0;0;0
;;;;;;;;;;;;;;;0;0;0
;;;;;;;;;;;;;;;0;0;0
;;;;;;;;;;;;;;;0;0;0
;;;;;;;;;;;;;;;0;0;0
;;;;;;;;;;;;;;;0;0;0
;;;;;;;;;;;;;;;0;0;0
;;;;;;;;;;;;;;;0;0;0
;;;;;;;;;;;;;;;0;0;0
;;;;;;;;;;;;;;;0;0;0
;;;;;;;;;;;;;;;0;0;0
;;;;;;;;;;;;;;;0;0;0
;;;;;;;;;;;;;;;0;0;0
;;;;;;;;;;;;;;;0;0;0
;;;;;;;;;;;;;;;0;0;0
;;;;;;;;;;;;;;;0;0;0
;;;;;;;;;;;;;;;0;0;0
;;;;;;;;;;;;;;;0;0;0
;;;;;;;;;;;;;;;0;0;0
;;;;;;;;;;;;;;;0;0;0
;;;;;;;;;;;;;;;0;0;0
;;;;;;;;;;;;;;;0;0;0
;;;;;;;;;;;;;;;0;0;0
;;;;;;;;;;;;;;;0;0;0
;;;;;;;;;;;;;;;0;0;0
;;;;;;;;;;;;;;;0;0;0
;;;;;;;;;;;;;;;0;0;0
;;;;;;;;;;;;;;;0;0;0
;;;;;;;;;;;;;;;0;0;0
;;;;;;;;;;;;;;;0;0;0
;;;;;;;;;;;;;;;0;0;0
;;;;;;;;;;;;;;;0;0;0
;;;;;;;;;;;;;;;0;0;0
;;;;;;;;;;;;;;;0;0;0
;;;;;;;;;;;;;;;0;0;0
;;;;;;;;;;;;;;;0;0;0
;;;;;;;;;;;;;;;0;0;0
;;;;;;;;;;;;;;;0;0;0
;;;;;;;;;;;;;;;0;0;0
;;;;;;;;;;;;;;;0;0;0
;;;;;;;;;;;;;;;0;0;0
;;;;;;;;;;;;;;;0;0;0
;;;;;;;;;;;;;;;0;0;0
;;;;;;;;;;;;;;;0;0;0
;;;;;;;;;;;;;;;0;0;0
;;;;;;;;;;;;;;;0;0;0
;;;;;;;;;;;;;;;0;0;0
;;;;;;;;;;;;;;;0;0;0
;;;;;;;;;;;;;;;0;0;0
;;;;;;;;;;;;;;;0;0;0
;;;;;;;;;;;;;;;0;0;0
;;;;;;;;;;;;;;;0;0;0
;;;;;;;;;;;;;;;0;0;0
;;;;;;;;;;;;;;;0;0;0
;;;;;;;;;;;;;;;0;0;0
;;;;;;;;;;;;;;;0;0;0
;;;;;;;;;;;;;;;0;0;0
;;;;;;;;;;;;;;;0;0;0
;;;;;;;;;;;;;;;0;0;0
;;;;;;;;;;;;;;;0;0;0
;;;;;;;;;;;;;;;0;0;0
;;;;;;;;;;;;;;;0;0;0
;;;;;;;;;;;;;;;0;0;0
;;;;;;;;;;;;;;;0;0;0
;;;;;;;;;;;;;;;0;0;0
;;;;;;;;;;;;;;;0;0;0
;;;;;;;;;;;;;;;0;0;0
;;;;;;;;;;;;;;;0;0;0
;;;;;;;;;;;;;;;0;0;0
;;;;;;;;;;;;;;;0;0;0
;;;;;;;;;;;;;;;0;0;0
;;;;;;;;;;;;;;;0;0;0
;;;;;;;;;;;;;;;0;0;0
;;;;;;;;;;;;;;;0;0;0
;;;;;;;;;;;;;;;0;0;0
;;;;;;;;;;;;;;;0;0;0
;;;;;;;;;;;;;;;0;0;0
;;;;;;;;;;;;;;;0;0;0
;;;;;;;;;;;;;;;0;0;0
;;;;;;;;;;;;;;;0;0;0
;;;;;;;;;;;;;;;0;0;0
;;;;;;;;;;;;;;;0;0;0
;;;;;;;;;;;;;;;0;0;0
;;;;;;;;;;;;;;;0;0;0
;;;;;;;;;;;;;;;0;0;0
;;;;;;;;;;;;;;;0;0;0
;;;;;;;;;;;;;;;0;0;0
;;;;;;;;;;;;;;;0;0;0
;;;;;;;;;;;;;;;0;0;0
;;;;;;;;;;;;;;;0;0;0
;;;;;;;;;;;;;;;0;0;0
;;;;;;;;;;;;;;;0;0;0
;;;;;;;;;;;;;;;0;0;0
;;;;;;;;;;;;;;;0;0;0
;;;;;;;;;;;;;;;0;0;0
;;;;;;;;;;;;;;;0;0;0
;;;;;;;;;;;;;;;0;0;0
;;;;;;;;;;;;;;;0;0;0
;;;;;;;;;;;;;;;0;0;0
;;;;;;;;;;;;;;;0;0;0
;;;;;;;;;;;;;;;0;0;0
;;;;;;;;;;;;;;;0;0;0
;;;;;;;;;;;;;;;0;0;0
;;;;;;;;;;;;;;;0;0;0
;;;;;;;;;;;;;;;0;0;0
;;;;;;;;;;;;;;;0;0;0
;;;;;;;;;;;;;;;0;0;0
;;;;;;;;;;;;;;;0;0;0
;;;;;;;;;;;;;;;0;0;0
;;;;;;;;;;;;;;;0;0;0
;;;;;;;;;;;;;;;0;0;0
;;;;;;;;;;;;;;;0;0;0
;;;;;;;;;;;;;;;0;0;0
;;;;;;;;;;;;;;;0;0;0
;;;;;;;;;;;;;;;0;0;0
;;;;;;;;;;;;;;;0;0;0
;;;;;;;;;;;;;;;0;0;0
;;;;;;;;;;;;;;;0;0;0
;;;;;;;;;;;;;;;0;0;0
;;;;;;;;;;;;;;;0;0;0
;;;;;;;;;;;;;;;0;0;0
;;;;;;;;;;;;;;;0;0;0
;;;;;;;;;;;;;;;0;0;0
;;;;;;;;;;;;;;;0;0;0
;;;;;;;;;;;;;;;0;0;0
;;;;;;;;;;;;;;;0;0;0
;;;;;;;;;;;;;;;0;0;0
;;;;;;;;;;;;;;;0;0;0
;;;;;;;;;;;;;;;0;0;0
;;;;;;;;;;;;;;;0;0;0
;;;;;;;;;;;;;;;0;0;0
;;;;;;;;;;;;;;;0;0;0
;;;;;;;;;;;;;;;0;0;0
;;;;;;;;;;;;;;;0;0;0
eurepoc-2024-02-16-4154;Unknown Entity;ConnectOnCall, a telehealth platform, was breached between 16 February 2024 and 12 May 2024, exposing personal and medical information of over 900,000 individuals. The breach, discovered on 12 May 2024, included names, phone numbers, dates of birth, Social Security numbers, medical record numbers, and health-related information. ConnectOnCall hired cybersecurity experts, notified federal law enforcement, and took its product offline to restore it in a secure environment. The company notified impacted individuals and offered them identity and credit monitoring services through Kroll, with notice letters mailed on 11 December 2024.;16.02.24 00:00;Non-EU;Linkability, Identifiability, Non-compliance;0;2;2;Unknown;Unknown;Unknown;Disruption of Functionality;Unknown;EuRepoC;1;1;0
;;;;;;;;;;;;;;;0;0;0
;;;;;;;;;;;;;;;0;0;0
;;;;;;;;;;;;;;;0;0;0
eurepoc-2024-09-05-4147;SRP Federal Credit Union;Between 5 September 2024 and 4 November 2024, unknown threat actors, later identified as the Nitrogen ransomware gang, compromised SRP Federal Credit Union's systems, potentially accessing files containing sensitive personal and financial data, including names, Social Security numbers, driver’s licence numbers, dates of birth, and account information. The breach affected approximately 240,000 individuals. SRP detected the incident and notified law enforcement, initiating an investigation that concluded on 22 November 2024. On 5 December 2024, Nitrogen claimed responsibility for the attack and alleged they had exfiltrated 650 GB of customer data.;05.09.24 00:00;Non-EU;Linkability, Identifiability, Unawareness, Non-compliance;1;2;2;Extern (Intentional);Unknown;Unknown;Profit-Oriented;Unknown;EuRepoC;1;0;0
;;;;;;;;;;;;;;;0;0;0
eurepoc-2024-11-03-4145;Unknown Entity;"In November 2024, Amnesty International conducted a forensic analysis of the phone belonging to Nikola Risti_, a youth activist. The analysis confirmed that the phone was infected with NoviSpy spyware after being unlocked using Cellebrite UFED while in Serbian authorities' custody. Nikola was a key organizer of a protest in Belgrade following the tragic collapse of a train station roof in Novi Sad, which killed 14 people and injured dozens on November 1, 2024. On November 3, Nikola and his partner arrived at Belgrade’s Trg Republike carrying red paint for the protest. Shortly after, they were stopped by four men who identified themselves as BIA officers. Despite Nikola’s initial resistance due to the absence of a warrant, he was taken to a police station after a brief altercation, during which an officer threatened him and acted aggressively. Nikola’s belongings, including his phone, were confiscated at the station. During questioning, officers returned his phone and instructed him to call his partner to request the removal of a video of his arrest circulating on social media. After the call, his phone was taken out of the room. Nikola was interrogated; he perceived the questioning as a tactic to waste time, and no court order was presented to justify his detention. He was released after over two hours, around 1:30 PM. Suspicious of tampering, Nikola contacted Amnesty International’s Security Lab. Forensic analysis of his Huawei Honor 20 Pro revealed traces of NoviSpy spyware installed during his detention, with evidence showing physical access to his device via the Android ADB protocol.  One week after the infection, the spyware was still active, and logs indicated that operators had reconfigured it to upload data every three minutes, showing active device management. The analysis also confirmed that Cellebrite UFED was used to unlock the phone before the spyware installation. Amnesty International reported on many cyber incidents against Serbian civil society. Amnesty International attributed this cyber incident to the Serbian Security Intelligence Agency (BIA). Amnesty International also wrote that Google was able to identify further incidents, i.e. incidents outside of the ones mentioned in the Amnesty International report. Amnesty International also assumes additional compromises based on the sample numbers of the malware.";03.11.24 00:00;Non-EU;Unawareness, Non-compliance;1;0;2;Extern (Intentional);Unknown;Unknown;Unknown;Unknown;EuRepoC;0;0;0
;;;;;;;;;;;;;;;0;0;0
;;;;;;;;;;;;;;;0;0;0
eurepoc-2024-09-17-4150;Texas Tech University Health Sciences Center El Paso - Texas Tech University Health Sciences Center;In September 2024, the Interlock ransomware group breached the Texas Tech University Health Sciences Center and its El Paso counterpart, disrupting computer systems and applications and exfiltrating sensitive data between 17 and 29 September. The attack potentially exposed the personal and medical data of approximately 1.4 million patients, including full names, dates of birth, physical addresses, Social Security numbers, driver’s licence and government ID numbers, financial and health insurance information, as well as billing, diagnosis, and treatment records. The incident was reported to the U.S. Department of Health and Human Services Office for Civil Rights and publicly disclosed on 16 December 2024. On 27 October 2024, the attackers leaked 2.1 million files totalling 2.6 TB of data on the dark web.;17.09.24 00:00;Non-EU;Linkability, Identifiability, Unawareness, Non-compliance;2;2;2;Extern (Intentional);Drive-by Compromise;Unknown;Disruption of Functionality;Software, Services, Systems;EuRepoC;1;1;0
;;;;;;;;;;;;;;;0;0;0
eurepoc-2024-12-13-4140;Unknown Entity;On 14 December 2024, Turkey's highway and bridge transit system, HGS, suffered a major cyber attack by the hacker group 'hades_hgs'. The attackers infiltrated the HGS database, stealing personal and financial data of over 5 million users, which was subsequently shared on the Dark Web. The group demanded a ransom of $25,000 and threatened to release additional sensitive information, including over a million credit card records, if their demands were not met. The attack is reportedly linked to a dispute involving a lawyer named 'Juadis.' On December 16, 2024, various Turkish media reported on the detainment of two suspects linked to the beach of the Turkish Highway and Bridge Transit System (HGS). Involved law enforcement authorities, namely the Denizli and Mersin Provincial Gendarmerie Commands coordinated by the Department of Combating Cybercrimes and in cooperation with the National Intelligence Organization (MIT) and the Information and Communication Technologies Authority (BTK) and the Computer Emergency Response Team of Turkey (TR-CERT), detained Veli B. (also known as Hades) and Burak K. (also known as Klew) on suspicion of unauthorized access to information systems and sharing messages insulting national and religious values. During the investigation, Veli B. was arrested, while Burak K. was released under judicial control. It was noted that Burak K. admitted on social media that the cyber attack was carried out as a joke.;13.12.24 00:00;Non-EU;Unawareness;0;0;2;Extern (Intentional);Unknown;Unknown;Profit-Oriented;Software, Services, Systems;EuRepoC;1;0;0
;;;;;;;;;;;;;;;0;0;0
;;;;;;;;;;;;;;;0;0;0
eurepoc-2024-12-05-4142;Unknown Entity;On 5 December 2024, unknown perpetrators targeted Rhode Island's public benefits system, RIBridges, managed by Deloitte, in a ransomware attack that compromised personal and financial data. The breach, confirmed on 10 December, exposed sensitive information, including names, addresses, birth dates, Social Security numbers, and bank details of individuals who applied for or received benefits such as Medicaid, SNAP, and TANF. The state proactively shut down RIBridges on 13 December after discovering malicious code, halting the system's operations to contain the threat. Although no identity theft has been reported, Governor Dan McKee urged vigilance and offered free credit monitoring to affected households. A dedicated call center and website updates have been established to assist impacted residents;05.12.24 00:00;Non-EU;Linkability, Identifiability, Unawareness, Non-compliance;1;2;2;Extern (Intentional);Unknown;Unknown;Profit-Oriented;Network;EuRepoC;1;0;0
;;;;;;;;;;;;;;;0;0;0
;;;;;;;;;;;;;;;0;0;0
;;;;;;;;;;;;;;;0;0;0
;;;;;;;;;;;;;;;0;0;0
;;;;;;;;;;;;;;;0;0;0
;;;;;;;;;;;;;;;0;0;0
;;;;;;;;;;;;;;;0;0;0
;;;;;;;;;;;;;;;0;0;0
;;;;;;;;;;;;;;;0;0;0
;;;;;;;;;;;;;;;0;0;0
;;;;;;;;;;;;;;;0;0;0
;;;;;;;;;;;;;;;0;0;0
;;;;;;;;;;;;;;;0;0;0
;;;;;;;;;;;;;;;0;0;0
;;;;;;;;;;;;;;;0;0;0
;;;;;;;;;;;;;;;0;0;0
;;;;;;;;;;;;;;;0;0;0
;;;;;;;;;;;;;;;0;0;0
;;;;;;;;;;;;;;;0;0;0
;;;;;;;;;;;;;;;0;0;0
;;;;;;;;;;;;;;;0;0;0
;;;;;;;;;;;;;;;0;0;0
;;;;;;;;;;;;;;;0;0;0
;;;;;;;;;;;;;;;0;0;0
;;;;;;;;;;;;;;;0;0;0
;;;;;;;;;;;;;;;0;0;0
;;;;;;;;;;;;;;;0;0;0
;;;;;;;;;;;;;;;0;0;0
;;;;;;;;;;;;;;;0;0;0
;;;;;;;;;;;;;;;0;0;0
eurepoc-2024-01-01-4099;Ministry of Defence (United Kingdom);A significant cyberattack has targeted the UK Ministry of Defence (MoD), resulting in the theft and leak of nearly 600 employee passwords on the dark web. inews first reported on this cyber incident on 29 November 2024. The breach, attributed to suspected Russian hackers, exposed sensitive information of military personnel, civilian staff, and defence contractors. The stolen credentials provided access to the Defence Gateway portal, a critical platform for communication, HR services, and health records, though it does not store classified information. Affected employees are primarily UK-based, with others stationed overseas in Iraq, Qatar, Cyprus, and mainland Europe. Initial investigations suggest hackers exploited vulnerabilities in personal devices used to access the platform, bypassing its multi-factor authentication system. Although no direct evidence links the attack to the Kremlin, the tools used indicate state-sponsored involvement, aligning with previous high-profile cyberattacks on Western institutions. The MoD, in collaboration with the National Cyber Security Centre (NCSC), is investigating and working to mitigate potential harm. This incident occurs amidst heightened UK-Russia tensions, underscoring growing concerns over cyberattacks and espionage activities targeting critical national infrastructure.;01.01.24 00:00;Non-EU;Unawareness, Non-compliance;2;0;2;Extern (Intentional);Valid Accounts;Unknown;Espionage;Software, Services, Systems;EuRepoC;1;0;0
;;;;;;;;;;;;;;;0;0;0
;;;;;;;;;;;;;;;0;0;0
;;;;;;;;;;;;;;;0;0;0
;;;;;;;;;;;;;;;0;0;0
;;;;;;;;;;;;;;;0;0;0
;;;;;;;;;;;;;;;0;0;0
;;;;;;;;;;;;;;;0;0;0
;;;;;;;;;;;;;;;0;0;0
;;;;;;;;;;;;;;;0;0;0
;;;;;;;;;;;;;;;0;0;0
;;;;;;;;;;;;;;;0;0;0
;;;;;;;;;;;;;;;0;0;0
;;;;;;;;;;;;;;;0;0;0
;;;;;;;;;;;;;;;0;0;0
;;;;;;;;;;;;;;;0;0;0
;;;;;;;;;;;;;;;0;0;0
;;;;;;;;;;;;;;;0;0;0
;;;;;;;;;;;;;;;0;0;0
;;;;;;;;;;;;;;;0;0;0
;;;;;;;;;;;;;;;0;0;0
;;;;;;;;;;;;;;;0;0;0
eurepoc-2024-11-19-4061;Unknown Entity;On 19 November 2024, the threat actor named near2tlg claimed to have breached the confidentiality of at least one customer account on the digital patient record system Mediboard by usurping a privileged account. Mediboard is an open-source web application used by many healthcare institutions. The threat actor stole sensitive personal data of 758,912 French individuals, including names, dates of birth, postal and e-mail addresses, telephone numbers, medical prescriptions, physician information, death declarations, mutual card histories, and external identifiers. The hacker claimed the data leak on the BreachForums hack site and published an excerpt. Softway Medical Group, the developer of Mediboard, stated that the breach was not related to Mediboard itself but rather a result of compromised identifiers used by a person to access the system of one of Mediboard's customers. The Softway Medical Group did not host the health data concerned.;19.11.24 00:00;Non-EU;Linkability, Identifiability, Unawareness, Non-compliance;1;2;2;Extern (Intentional);Valid Accounts;Unknown;Profit-Oriented;Software, Services, Systems;EuRepoC;1;0;0
;;;;;;;;;;;;;;;0;0;0
;;;;;;;;;;;;;;;0;0;0
;;;;;;;;;;;;;;;0;0;0
;;;;;;;;;;;;;;;0;0;0
;;;;;;;;;;;;;;;0;0;0
;;;;;;;;;;;;;;;0;0;0
;;;;;;;;;;;;;;;0;0;0
;;;;;;;;;;;;;;;0;0;0
;;;;;;;;;;;;;;;0;0;0
;;;;;;;;;;;;;;;0;0;0
;;;;;;;;;;;;;;;0;0;0
eurepoc-2024-11-12-4039;German Federal Statistical Office (Destatis);A cyber attack was carried out by the Indonesian Cyber Attack (Indohaxsec) group, which supports Russia, targeting the German Federal Statistical Office (Destatis). The attackers presumably breached the system used for data exchange between Destatis and German companies, stealing sensitive data, including names, addresses, phone numbers, email addresses, and login credentials of companies that exchange statistical data with Destatis. The stolen data was offered for sale on the darknet for $250. The attackers claimed responsibility for the attack and published a preview of the stolen data, including contact information and several companies' login credentials. The attack is believed to have occurred despite the system being updated just a few months prior. The affected companies were not informed about the data breach at the time of publication. Indohaxsec had previously announced on Telegram that they would target Germany and had collaborated with the pro-Russian hacker group NoName05716.;12.11.24 00:00;Non-EU;Linkability, Identifiability, Unawareness, Non-compliance;1;2;2;Extern (Intentional);Unknown;Unknown;Unknown;Unknown;EuRepoC;1;0;0
;;;;;;;;;;;;;;;0;0;0
;;;;;;;;;;;;;;;0;0;0
;;;;;;;;;;;;;;;0;0;0
;;;;;;;;;;;;;;;0;0;0
;;;;;;;;;;;;;;;0;0;0
;;;;;;;;;;;;;;;0;0;0
;;;;;;;;;;;;;;;0;0;0
;;;;;;;;;;;;;;;0;0;0
;;;;;;;;;;;;;;;0;0;0
;;;;;;;;;;;;;;;0;0;0
;;;;;;;;;;;;;;;0;0;0
;;;;;;;;;;;;;;;0;0;0
;;;;;;;;;;;;;;;0;0;0
;;;;;;;;;;;;;;;0;0;0
;;;;;;;;;;;;;;;0;0;0
;;;;;;;;;;;;;;;0;0;0
;;;;;;;;;;;;;;;0;0;0
;;;;;;;;;;;;;;;0;0;0
;;;;;;;;;;;;;;;0;0;0
;;;;;;;;;;;;;;;0;0;0
;;;;;;;;;;;;;;;0;0;0
;;;;;;;;;;;;;;;0;0;0
;;;;;;;;;;;;;;;0;0;0
;;;;;;;;;;;;;;;0;0;0
;;;;;;;;;;;;;;;0;0;0
;;;;;;;;;;;;;;;0;0;0
;;;;;;;;;;;;;;;0;0;0
;;;;;;;;;;;;;;;0;0;0
;;;;;;;;;;;;;;;0;0;0
;;;;;;;;;;;;;;;0;0;0
eurepoc-2024-08-06-3984;OnePoint Patient Care;Criminal actors compromised the systems of US-based OnePoint Patient Care, a pharmacy specializing in hospice and palliative care, exposing the personal data of 795,916 individuals between 6 and 8 August 2024. The breach affected names, addresses, medical records, diagnoses, prescriptions, and, for some, Social Security numbers. OnePoint detected suspicious network activity on 8 August, initiating an investigation and containment measures with forensic experts. The incident, while not affecting operations, was later linked to the Inc Ransom ransomware group, which leaked stolen data after the company declined to pay the ransom. Impacted individuals have been advised to monitor credit and financial activity for suspicious transactions. OnePoint notified their customers on 21 October 2024.;06.08.24 00:00;Non-EU;Linkability, Identifiability, Non-compliance;1;2;2;Extern (Intentional);Unknown;Unknown;Profit-Oriented;Network;EuRepoC;1;0;0
;;;;;;;;;;;;;;;0;0;0
;;;;;;;;;;;;;;;0;0;0
;;;;;;;;;;;;;;;0;0;0
;;;;;;;;;;;;;;;0;0;0
;;;;;;;;;;;;;;;0;0;0
;;;;;;;;;;;;;;;0;0;0
;;;;;;;;;;;;;;;0;0;0
;;;;;;;;;;;;;;;0;0;0
;;;;;;;;;;;;;;;0;0;0
;;;;;;;;;;;;;;;0;0;0
;;;;;;;;;;;;;;;0;0;0
;;;;;;;;;;;;;;;0;0;0
;;;;;;;;;;;;;;;0;0;0
;;;;;;;;;;;;;;;0;0;0
;;;;;;;;;;;;;;;0;0;0
;;;;;;;;;;;;;;;0;0;0
;;;;;;;;;;;;;;;0;0;0
;;;;;;;;;;;;;;;0;0;0
;;;;;;;;;;;;;;;0;0;0
;;;;;;;;;;;;;;;0;0;0
;;;;;;;;;;;;;;;0;0;0
;;;;;;;;;;;;;;;0;0;0
;;;;;;;;;;;;;;;0;0;0
eurepoc-2024-09-11-3949;Providence Public School District;The ransomware gang Medusa Ransomware Group compromised the Providence Public School District in the US state of Rhode Island during September 2024. The group leaked information about students, including sexual misconduct allegations, special education records, and vaccine histories, after the school district did not pay a $1 million ransom demand. The over 337,000 leaked files, which include details about district investigations into serious complaints, as well as the names and home addresses of students, teachers, and parents, were uploaded to Telegram. The breach was first detected on 11 September 2024.;11.09.24 00:00;Non-EU;Identifiability, Unawareness, Non-compliance;2;1;2;Extern (Intentional);Unknown;Unknown;Profit-Oriented;Network;EuRepoC;1;0;0
;;;;;;;;;;;;;;;0;0;0
;;;;;;;;;;;;;;;0;0;0
eurepoc-2024-08-07-3947;Omni Family Health;The Hunters International ransomware gang compromised Omni Family Health, a nonprofit organization providing healthcare services to communities in California. The group obtained personal information of nearly 470,000 current and former patients and employees in the breach. Omni Family Health discovered the intrusion on 7 August 2024, following claims that information was taken from its systems and leaked on the dark web. The data breach may have exposed varying personal information, including names, addresses, Social Security numbers, dates of birth, health insurance details, and medical information. The Hunters International ransomware gang claimed responsibility for the attack, stating they stole 2.7 terabytes of data, which was released on 23 August. The incident was officially disclosed by Omni Family Health on 19 October 2024.;07.08.24 00:00;Non-EU;Linkability, Identifiability, Unawareness, Non-compliance;2;2;2;Extern (Intentional);Unknown;Unknown;Profit-Oriented;Unknown;EuRepoC;1;1;0
;;;;;;;;;;;;;;;0;0;0
;;;;;;;;;;;;;;;0;0;0
;;;;;;;;;;;;;;;0;0;0
;;;;;;;;;;;;;;;0;0;0
;;;;;;;;;;;;;;;0;0;0
;;;;;;;;;;;;;;;0;0;0
eurepoc-2024-10-10-3927;University of Paris 1 Panthéon-Sorbonne;Cybercriminals compromised the University of Paris 1 Panthéon-Sorbonne in a cyberattack on 10 October 2024, resulting in the disclosure of personal data of students and staff, including names, first names, university e-mail addresses, photos, and student status, affecting approximately 73,000 people, according to a hacker who claimed the attack on a hacking forum and published some identity photos, Numerama disclosed the attack on 15 October 2024.;10.10.24 00:00;Non-EU;Identifiability, Unawareness, Non-compliance;0;1;2;Extern (Intentional);Unknown;Unknown;Unknown;Unknown;EuRepoC;1;0;0
;;;;;;;;;;;;;;;0;0;0
;;;;;;;;;;;;;;;0;0;0
;;;;;;;;;;;;;;;0;0;0
;;;;;;;;;;;;;;;0;0;0
;;;;;;;;;;;;;;;0;0;0
;;;;;;;;;;;;;;;0;0;0
;;;;;;;;;;;;;;;0;0;0
;;;;;;;;;;;;;;;0;0;0
;;;;;;;;;;;;;;;0;0;0
;;;;;;;;;;;;;;;0;0;0
;;;;;;;;;;;;;;;0;0;0
;;;;;;;;;;;;;;;0;0;0
;;;;;;;;;;;;;;;0;0;0
;;;;;;;;;;;;;;;0;0;0
;;;;;;;;;;;;;;;0;0;0
;;;;;;;;;;;;;;;0;0;0
;;;;;;;;;;;;;;;0;0;0
;;;;;;;;;;;;;;;0;0;0
;;;;;;;;;;;;;;;0;0;0
;;;;;;;;;;;;;;;0;0;0
;;;;;;;;;;;;;;;0;0;0
;;;;;;;;;;;;;;;0;0;0
;;;;;;;;;;;;;;;0;0;0
;;;;;;;;;;;;;;;0;0;0
;;;;;;;;;;;;;;;0;0;0
;;;;;;;;;;;;;;;0;0;0
;;;;;;;;;;;;;;;0;0;0
;;;;;;;;;;;;;;;0;0;0
;;;;;;;;;;;;;;;0;0;0
;;;;;;;;;;;;;;;0;0;0
;;;;;;;;;;;;;;;0;0;0
;;;;;;;;;;;;;;;0;0;0
;;;;;;;;;;;;;;;0;0;0
;;;;;;;;;;;;;;;0;0;0
;;;;;;;;;;;;;;;0;0;0
;;;;;;;;;;;;;;;0;0;0
;;;;;;;;;;;;;;;0;0;0
;;;;;;;;;;;;;;;0;0;0
;;;;;;;;;;;;;;;0;0;0
;;;;;;;;;;;;;;;0;0;0
;;;;;;;;;;;;;;;0;0;0
;;;;;;;;;;;;;;;0;0;0
;;;;;;;;;;;;;;;0;0;0
;;;;;;;;;;;;;;;0;0;0
eurepoc-2024-09-20-3830;Unknown Entity;Unknown threat actors attacked MoneyGram in September 2024 affecting several systems. After several customers complaints about the lack of services since Friday 20 September, the company itself confirmed a cybersecurity incident. Due to the attack they shut their systems down, impacting network connectivity. Several services like the MoneyGram App or sending and receiving payments are currently unavailable. MoneyGram released a statement on October 8, 2024, saying that an unknown party gained unauthorized access and stole personal information from September 20 to 22, 2024. This included names, contact information (such as phone numbers, email and postal addresses), dates of birth, a limited number of Social Security numbers, copies of government-issued identification documents (such as driver’s licenses), other identification documents (such as utility bills), bank account numbers, MoneyGram Plus Rewards numbers, transaction information (such as dates and amounts of transactions) and, for a limited number of consumers, criminal investigation information (such as fraud). A source familiar with the attack shared further information, telling BleepingComputer that MoneyGram was initially breached through a social engineering attack on the company's internal help desk. This attack allowed the threat actors to access MoneyGram's network using an employee's credentials and target employee information in the company's Windows Active Directory Services.;20.09.24 00:00;Non-EU;Linkability, Identifiability, Non-compliance;1;2;2;Extern (Intentional);Phishing, Valid Accounts;Unknown;Disruption of Functionality;Software, Services, Systems;EuRepoC;1;0;0
;;;;;;;;;;;;;;;0;0;0
;;;;;;;;;;;;;;;0;0;0
;;;;;;;;;;;;;;;0;0;0
;;;;;;;;;;;;;;;0;0;0
;;;;;;;;;;;;;;;0;0;0
;;;;;;;;;;;;;;;0;0;0
;;;;;;;;;;;;;;;0;0;0
;;;;;;;;;;;;;;;0;0;0
;;;;;;;;;;;;;;;0;0;0
;;;;;;;;;;;;;;;0;0;0
;;;;;;;;;;;;;;;0;0;0
;;;;;;;;;;;;;;;0;0;0
;;;;;;;;;;;;;;;0;0;0
;;;;;;;;;;;;;;;0;0;0
;;;;;;;;;;;;;;;0;0;0
;;;;;;;;;;;;;;;0;0;0
;;;;;;;;;;;;;;;0;0;0
;;;;;;;;;;;;;;;0;0;0
;;;;;;;;;;;;;;;0;0;0
;;;;;;;;;;;;;;;0;0;0
;;;;;;;;;;;;;;;0;0;0
;;;;;;;;;;;;;;;0;0;0
;;;;;;;;;;;;;;;0;0;0
;;;;;;;;;;;;;;;0;0;0
;;;;;;;;;;;;;;;0;0;0
;;;;;;;;;;;;;;;0;0;0
;;;;;;;;;;;;;;;0;0;0
;;;;;;;;;;;;;;;0;0;0
;;;;;;;;;;;;;;;0;0;0
;;;;;;;;;;;;;;;0;0;0
;;;;;;;;;;;;;;;0;0;0
;;;;;;;;;;;;;;;0;0;0
;;;;;;;;;;;;;;;0;0;0
eurepoc-2023-08-17-3769;SLIM CD;Payment gateway provider SLIM CD, based in Coral Springs, Florida, suffered a major data breach between August 2023 and June 2024, potentially compromising the sensitive personal and financial information of over 1.7 million customers. The breach exposed names, addresses, and credit card details, including card numbers and expiration dates. SLIM CD confirmed unauthorized access to their network but has not disclosed the specific method of the attack. Experts suspect phishing, malware, or social engineering tactics may have been involved.;17.08.23 00:00;Non-EU;Identifiability, Non-compliance;2;1;2;Extern (Intentional);Phishing;Unknown;Profit-Oriented;Network;EuRepoC;1;0;0
;;;;;;;;;;;;;;;0;0;0
;;;;;;;;;;;;;;;0;0;0
;;;;;;;;;;;;;;;0;0;0
;;;;;;;;;;;;;;;0;0;0
;;;;;;;;;;;;;;;0;0;0
;;;;;;;;;;;;;;;0;0;0
;;;;;;;;;;;;;;;0;0;0
;;;;;;;;;;;;;;;0;0;0
;;;;;;;;;;;;;;;0;0;0
;;;;;;;;;;;;;;;0;0;0
eurepoc-2024-04-10-3757;Young Consulting - Blue Shield of California;BlackSuit Ransomware Group gained access to Young Consulting Data between 10–13 April 2024.  Young Consulting, a software company that develops integrated software solutions for the underwriting, marketing and administering of medical stop-loss insurance, experienced technical difficulties within its computer environment on 13 April 2024. Further investigation determined that an unauthorized actor gained access to Young Consulting's network between 10 April and 13 April 2024 and downloaded copies of certain files. The information involved in the breach varied by individual but included names, dates of birth, Social Security numbers and insurance policy and claim information. Blue Shield, a provider of healthcare plans in California, was affected by this data breach and directed affected patients to view Young Consulting's breach notice for more information. The BlackSuit ransomware group claimed responsibility for the attack that resulted in the data breach.;10.04.24 00:00;Non-EU;Linkability, Identifiability, Unawareness, Non-compliance;0;2;2;Extern (Intentional);Unknown;Unknown;Profit-Oriented;Network;EuRepoC;1;0;0
;;;;;;;;;;;;;;;0;0;0
;;;;;;;;;;;;;;;0;0;0
;;;;;;;;;;;;;;;0;0;0
;;;;;;;;;;;;;;;0;0;0
;;;;;;;;;;;;;;;0;0;0
;;;;;;;;;;;;;;;0;0;0
;;;;;;;;;;;;;;;0;0;0
;;;;;;;;;;;;;;;0;0;0
;;;;;;;;;;;;;;;0;0;0
;;;;;;;;;;;;;;;0;0;0
;;;;;;;;;;;;;;;0;0;0
;;;;;;;;;;;;;;;0;0;0
;;;;;;;;;;;;;;;0;0;0
;;;;;;;;;;;;;;;0;0;0
;;;;;;;;;;;;;;;0;0;0
;;;;;;;;;;;;;;;0;0;0
;;;;;;;;;;;;;;;0;0;0
;;;;;;;;;;;;;;;0;0;0
;;;;;;;;;;;;;;;0;0;0
;;;;;;;;;;;;;;;0;0;0
;;;;;;;;;;;;;;;0;0;0
;;;;;;;;;;;;;;;0;0;0
;;;;;;;;;;;;;;;0;0;0
;;;;;;;;;;;;;;;0;0;0
;;;;;;;;;;;;;;;0;0;0
;;;;;;;;;;;;;;;0;0;0
;;;;;;;;;;;;;;;0;0;0
;;;;;;;;;;;;;;;0;0;0
;;;;;;;;;;;;;;;0;0;0
;;;;;;;;;;;;;;;0;0;0
;;;;;;;;;;;;;;;0;0;0
;;;;;;;;;;;;;;;0;0;0
;;;;;;;;;;;;;;;0;0;0
;;;;;;;;;;;;;;;0;0;0
;;;;;;;;;;;;;;;0;0;0
;;;;;;;;;;;;;;;0;0;0
;;;;;;;;;;;;;;;0;0;0
;;;;;;;;;;;;;;;0;0;0
;;;;;;;;;;;;;;;0;0;0
;;;;;;;;;;;;;;;0;0;0
;;;;;;;;;;;;;;;0;0;0
eurepoc-2024-06-06-3706;Alabam Cardiology Group;The Alabama Cardiology Group (USA) suffered a data breach from June 6 until July 2, 2024, which affected 281,000 individuals, according to a breach notification to federal regulators on 2 August 2024. The notification further stated that the hackers obtained sensitive information and that the incident involved a network server. The practice further revealed in an online statement that they became aware of the breach on 2 July. The incident affected various types of personal information, including Social Security numbers, health insurance details, financial data, and medical records such as diagnoses and lab results. Alabama Cardiology Group was likely targeted through credential abuse, possibly due to weak or reused passwords, and a lack of multifactor authentication, according to Mike Hamilton, founder and CISO of Critical Insight.;06.06.24 00:00;Non-EU;Linkability, Non-compliance;1;1;2;Extern (Intentional);Valid Accounts;Unknown;Unknown;Hardware;EuRepoC;1;0;0
;;;;;;;;;;;;;;;0;0;0
;;;;;;;;;;;;;;;0;0;0
;;;;;;;;;;;;;;;0;0;0
;;;;;;;;;;;;;;;0;0;0
;;;;;;;;;;;;;;;0;0;0
;;;;;;;;;;;;;;;0;0;0
;;;;;;;;;;;;;;;0;0;0
;;;;;;;;;;;;;;;0;0;0
;;;;;;;;;;;;;;;0;0;0
;;;;;;;;;;;;;;;0;0;0
;;;;;;;;;;;;;;;0;0;0
;;;;;;;;;;;;;;;0;0;0
;;;;;;;;;;;;;;;0;0;0
;;;;;;;;;;;;;;;0;0;0
;;;;;;;;;;;;;;;0;0;0
;;;;;;;;;;;;;;;0;0;0
;;;;;;;;;;;;;;;0;0;0
;;;;;;;;;;;;;;;0;0;0
;;;;;;;;;;;;;;;0;0;0
;;;;;;;;;;;;;;;0;0;0
;;;;;;;;;;;;;;;0;0;0
;;;;;;;;;;;;;;;0;0;0
;;;;;;;;;;;;;;;0;0;0
;;;;;;;;;;;;;;;0;0;0
;;;;;;;;;;;;;;;0;0;0
;;;;;;;;;;;;;;;0;0;0
;;;;;;;;;;;;;;;0;0;0
;;;;;;;;;;;;;;;0;0;0
;;;;;;;;;;;;;;;0;0;0
;;;;;;;;;;;;;;;0;0;0
;;;;;;;;;;;;;;;0;0;0
;;;;;;;;;;;;;;;0;0;0
;;;;;;;;;;;;;;;0;0;0
;;;;;;;;;;;;;;;0;0;0
;;;;;;;;;;;;;;;0;0;0
;;;;;;;;;;;;;;;0;0;0
;;;;;;;;;;;;;;;0;0;0
;;;;;;;;;;;;;;;0;0;0
;;;;;;;;;;;;;;;0;0;0
;;;;;;;;;;;;;;;0;0;0
;;;;;;;;;;;;;;;0;0;0
;;;;;;;;;;;;;;;0;0;0
;;;;;;;;;;;;;;;0;0;0
;;;;;;;;;;;;;;;0;0;0
;;;;;;;;;;;;;;;0;0;0
;;;;;;;;;;;;;;;0;0;0
;;;;;;;;;;;;;;;0;0;0
;;;;;;;;;;;;;;;0;0;0
;;;;;;;;;;;;;;;0;0;0
;;;;;;;;;;;;;;;0;0;0
;;;;;;;;;;;;;;;0;0;0
;;;;;;;;;;;;;;;0;0;0
;;;;;;;;;;;;;;;0;0;0
;;;;;;;;;;;;;;;0;0;0
;;;;;;;;;;;;;;;0;0;0
;;;;;;;;;;;;;;;0;0;0
;;;;;;;;;;;;;;;0;0;0
;;;;;;;;;;;;;;;0;0;0
;;;;;;;;;;;;;;;0;0;0
;;;;;;;;;;;;;;;0;0;0
;;;;;;;;;;;;;;;0;0;0
;;;;;;;;;;;;;;;0;0;0
;;;;;;;;;;;;;;;0;0;0
;;;;;;;;;;;;;;;0;0;0
;;;;;;;;;;;;;;;0;0;0
;;;;;;;;;;;;;;;0;0;0
;;;;;;;;;;;;;;;0;0;0
;;;;;;;;;;;;;;;0;0;0
;;;;;;;;;;;;;;;0;0;0
;;;;;;;;;;;;;;;0;0;0
;;;;;;;;;;;;;;;0;0;0
eurepoc-2024-07-14-3629;Fractal ID;On 14 July 2024, German blockchain identity verification platform Fractal ID suffered a data breach when an unknown attacker gained unauthorised access to an employee's account and ran an API script that collected personal data from approximately 0.5% of its users. The compromised data included names, email addresses, wallet addresses, phone numbers, physical addresses, and ID scans. Fractal ID's services are used by crypto platforms such as Gnosis Pay, Polygon, Ripple, and NEAR for identity verification. The breach was detected and contained within two hours. Fractal ID has since implemented additional security measures and advised affected users to be cautious of unsolicited communications. The incident was publicly disclosed on 17 July 2024, and relevant data protection authorities and cybercrime divisions have been notified.;14.07.24 00:00;Non-EU;Linkability, Identifiability, Non-compliance;0;2;2;Extern (Intentional);Unknown;Unknown;Unknown;Software, Services, Systems;EuRepoC;1;0;0
;;;;;;;;;;;;;;;0;0;0
;;;;;;;;;;;;;;;0;0;0
;;;;;;;;;;;;;;;0;0;0
;;;;;;;;;;;;;;;0;0;0
;;;;;;;;;;;;;;;0;0;0
;;;;;;;;;;;;;;;0;0;0
;;;;;;;;;;;;;;;0;0;0
;;;;;;;;;;;;;;;0;0;0
;;;;;;;;;;;;;;;0;0;0
;;;;;;;;;;;;;;;0;0;0
;;;;;;;;;;;;;;;0;0;0
;;;;;;;;;;;;;;;0;0;0
;;;;;;;;;;;;;;;0;0;0
;;;;;;;;;;;;;;;0;0;0
;;;;;;;;;;;;;;;0;0;0
;;;;;;;;;;;;;;;0;0;0
;;;;;;;;;;;;;;;0;0;0
;;;;;;;;;;;;;;;0;0;0
;;;;;;;;;;;;;;;0;0;0
;;;;;;;;;;;;;;;0;0;0
;;;;;;;;;;;;;;;0;0;0
;;;;;;;;;;;;;;;0;0;0
;;;;;;;;;;;;;;;0;0;0
;;;;;;;;;;;;;;;0;0;0
;;;;;;;;;;;;;;;0;0;0
;;;;;;;;;;;;;;;0;0;0
;;;;;;;;;;;;;;;0;0;0
;;;;;;;;;;;;;;;0;0;0
;;;;;;;;;;;;;;;0;0;0
;;;;;;;;;;;;;;;0;0;0
;;;;;;;;;;;;;;;0;0;0
;;;;;;;;;;;;;;;0;0;0
;;;;;;;;;;;;;;;0;0;0
;;;;;;;;;;;;;;;0;0;0
;;;;;;;;;;;;;;;0;0;0
;;;;;;;;;;;;;;;0;0;0
;;;;;;;;;;;;;;;0;0;0
;;;;;;;;;;;;;;;0;0;0
;;;;;;;;;;;;;;;0;0;0
;;;;;;;;;;;;;;;0;0;0
;;;;;;;;;;;;;;;0;0;0
;;;;;;;;;;;;;;;0;0;0
;;;;;;;;;;;;;;;0;0;0
;;;;;;;;;;;;;;;0;0;0
;;;;;;;;;;;;;;;0;0;0
;;;;;;;;;;;;;;;0;0;0
;;;;;;;;;;;;;;;0;0;0
;;;;;;;;;;;;;;;0;0;0
;;;;;;;;;;;;;;;0;0;0
;;;;;;;;;;;;;;;0;0;0
;;;;;;;;;;;;;;;0;0;0
;;;;;;;;;;;;;;;0;0;0
;;;;;;;;;;;;;;;0;0;0
;;;;;;;;;;;;;;;0;0;0
;;;;;;;;;;;;;;;0;0;0
;;;;;;;;;;;;;;;0;0;0
;;;;;;;;;;;;;;;0;0;0
;;;;;;;;;;;;;;;0;0;0
;;;;;;;;;;;;;;;0;0;0
;;;;;;;;;;;;;;;0;0;0
;;;;;;;;;;;;;;;0;0;0
;;;;;;;;;;;;;;;0;0;0
;;;;;;;;;;;;;;;0;0;0
;;;;;;;;;;;;;;;0;0;0
eurepoc-2024-05-19-3545;Okayama County Psychiatric Center;Japanese Okayama County Psychiatric Centre was hit by ransomware on 19 May 2024, leading to the theft of data from up to 40,000 patients. The compromised data is said to contain patient names, dates of birth, or diagnoses. The centre's networks grappled with encrypted systems for at least 20 days, according to reports.;19.05.24 00:00;Non-EU;Linkability, Identifiability, Non-compliance;1;1;2;Extern (Intentional);Unknown;Unknown;Disruption of Functionality;Network;EuRepoC;1;0;0
;;;;;;;;;;;;;;;0;0;0
;;;;;;;;;;;;;;;0;0;0
;;;;;;;;;;;;;;;0;0;0
;;;;;;;;;;;;;;;0;0;0
;;;;;;;;;;;;;;;0;0;0
;;;;;;;;;;;;;;;0;0;0
;;;;;;;;;;;;;;;0;0;0
;;;;;;;;;;;;;;;0;0;0
;;;;;;;;;;;;;;;0;0;0
;;;;;;;;;;;;;;;0;0;0
;;;;;;;;;;;;;;;0;0;0
;;;;;;;;;;;;;;;0;0;0
;;;;;;;;;;;;;;;0;0;0
;;;;;;;;;;;;;;;0;0;0
;;;;;;;;;;;;;;;0;0;0
;;;;;;;;;;;;;;;0;0;0
;;;;;;;;;;;;;;;0;0;0
;;;;;;;;;;;;;;;0;0;0
;;;;;;;;;;;;;;;0;0;0
;;;;;;;;;;;;;;;0;0;0
;;;;;;;;;;;;;;;0;0;0
;;;;;;;;;;;;;;;0;0;0
;;;;;;;;;;;;;;;0;0;0
;;;;;;;;;;;;;;;0;0;0
;;;;;;;;;;;;;;;0;0;0
;;;;;;;;;;;;;;;0;0;0
eurepoc-2022-03-01-3526;Unknown Entity;"Chinese state-sponsored threat actors have conducted an espionage campaign against a high-profile government organization in Southeast Asia since at least early 2022. The actors attempted to collect documents with file names that indicate intelligence value, including military documents related to strategies in the South China Sea. The threat actors were using tools and infrastructure that overlap with other researchers’ public reporting on Chinese threat actors, including BackdoorDiplomacy, REF5961, Worok, TA428, the recently-designated Unfading Sea Haze and the APT41 subgroup Earth Longzhi. Additionally, three clusters of intrusion activity could be tracked within the period from March 2023 to December 2023. Those clusters are tracked as Alpha (STAC1248), Bravo (STAC1807), and Charlie (STAC1305). Further investigations found evidence that malicious activity dates back to early 2022. The researchers also uncovered previously unreported malware associated with the threat clusters referred to as CCoreDoor (concurrently discovered by BitDefender) and PocoProxy, as well as an updated variant of EAGERBEE. Other observed malware variants include NUPAKAGE, Merlin C2 Agent, Cobalt Strike, PhantomNet backdoor, RUDEBIRD malware, and the PowHeartBeat backdoor.  This campaign, dubbed ""Crimson Palace"", was initially revealed by Sophos.";01.03.22 00:00;Non-EU;Identifiability, Unawareness, Non-compliance;1;1;2;Extern (Intentional);Unknown;Unknown;Espionage;Network;EuRepoC;1;0;0
;;;;;;;;;;;;;;;0;0;0
;;;;;;;;;;;;;;;0;0;0
;;;;;;;;;;;;;;;0;0;0
;;;;;;;;;;;;;;;0;0;0
;;;;;;;;;;;;;;;0;0;0
;;;;;;;;;;;;;;;0;0;0
;;;;;;;;;;;;;;;0;0;0
;;;;;;;;;;;;;;;0;0;0
;;;;;;;;;;;;;;;0;0;0
;;;;;;;;;;;;;;;0;0;0
;;;;;;;;;;;;;;;0;0;0
;;;;;;;;;;;;;;;0;0;0
;;;;;;;;;;;;;;;0;0;0
;;;;;;;;;;;;;;;0;0;0
;;;;;;;;;;;;;;;0;0;0
;;;;;;;;;;;;;;;0;0;0
;;;;;;;;;;;;;;;0;0;0
;;;;;;;;;;;;;;;0;0;0
;;;;;;;;;;;;;;;0;0;0
;;;;;;;;;;;;;;;0;0;0
;;;;;;;;;;;;;;;0;0;0
;;;;;;;;;;;;;;;0;0;0
;;;;;;;;;;;;;;;0;0;0
;;;;;;;;;;;;;;;0;0;0
;;;;;;;;;;;;;;;0;0;0
;;;;;;;;;;;;;;;0;0;0
;;;;;;;;;;;;;;;0;0;0
;;;;;;;;;;;;;;;0;0;0
;;;;;;;;;;;;;;;0;0;0
;;;;;;;;;;;;;;;0;0;0
;;;;;;;;;;;;;;;0;0;0
;;;;;;;;;;;;;;;0;0;0
;;;;;;;;;;;;;;;0;0;0
;;;;;;;;;;;;;;;0;0;0
;;;;;;;;;;;;;;;0;0;0
;;;;;;;;;;;;;;;0;0;0
;;;;;;;;;;;;;;;0;0;0
;;;;;;;;;;;;;;;0;0;0
;;;;;;;;;;;;;;;0;0;0
;;;;;;;;;;;;;;;0;0;0
;;;;;;;;;;;;;;;0;0;0
;;;;;;;;;;;;;;;0;0;0
eurepoc-2023-01-25-3465;MedStar Health;On 3 May 2024 the US healthcare provider MedStar Health reported the unauthorized access of emails and files by an outside party. The data breach happened intermittently between 25 January 2023 and 18 October 2023. After the forensic analysis of the data access, it was determined that patient information was included in the emails and files that were accessed. It cannot be guaranteed that patient data was not actually acquired or viewed. The emails and files contained information that may have included patients’ names, mailing address, dates of birth, date(s) of service, provider name(s), and/or health insurance information.;25.01.23 00:00;Non-EU;Linkability, Identifiability, Non-compliance;1;1;2;Extern (Intentional);Unknown;Unknown;Unknown;Unknown;EuRepoC;1;0;0
;;;;;;;;;;;;;;;0;0;0
;;;;;;;;;;;;;;;0;0;0
;;;;;;;;;;;;;;;0;0;0
;;;;;;;;;;;;;;;0;0;0
;;;;;;;;;;;;;;;0;0;0
;;;;;;;;;;;;;;;0;0;0
eurepoc-2024-02-22-3701;Kootenai Health;On 22 February 2024, Idaho-based healthcare provider Kootenai Health was targeted by the 3AM ransomware group, resulting in a significant data breach. Hackers gained unauthorized access to Kootenai Health's network and exfiltrated sensitive information belonging to 464,088 individuals, including patients, employees, and their dependents. The compromised data includes names, dates of birth, Social Security numbers, driver’s licence numbers, medical records, treatment information, and health insurance details. Despite the breach, Kootenai Health's operations continued uninterrupted. Impacted individuals were notified on 12 August 2024 and offered complimentary identity protection services. While Kootenai Health did not pay the ransom, the 3AM group published a 22GB archive of stolen data, indicating that some information was exfiltrated during the attack.;22.02.24 00:00;Non-EU;Linkability, Identifiability, Unawareness, Non-compliance;2;2;2;Extern (Intentional);Unknown;Unknown;Disruption of Functionality;Network;EuRepoC;1;0;0
;;;;;;;;;;;;;;;0;0;0
;;;;;;;;;;;;;;;0;0;0
;;;;;;;;;;;;;;;0;0;0
;;;;;;;;;;;;;;;0;0;0
;;;;;;;;;;;;;;;0;0;0
;;;;;;;;;;;;;;;0;0;0
;;;;;;;;;;;;;;;0;0;0
;;;;;;;;;;;;;;;0;0;0
;;;;;;;;;;;;;;;0;0;0
;;;;;;;;;;;;;;;0;0;0
;;;;;;;;;;;;;;;0;0;0
;;;;;;;;;;;;;;;0;0;0
;;;;;;;;;;;;;;;0;0;0
;;;;;;;;;;;;;;;0;0;0
;;;;;;;;;;;;;;;0;0;0
;;;;;;;;;;;;;;;0;0;0
;;;;;;;;;;;;;;;0;0;0
;;;;;;;;;;;;;;;0;0;0
;;;;;;;;;;;;;;;0;0;0
;;;;;;;;;;;;;;;0;0;0
;;;;;;;;;;;;;;;0;0;0
;;;;;;;;;;;;;;;0;0;0
;;;;;;;;;;;;;;;0;0;0
;;;;;;;;;;;;;;;0;0;0
;;;;;;;;;;;;;;;0;0;0
;;;;;;;;;;;;;;;0;0;0
;;;;;;;;;;;;;;;0;0;0
;;;;;;;;;;;;;;;0;0;0
;;;;;;;;;;;;;;;0;0;0
;;;;;;;;;;;;;;;0;0;0
;;;;;;;;;;;;;;;0;0;0
;;;;;;;;;;;;;;;0;0;0
;;;;;;;;;;;;;;;0;0;0
eurepoc-2024-04-15-3414;Octapharma;"Octapharma Plasma, the US branch of Octapharma, a Swiss pharmaceutical company involved in ""protein manufacturing,"" or the manufacturing of plasma-dependent medical therapies, was hit by a ransomware attack by Blacksuit ransomware group on 17 April 2024.  According to Octapharma's press release on 19 April, the company detected ""suspicious activity"" on its networks, which resulted in the company having to take its systems offline while an investigation was initiated; this impacted operations of over 100 plasma donation centres in the US. Days later, on 24 April 2024, the Blacksuit ransomware gang listed Octapharma Plasma on its leak site along with details about the attack. While the company was listed on the site, no data had been leaked; according to the group, data stolen included information on employees and clients, including medical examination information, employee contract information, and donor centre/lab data, as well as Social Security numbers of donors.";15.04.24 00:00;Non-EU;Unawareness, Non-compliance;1;1;2;Extern (Intentional);Unknown;Unknown;Profit-Oriented;Software, Services, Systems;EuRepoC;1;0;0
;;;;;;;;;;;;;;;0;0;0
;;;;;;;;;;;;;;;0;0;0
;;;;;;;;;;;;;;;0;0;0
;;;;;;;;;;;;;;;0;0;0
;;;;;;;;;;;;;;;0;0;0
;;;;;;;;;;;;;;;0;0;0
;;;;;;;;;;;;;;;0;0;0
;;;;;;;;;;;;;;;0;0;0
;;;;;;;;;;;;;;;0;0;0
;;;;;;;;;;;;;;;0;0;0
;;;;;;;;;;;;;;;0;0;0
;;;;;;;;;;;;;;;0;0;0
;;;;;;;;;;;;;;;0;0;0
;;;;;;;;;;;;;;;0;0;0
;;;;;;;;;;;;;;;0;0;0
;;;;;;;;;;;;;;;0;0;0
;;;;;;;;;;;;;;;0;0;0
;;;;;;;;;;;;;;;0;0;0
;;;;;;;;;;;;;;;0;0;0
;;;;;;;;;;;;;;;0;0;0
;;;;;;;;;;;;;;;0;0;0
;;;;;;;;;;;;;;;0;0;0
;;;;;;;;;;;;;;;0;0;0
;;;;;;;;;;;;;;;0;0;0
;;;;;;;;;;;;;;;0;0;0
;;;;;;;;;;;;;;;0;0;0
;;;;;;;;;;;;;;;0;0;0
;;;;;;;;;;;;;;;0;0;0
;;;;;;;;;;;;;;;0;0;0
;;;;;;;;;;;;;;;0;0;0
;;;;;;;;;;;;;;;0;0;0
;;;;;;;;;;;;;;;0;0;0
;;;;;;;;;;;;;;;0;0;0
;;;;;;;;;;;;;;;0;0;0
;;;;;;;;;;;;;;;0;0;0
;;;;;;;;;;;;;;;0;0;0
;;;;;;;;;;;;;;;0;0;0
;;;;;;;;;;;;;;;0;0;0
;;;;;;;;;;;;;;;0;0;0
;;;;;;;;;;;;;;;0;0;0
;;;;;;;;;;;;;;;0;0;0
;;;;;;;;;;;;;;;0;0;0
;;;;;;;;;;;;;;;0;0;0
;;;;;;;;;;;;;;;0;0;0
;;;;;;;;;;;;;;;0;0;0
;;;;;;;;;;;;;;;0;0;0
;;;;;;;;;;;;;;;0;0;0
;;;;;;;;;;;;;;;0;0;0
;;;;;;;;;;;;;;;0;0;0
;;;;;;;;;;;;;;;0;0;0
;;;;;;;;;;;;;;;0;0;0
;;;;;;;;;;;;;;;0;0;0
;;;;;;;;;;;;;;;0;0;0
eurepoc-2023-07-07-3336;City of Hope;An unknown threat actor gained access to the US healthcare organization City of Hope between 7 July and 15 October 2023, the hospital disclosed in a statement on 2 April 2024 after discovering the data breach on 25 March 2024. City of Hope operates hospitals in Duarte (CA), Atlanta (GA), and Chicago (IL) and conducts cancer research. A breach notification submitted by the hospital to the Maine Attorney General's Office reported 827,149 affected individuals. The incident resulted in the exfiltration of personal records between September 19 and October 12, 2023, including names, email addresses, phone numbers, dates of birth, social security numbers, driving licences or other government identifications, financial details such as bank account numbers and/or credit card details, health insurance information, medical records and information about medical history and/or associated conditions, and/or unique identifiers to associate individuals with City of Hope such as medical record numbers.;07.07.23 00:00;Non-EU;Linkability, Identifiability, Non-compliance;1;2;2;Extern (Intentional);Automated Exfiltration;Unknown;Profit-Oriented;Network;EuRepoC;1;0;0
;;;;;;;;;;;;;;;0;0;0
;;;;;;;;;;;;;;;0;0;0
;;;;;;;;;;;;;;;0;0;0
;;;;;;;;;;;;;;;0;0;0
;;;;;;;;;;;;;;;0;0;0
;;;;;;;;;;;;;;;0;0;0
;;;;;;;;;;;;;;;0;0;0
;;;;;;;;;;;;;;;0;0;0
;;;;;;;;;;;;;;;0;0;0
;;;;;;;;;;;;;;;0;0;0
;;;;;;;;;;;;;;;0;0;0
;;;;;;;;;;;;;;;0;0;0
;;;;;;;;;;;;;;;0;0;0
;;;;;;;;;;;;;;;0;0;0
;;;;;;;;;;;;;;;0;0;0
;;;;;;;;;;;;;;;0;0;0
;;;;;;;;;;;;;;;0;0;0
;;;;;;;;;;;;;;;0;0;0
;;;;;;;;;;;;;;;0;0;0
;;;;;;;;;;;;;;;0;0;0
;;;;;;;;;;;;;;;0;0;0
;;;;;;;;;;;;;;;0;0;0
;;;;;;;;;;;;;;;0;0;0
;;;;;;;;;;;;;;;0;0;0
;;;;;;;;;;;;;;;0;0;0
;;;;;;;;;;;;;;;0;0;0
;;;;;;;;;;;;;;;0;0;0
;;;;;;;;;;;;;;;0;0;0
;;;;;;;;;;;;;;;0;0;0
eurepoc-2024-01-22-3285;City of Jacksonville Beach (USA);The city of Jacksonville Beach in the US state of Florida disclosed in a data breach notification, submitted on 20 March 2024, that personal information of 48,949 people was compromised during a ransomware incident dated to 22-29 January 2024. The notification letter disclosed that the city detected the data breach on 22 February and that threat actors were suspected to have acquired names and social security numbers from city databases. In February, the LockBit ransomware group added Jacksonville Beach to its victim list.;22.01.24 00:00;Non-EU;Linkability, Identifiability, Unawareness, Non-compliance;1;2;2;Extern (Intentional);Unknown;Unknown;Disruption of Functionality;Software, Services, Systems;EuRepoC;1;0;0
;;;;;;;;;;;;;;;0;0;0
;;;;;;;;;;;;;;;0;0;0
;;;;;;;;;;;;;;;0;0;0
;;;;;;;;;;;;;;;0;0;0
;;;;;;;;;;;;;;;0;0;0
;;;;;;;;;;;;;;;0;0;0
;;;;;;;;;;;;;;;0;0;0
;;;;;;;;;;;;;;;0;0;0
;;;;;;;;;;;;;;;0;0;0
;;;;;;;;;;;;;;;0;0;0
;;;;;;;;;;;;;;;0;0;0
;;;;;;;;;;;;;;;0;0;0
;;;;;;;;;;;;;;;0;0;0
;;;;;;;;;;;;;;;0;0;0
;;;;;;;;;;;;;;;0;0;0
;;;;;;;;;;;;;;;0;0;0
;;;;;;;;;;;;;;;0;0;0
;;;;;;;;;;;;;;;0;0;0
;;;;;;;;;;;;;;;0;0;0
;;;;;;;;;;;;;;;0;0;0
;;;;;;;;;;;;;;;0;0;0
;;;;;;;;;;;;;;;0;0;0
;;;;;;;;;;;;;;;0;0;0
;;;;;;;;;;;;;;;0;0;0
;;;;;;;;;;;;;;;0;0;0
;;;;;;;;;;;;;;;0;0;0
;;;;;;;;;;;;;;;0;0;0
;;;;;;;;;;;;;;;0;0;0
;;;;;;;;;;;;;;;0;0;0
;;;;;;;;;;;;;;;0;0;0
;;;;;;;;;;;;;;;0;0;0
;;;;;;;;;;;;;;;0;0;0
;;;;;;;;;;;;;;;0;0;0
;;;;;;;;;;;;;;;0;0;0
;;;;;;;;;;;;;;;0;0;0
;;;;;;;;;;;;;;;0;0;0
;;;;;;;;;;;;;;;0;0;0
;;;;;;;;;;;;;;;0;0;0
;;;;;;;;;;;;;;;0;0;0
;;;;;;;;;;;;;;;0;0;0
;;;;;;;;;;;;;;;0;0;0
;;;;;;;;;;;;;;;0;0;0
;;;;;;;;;;;;;;;0;0;0
;;;;;;;;;;;;;;;0;0;0
;;;;;;;;;;;;;;;0;0;0
;;;;;;;;;;;;;;;0;0;0
;;;;;;;;;;;;;;;0;0;0
;;;;;;;;;;;;;;;0;0;0
;;;;;;;;;;;;;;;0;0;0
;;;;;;;;;;;;;;;0;0;0
;;;;;;;;;;;;;;;0;0;0
;;;;;;;;;;;;;;;0;0;0
eurepoc-2023-12-21-3225;Unknown Entity;The Egyptian Health Department (EHD), a public health department providing general care services and health screenings based in the US state of Illinois, was the victim of a data breach, in which unknown actors gained unauthorized access to sensitive personal data on 21 December 2023, according to a 20 February 2024 notification. According to EHD, a forensic investigation was initiated after an intrusion into its systems had been detected. The company was contacting 100,000 impacted individuals to offer credit monitoring and identity theft protection. For 21,000 patients, stolen data contained protected health information. Exfiltrated employee data comprised social security numbers, drivers’ licence numbers or other government-issued IDs, financial account information, and/or insurance information. For patients, the potentially impacted information included names, dates of birth, medical information, and health insurance claims information.;21.12.23 00:00;Non-EU;Linkability, Identifiability, Non-compliance;1;2;2;Extern (Intentional);Unknown;Unknown;Profit-Oriented;Unknown;EuRepoC;1;1;0
;;;;;;;;;;;;;;;0;0;0
;;;;;;;;;;;;;;;0;0;0
;;;;;;;;;;;;;;;0;0;0
;;;;;;;;;;;;;;;0;0;0
;;;;;;;;;;;;;;;0;0;0
;;;;;;;;;;;;;;;0;0;0
;;;;;;;;;;;;;;;0;0;0
;;;;;;;;;;;;;;;0;0;0
;;;;;;;;;;;;;;;0;0;0
;;;;;;;;;;;;;;;0;0;0
;;;;;;;;;;;;;;;0;0;0
;;;;;;;;;;;;;;;0;0;0
;;;;;;;;;;;;;;;0;0;0
;;;;;;;;;;;;;;;0;0;0
;;;;;;;;;;;;;;;0;0;0
;;;;;;;;;;;;;;;0;0;0
;;;;;;;;;;;;;;;0;0;0
;;;;;;;;;;;;;;;0;0;0
;;;;;;;;;;;;;;;0;0;0
;;;;;;;;;;;;;;;0;0;0
;;;;;;;;;;;;;;;0;0;0
;;;;;;;;;;;;;;;0;0;0
;;;;;;;;;;;;;;;0;0;0
;;;;;;;;;;;;;;;0;0;0
;;;;;;;;;;;;;;;0;0;0
;;;;;;;;;;;;;;;0;0;0
;;;;;;;;;;;;;;;0;0;0
;;;;;;;;;;;;;;;0;0;0
;;;;;;;;;;;;;;;0;0;0
eurepoc-2024-02-01-3194;Unknown Entity;Unknown actors breached the servers of Spanish-Catalan police Mossos d'Esquadra in the beginning of February 2024 through the inbox of the police. In the course of the compromise they obtained data including a list of the people who were on duty on the night of 1 February 2024 at the Roca del Vallès penitentiary centre. The list contains names of over 70 agents and commanders, the numbers of their identification cards, and phone numbers. Investigators were notified that another breach of a second mailbox led to the data theft of information on two more people. The stolen data of both breaches have been published via Telegram. The Roca del Vallès penitentiary centre is a prison located in the province of Barcelona.;01.02.24 00:00;Non-EU;Linkability, Identifiability, Unawareness, Non-compliance;2;2;2;Extern (Intentional);Unknown;Unknown;Unknown;Hardware;EuRepoC;1;0;0
;;;;;;;;;;;;;;;0;0;0
eurepoc-2024-01-01-3183;Unknown Entity;Anti-Iranian government hacktivists Edaalate Ali claimed to have breached the severs of the Iranian judicial system on 20 February 2024, releasing confidential documents on their Telegram channel. The documents encompass a spectrum of sensitive subjects, from internal deliberations within the National Security Council in response to the protests sparked by the death of Mahsa Amini following her arrest by the morality police to efforts aimed at quelling unauthorized VPN vendors and cases of economic corruption. On Telegram, the group announced that they would create a website where more documents of court processes would be accessible.  Edaalate Ali first became known for their release of images from the Evin prison in Tehran in 2021.;01.01.24 00:00;Non-EU;Unawareness, Non-compliance;2;0;2;Extern (Intentional);Unknown;Unknown;Unknown;Network;EuRepoC;1;0;0
;;;;;;;;;;;;;;;0;0;0
;;;;;;;;;;;;;;;0;0;0
;;;;;;;;;;;;;;;0;0;0
;;;;;;;;;;;;;;;0;0;0
;;;;;;;;;;;;;;;0;0;0
;;;;;;;;;;;;;;;0;0;0
;;;;;;;;;;;;;;;0;0;0
;;;;;;;;;;;;;;;0;0;0
;;;;;;;;;;;;;;;0;0;0
;;;;;;;;;;;;;;;0;0;0
;;;;;;;;;;;;;;;0;0;0
;;;;;;;;;;;;;;;0;0;0
;;;;;;;;;;;;;;;0;0;0
;;;;;;;;;;;;;;;0;0;0
;;;;;;;;;;;;;;;0;0;0
;;;;;;;;;;;;;;;0;0;0
;;;;;;;;;;;;;;;0;0;0
;;;;;;;;;;;;;;;0;0;0
;;;;;;;;;;;;;;;0;0;0
;;;;;;;;;;;;;;;0;0;0
;;;;;;;;;;;;;;;0;0;0
;;;;;;;;;;;;;;;0;0;0
;;;;;;;;;;;;;;;0;0;0
;;;;;;;;;;;;;;;0;0;0
;;;;;;;;;;;;;;;0;0;0
;;;;;;;;;;;;;;;0;0;0
;;;;;;;;;;;;;;;0;0;0
;;;;;;;;;;;;;;;0;0;0
eurepoc-2024-01-18-3151;Service Employees International Union Local 1000 (SEIU Local 1000);LockBit conducted a ransomware attack against California-based Service Employees International Union Local 1000 (SEIU Local 1000) on 18 January 2024, as acknowledged by the Union, following claims by the threat actor that they obtained data. SEIU Local 1000, representing almost 100,000 employees of Californian state institutions, confirmed the encryption of certain data and efforts to investigate whether and which data may have been exfiltrated. LockBit alleged to have stolen social security numbers, salary information, financial documents. A forensic investigation was initiated and SEIU has informed authorities.;18.01.24 00:00;Non-EU;Unawareness, Non-compliance;1;1;2;Extern (Intentional);Unknown;Unknown;Disruption of Functionality;Unknown;EuRepoC;1;0;0
;;;;;;;;;;;;;;;0;0;0
;;;;;;;;;;;;;;;0;0;0
;;;;;;;;;;;;;;;0;0;0
;;;;;;;;;;;;;;;0;0;0
;;;;;;;;;;;;;;;0;0;0
;;;;;;;;;;;;;;;0;0;0
;;;;;;;;;;;;;;;0;0;0
;;;;;;;;;;;;;;;0;0;0
;;;;;;;;;;;;;;;0;0;0
;;;;;;;;;;;;;;;0;0;0
;;;;;;;;;;;;;;;0;0;0
;;;;;;;;;;;;;;;0;0;0
eurepoc-2024-02-02-3129;Reykjavík University;The Russian ransomware group Akira is suspected to have stolen user data from Reykjavík University on 2 February 2024, the university reported. Disclosed information included names, ID numbers, university email addresses, and encrypted passwords for university services. In a statement dated 21 February 2024, the University confirmed a data theft amounting to 15 TB of data. Some of the data was classified as sensitive as it contained information about grade, salary or health matters.;02.02.24 00:00;Non-EU;Linkability, Identifiability, Non-compliance;1;2;2;Extern (Intentional);Unknown;Unknown;Espionage;Unknown;EuRepoC;1;0;0
;;;;;;;;;;;;;;;0;0;0
;;;;;;;;;;;;;;;0;0;0
;;;;;;;;;;;;;;;0;0;0
;;;;;;;;;;;;;;;0;0;0
;;;;;;;;;;;;;;;0;0;0
;;;;;;;;;;;;;;;0;0;0
;;;;;;;;;;;;;;;0;0;0
;;;;;;;;;;;;;;;0;0;0
;;;;;;;;;;;;;;;0;0;0
;;;;;;;;;;;;;;;0;0;0
;;;;;;;;;;;;;;;0;0;0
;;;;;;;;;;;;;;;0;0;0
;;;;;;;;;;;;;;;0;0;0
;;;;;;;;;;;;;;;0;0;0
;;;;;;;;;;;;;;;0;0;0
;;;;;;;;;;;;;;;0;0;0
;;;;;;;;;;;;;;;0;0;0
;;;;;;;;;;;;;;;0;0;0
;;;;;;;;;;;;;;;0;0;0
;;;;;;;;;;;;;;;0;0;0
;;;;;;;;;;;;;;;0;0;0
eurepoc-2019-01-01-3095;Unknown Entity;"A partnership of civil society organisations identified 35 individuals in Jordan, including activists, journalists, and lawyers, that were targeted with the NSO Group's Pegasus spyware between 2019 and September 2023. During 2022 and 2023, Access Now's Digital Security Helpline, in collaboration with the Citizen Lab, conducted a forensic investigation confirming the deployment of NSO Group's Pegasus spyware against nine devices of members of Jordan's civil society. The investigation identified traces of Pegasus' zero-click and one-click exploits on iOS devices (specifically, PWNYOURHOME, FINDMYPWN, FORCEDENTRY, and BLASTPASS). For an additional 21 individuals, the probe confirmed forensic findings indicating that they had been targeted. Investigative partners at Human Rights Watch, Amnesty International’s Security Lab, and the Organized Crime and Corruption Reporting Project identified five further victims. Affected individuals that agreed to be identified include Adam Coogle and Hiba Zayadin of Human Rights Watch, focusing on Middle East and North Africa issues; Manal Kasht, a Jordanian translator and civil society activist; lawyers Omar Atout, Hala Ahed, Alaa Al-Hiyari, Jamal Jeet, Asem Al-Omari, and Loay Obeidat, known for their activism and legal defense of human rights; journalists Rana Sabbagh of the Organized Crime and Corruption Reporting Project (OCCRP) and Daoud Kuttab, a Palestinian-American media activist, along with Lara Dihmis, also from OCCRP; and Hosam Gharaibeh, director of Husna Radio. Out of privacy and safety concerns, the identities of the remaining victims were not disclosed.";01.01.19 00:00;Non-EU;Unawareness, Non-compliance;1;0;2;Unknown;Drive-by Compromise;Unknown;Unknown;Unknown;EuRepoC;0;0;0
;;;;;;;;;;;;;;;0;0;0
;;;;;;;;;;;;;;;0;0;0
;;;;;;;;;;;;;;;0;0;0
;;;;;;;;;;;;;;;0;0;0
;;;;;;;;;;;;;;;0;0;0
;;;;;;;;;;;;;;;0;0;0
;;;;;;;;;;;;;;;0;0;0
eurepoc-2024-01-23-3088;Unknown Entity;On 23 January 2024, the Misbourne School in Great Missenden in the United Kingdom was targeted by unknown hackers with ransomware. School servers were encrypted, taking down communication systems. In response to the incident, the school initially suspended classes until 31 January for its over 1,000 students. Classes for year 11 and 13 students were already resumed on 29 January. Certain services continued to be unavailable beyond this time, including Wi-Fi connections. The school also confirmed in the beginning of Feburary that sensitive personal information was also tapped during the attack, which has been exposed on the dark web. All individuals related to The Misbourne are advised to change their online passwords.;23.01.24 00:00;Non-EU;Unawareness, Non-compliance;2;0;2;Extern (Intentional);Wi-Fi Networks;Unknown;Disruption of Functionality;Hardware;EuRepoC;0;0;0
;;;;;;;;;;;;;;;0;0;0
;;;;;;;;;;;;;;;0;0;0
;;;;;;;;;;;;;;;0;0;0
;;;;;;;;;;;;;;;0;0;0
;;;;;;;;;;;;;;;0;0;0
;;;;;;;;;;;;;;;0;0;0
;;;;;;;;;;;;;;;0;0;0
;;;;;;;;;;;;;;;0;0;0
;;;;;;;;;;;;;;;0;0;0
;;;;;;;;;;;;;;;0;0;0
;;;;;;;;;;;;;;;0;0;0
;;;;;;;;;;;;;;;0;0;0
;;;;;;;;;;;;;;;0;0;0
;;;;;;;;;;;;;;;0;0;0
;;;;;;;;;;;;;;;0;0;0
;;;;;;;;;;;;;;;0;0;0
;;;;;;;;;;;;;;;0;0;0
;;;;;;;;;;;;;;;0;0;0
;;;;;;;;;;;;;;;0;0;0
;;;;;;;;;;;;;;;0;0;0
;;;;;;;;;;;;;;;0;0;0
;;;;;;;;;;;;;;;0;0;0
;;;;;;;;;;;;;;;0;0;0
;;;;;;;;;;;;;;;0;0;0
;;;;;;;;;;;;;;;0;0;0
;;;;;;;;;;;;;;;0;0;0
;;;;;;;;;;;;;;;0;0;0
;;;;;;;;;;;;;;;0;0;0
;;;;;;;;;;;;;;;0;0;0
;;;;;;;;;;;;;;;0;0;0
;;;;;;;;;;;;;;;0;0;0
;;;;;;;;;;;;;;;0;0;0
;;;;;;;;;;;;;;;0;0;0
;;;;;;;;;;;;;;;0;0;0
;;;;;;;;;;;;;;;0;0;0
;;;;;;;;;;;;;;;0;0;0
;;;;;;;;;;;;;;;0;0;0
;;;;;;;;;;;;;;;0;0;0
;;;;;;;;;;;;;;;0;0;0
;;;;;;;;;;;;;;;0;0;0
;;;;;;;;;;;;;;;0;0;0
;;;;;;;;;;;;;;;0;0;0
;;;;;;;;;;;;;;;0;0;0
;;;;;;;;;;;;;;;0;0;0
;;;;;;;;;;;;;;;0;0;0
;;;;;;;;;;;;;;;0;0;0
;;;;;;;;;;;;;;;0;0;0
;;;;;;;;;;;;;;;0;0;0
;;;;;;;;;;;;;;;0;0;0
;;;;;;;;;;;;;;;0;0;0
;;;;;;;;;;;;;;;0;0;0
;;;;;;;;;;;;;;;0;0;0
;;;;;;;;;;;;;;;0;0;0
;;;;;;;;;;;;;;;0;0;0
;;;;;;;;;;;;;;;0;0;0
;;;;;;;;;;;;;;;0;0;0
;;;;;;;;;;;;;;;0;0;0
;;;;;;;;;;;;;;;0;0;0
;;;;;;;;;;;;;;;0;0;0
;;;;;;;;;;;;;;;0;0;0
;;;;;;;;;;;;;;;0;0;0
;;;;;;;;;;;;;;;0;0;0
;;;;;;;;;;;;;;;0;0;0
;;;;;;;;;;;;;;;0;0;0
;;;;;;;;;;;;;;;0;0;0
;;;;;;;;;;;;;;;0;0;0
;;;;;;;;;;;;;;;0;0;0
;;;;;;;;;;;;;;;0;0;0
;;;;;;;;;;;;;;;0;0;0
;;;;;;;;;;;;;;;0;0;0
;;;;;;;;;;;;;;;0;0;0
;;;;;;;;;;;;;;;0;0;0
;;;;;;;;;;;;;;;0;0;0
eurepoc-2023-09-28-2957;Unknown Entity;US software provider for healthcare organizations and fire departments ESO Solutions was targeted with a ransomware attack resulting in the encryption of several of their computer systems and data theft affecting 2.7 million patients of affiliated clinics and hospitals on 28 September 2023.  The attackers were able to gain access to one machine containing sensitive data. The data compromised personal information, such as phone numbers, patient account/medical record number, injury type and date, diagnosis information, treatment type and date, procedure information, and social security numbers. Customers were notified on 12 December 2023.  Affected institutions include the Mississippi Baptist Medical Center, Community Health Systems Merit Health Biloxi, Merit Health River Oaks, ESO EMS Agency, Forrest Health Forrest General Hospital, HCA Healthcare Alaska Regional Hospital, Memorial Hospital at Gulfport Health System, Providence St Joseph Health (Providence Kodiak Island Medical Center), Providence Alaska Medical Center, Desert View Hospital, Ascension Providence Hospital in Waco, Tallahassee Memorial, Manatee Memorial Hospital, and CaroMont Health.;28.09.23 00:00;Non-EU;Linkability, Identifiability, Unawareness, Non-compliance;1;2;2;Extern (Intentional);Unknown;Unknown;Espionage;Network;EuRepoC;1;0;0
eurepoc-2023-08-01-3007;HMG Healthcare LLC;An unnamed threat actor breached the US Hospital Management Group (HMG) in August 2023, impacting 40 affiliated nursing facilities, the company disclosed in January 2024. According to the statement, they became aware of the data breach in November 2023. _The firm disclosed that unidentified hackers gained access to HMG servers and stole unencrypted files, exposing social security numbers and general personal information as well as health records, including general health information and treatment details.;01.08.23 00:00;Non-EU;Non-compliance;1;1;2;Extern (Intentional);Unknown;;Unknown;Hardware;EuRepoC;1;0;0
;;;;;;;;;;;;;;;0;0;0
;;;;;;;;;;;;;;;0;0;0
;;;;;;;;;;;;;;;0;0;0
;;;;;;;;;;;;;;;0;0;0
;;;;;;;;;;;;;;;0;0;0
;;;;;;;;;;;;;;;0;0;0
;;;;;;;;;;;;;;;0;0;0
eurepoc-2023-01-01-2937;ALPHV/BlackCat Ransomware Group;"The FBI infiltrated the ALPHV/BlackCat ransomware group in an effort to disrupt the criminal collective's operations, the US Department of Justice revealed on 19 December 2023. An unsealed search warrant accompanying the press release detailed the FBI's engagement of a confidential human source, who applied for and was granted access to BlackCat tools as an affiliate. Through a separate search warrant, the FBI received access to an affiliate panel known to the source, allowing the authorities to develop a deeper understanding of the ransomware network's operations. Based on the search warrant published on 19 December, the FBI subsequently obtained 946 public and private key pairs for BlackCat's victim communication, leak sites, and affiliate panels through which the group manages its operations on the Tor network. The warrant did not disclose by which means the FBI developed this visibility into the ransomware group's network.  The Deputy Attorney General, Lisa O. Monaco, broadly summarised the law enforcement intervention as having ""hacked the hackers"". Among the seized keys, the FBI gained possession of the public and private key pair for BlackCat's main leak register. Law enforcement rerouted the associated Tor address to a splashpage declaring that the site had been seized. As both law enforcement and BlackCat share access to the keys, both have been competing for control over the leak site, with BlackCat seeking to reclaim ownership.  The FBI developed a decryption tool, which based on the information gleaned from the seized victim communication sites, was made available to 500 organisations affected by ALPHV/BlackCat ransomware saving the targets $68 million.";01.01.23 00:00;Non-EU;Unawareness, Non-compliance;1;0;2;Extern (Intentional);Valid Accounts;Unknown;Disruption of Functionality;Network;EuRepoC;1;0;0
;;;;;;;;;;;;;;;0;0;0
;;;;;;;;;;;;;;;0;0;0
;;;;;;;;;;;;;;;0;0;0
;;;;;;;;;;;;;;;0;0;0
;;;;;;;;;;;;;;;0;0;0
;;;;;;;;;;;;;;;0;0;0
;;;;;;;;;;;;;;;0;0;0
;;;;;;;;;;;;;;;0;0;0
;;;;;;;;;;;;;;;0;0;0
;;;;;;;;;;;;;;;0;0;0
;;;;;;;;;;;;;;;0;0;0
;;;;;;;;;;;;;;;0;0;0
;;;;;;;;;;;;;;;0;0;0
;;;;;;;;;;;;;;;0;0;0
;;;;;;;;;;;;;;;0;0;0
;;;;;;;;;;;;;;;0;0;0
;;;;;;;;;;;;;;;0;0;0
;;;;;;;;;;;;;;;0;0;0
;;;;;;;;;;;;;;;0;0;0
;;;;;;;;;;;;;;;0;0;0
;;;;;;;;;;;;;;;0;0;0
;;;;;;;;;;;;;;;0;0;0
;;;;;;;;;;;;;;;0;0;0
;;;;;;;;;;;;;;;0;0;0
;;;;;;;;;;;;;;;0;0;0
;;;;;;;;;;;;;;;0;0;0
;;;;;;;;;;;;;;;0;0;0
;;;;;;;;;;;;;;;0;0;0
;;;;;;;;;;;;;;;0;0;0
;;;;;;;;;;;;;;;0;0;0
;;;;;;;;;;;;;;;0;0;0
;;;;;;;;;;;;;;;0;0;0
;;;;;;;;;;;;;;;0;0;0
eurepoc-2023-06-01-2890;e-devlet;In June 2023, the private data of Turkish citizens was offered for sale online. The data was stolen from e-devlet, Turkey's e-government platform, and included citizens' information, such as ID numbers, phone numbers, family members, full addresses, land registry records and education data. The leaked data is expected to also contain information of high-ranking state and government officials, including President Erdo_an and Turkey's main opposition leader, Kemal Kilicdaroglu. E-devllet is the central administrative portal in Turkey.;01.06.23 00:00;Non-EU;Identifiability, Unawareness, Non-compliance;2;1;2;Extern (Intentional);Unknown;Unknown;Unknown;Network;EuRepoC;1;0;0
;;;;;;;;;;;;;;;0;0;0
;;;;;;;;;;;;;;;0;0;0
;;;;;;;;;;;;;;;0;0;0
;;;;;;;;;;;;;;;0;0;0
;;;;;;;;;;;;;;;0;0;0
;;;;;;;;;;;;;;;0;0;0
;;;;;;;;;;;;;;;0;0;0
;;;;;;;;;;;;;;;0;0;0
;;;;;;;;;;;;;;;0;0;0
;;;;;;;;;;;;;;;0;0;0
;;;;;;;;;;;;;;;0;0;0
;;;;;;;;;;;;;;;0;0;0
;;;;;;;;;;;;;;;0;0;0
;;;;;;;;;;;;;;;0;0;0
;;;;;;;;;;;;;;;0;0;0
;;;;;;;;;;;;;;;0;0;0
;;;;;;;;;;;;;;;0;0;0
;;;;;;;;;;;;;;;0;0;0
;;;;;;;;;;;;;;;0;0;0
;;;;;;;;;;;;;;;0;0;0
;;;;;;;;;;;;;;;0;0;0
;;;;;;;;;;;;;;;0;0;0
;;;;;;;;;;;;;;;0;0;0
;;;;;;;;;;;;;;;0;0;0
;;;;;;;;;;;;;;;0;0;0
;;;;;;;;;;;;;;;0;0;0
;;;;;;;;;;;;;;;0;0;0
;;;;;;;;;;;;;;;0;0;0
;;;;;;;;;;;;;;;0;0;0
;;;;;;;;;;;;;;;0;0;0
;;;;;;;;;;;;;;;0;0;0
;;;;;;;;;;;;;;;0;0;0
;;;;;;;;;;;;;;;0;0;0
;;;;;;;;;;;;;;;0;0;0
;;;;;;;;;;;;;;;0;0;0
;;;;;;;;;;;;;;;0;0;0
;;;;;;;;;;;;;;;0;0;0
;;;;;;;;;;;;;;;0;0;0
;;;;;;;;;;;;;;;0;0;0
;;;;;;;;;;;;;;;0;0;0
;;;;;;;;;;;;;;;0;0;0
;;;;;;;;;;;;;;;0;0;0
;;;;;;;;;;;;;;;0;0;0
;;;;;;;;;;;;;;;0;0;0
;;;;;;;;;;;;;;;0;0;0
;;;;;;;;;;;;;;;0;0;0
;;;;;;;;;;;;;;;0;0;0
;;;;;;;;;;;;;;;0;0;0
;;;;;;;;;;;;;;;0;0;0
;;;;;;;;;;;;;;;0;0;0
;;;;;;;;;;;;;;;0;0;0
;;;;;;;;;;;;;;;0;0;0
;;;;;;;;;;;;;;;0;0;0
;;;;;;;;;;;;;;;0;0;0
;;;;;;;;;;;;;;;0;0;0
;;;;;;;;;;;;;;;0;0;0
;;;;;;;;;;;;;;;0;0;0
;;;;;;;;;;;;;;;0;0;0
;;;;;;;;;;;;;;;0;0;0
;;;;;;;;;;;;;;;0;0;0
;;;;;;;;;;;;;;;0;0;0
;;;;;;;;;;;;;;;0;0;0
;;;;;;;;;;;;;;;0;0;0
;;;;;;;;;;;;;;;0;0;0
;;;;;;;;;;;;;;;0;0;0
;;;;;;;;;;;;;;;0;0;0
;;;;;;;;;;;;;;;0;0;0
;;;;;;;;;;;;;;;0;0;0
;;;;;;;;;;;;;;;0;0;0
eurepoc-2023-02-23-2786;Hankins and Sohn;Unknown hackers stole and published sensitive data from the plastic surgeon's practice Hankins & Sohn, which operates offices in Henderson and Las Vegas, in February 2023. The data, including sensitive personal information as well as nude images, taken for medical purposes, was published online and shared with the victim's friends and family. A class-action lawsuit filed by victims against Hankins & Sohn accuses the practice of failing to implement adequate and reasonable cybersecurity procedures and protocols, noting that disclosed photos did not appear to have been encrypted. The FBI has launched an investigation into the data breach.;23.02.23 00:00;Non-EU;Unawareness, Non-compliance;2;0;2;Extern (Intentional);Unknown;Unknown;Unknown;Services provided by supplier;EuRepoC;1;0;0
;;;;;;;;;;;;;;;0;0;0
eurepoc-2023-07-28-2780;McLaren Health Care Corporation;McLaren Health Care, a nonprofit healthcare service operating in the US states of Michigan and Indiana, has announced a data breach affecting close to 2.2 million individuals. First signs of the breach trace back to 28 July 2023. The ransomware group ALPHV/BlackCat claimed responsibility for the attack, adding McLaren Health Care to its leak site on 4 October and threatening to auction off any files obtained from McLaren within 72 hours. The compromised data varied by case but included names, national insurance numbers, health insurance information, dates of birth, billing and claims information, diagnoses, physician information, medical record numbers, Medicare/Medicaid information, prescription and medication information, and diagnosis results and treatment information.;28.07.23 00:00;Non-EU;Linkability, Identifiability, Unawareness, Non-compliance;1;1;2;Extern (Intentional);Unknown;Unknown;Profit-Oriented;Unknown;EuRepoC;1;0;0
;;;;;;;;;;;;;;;0;0;0
;;;;;;;;;;;;;;;0;0;0
;;;;;;;;;;;;;;;0;0;0
;;;;;;;;;;;;;;;0;0;0
;;;;;;;;;;;;;;;0;0;0
;;;;;;;;;;;;;;;0;0;0
;;;;;;;;;;;;;;;0;0;0
;;;;;;;;;;;;;;;0;0;0
;;;;;;;;;;;;;;;0;0;0
;;;;;;;;;;;;;;;0;0;0
;;;;;;;;;;;;;;;0;0;0
;;;;;;;;;;;;;;;0;0;0
;;;;;;;;;;;;;;;0;0;0
;;;;;;;;;;;;;;;0;0;0
;;;;;;;;;;;;;;;0;0;0
;;;;;;;;;;;;;;;0;0;0
;;;;;;;;;;;;;;;0;0;0
;;;;;;;;;;;;;;;0;0;0
;;;;;;;;;;;;;;;0;0;0
;;;;;;;;;;;;;;;0;0;0
;;;;;;;;;;;;;;;0;0;0
;;;;;;;;;;;;;;;0;0;0
;;;;;;;;;;;;;;;0;0;0
;;;;;;;;;;;;;;;0;0;0
;;;;;;;;;;;;;;;0;0;0
;;;;;;;;;;;;;;;0;0;0
;;;;;;;;;;;;;;;0;0;0
;;;;;;;;;;;;;;;0;0;0
;;;;;;;;;;;;;;;0;0;0
;;;;;;;;;;;;;;;0;0;0
;;;;;;;;;;;;;;;0;0;0
;;;;;;;;;;;;;;;0;0;0
;;;;;;;;;;;;;;;0;0;0
;;;;;;;;;;;;;;;0;0;0
;;;;;;;;;;;;;;;0;0;0
;;;;;;;;;;;;;;;0;0;0
;;;;;;;;;;;;;;;0;0;0
;;;;;;;;;;;;;;;0;0;0
;;;;;;;;;;;;;;;0;0;0
;;;;;;;;;;;;;;;0;0;0
;;;;;;;;;;;;;;;0;0;0
;;;;;;;;;;;;;;;0;0;0
;;;;;;;;;;;;;;;0;0;0
;;;;;;;;;;;;;;;0;0;0
;;;;;;;;;;;;;;;0;0;0
;;;;;;;;;;;;;;;0;0;0
;;;;;;;;;;;;;;;0;0;0
;;;;;;;;;;;;;;;0;0;0
;;;;;;;;;;;;;;;0;0;0
;;;;;;;;;;;;;;;0;0;0
;;;;;;;;;;;;;;;0;0;0
;;;;;;;;;;;;;;;0;0;0
;;;;;;;;;;;;;;;0;0;0
;;;;;;;;;;;;;;;0;0;0
;;;;;;;;;;;;;;;0;0;0
;;;;;;;;;;;;;;;0;0;0
;;;;;;;;;;;;;;;0;0;0
;;;;;;;;;;;;;;;0;0;0
;;;;;;;;;;;;;;;0;0;0
;;;;;;;;;;;;;;;0;0;0
;;;;;;;;;;;;;;;0;0;0
;;;;;;;;;;;;;;;0;0;0
;;;;;;;;;;;;;;;0;0;0
;;;;;;;;;;;;;;;0;0;0
;;;;;;;;;;;;;;;0;0;0
;;;;;;;;;;;;;;;0;0;0
;;;;;;;;;;;;;;;0;0;0
;;;;;;;;;;;;;;;0;0;0
;;;;;;;;;;;;;;;0;0;0
;;;;;;;;;;;;;;;0;0;0
;;;;;;;;;;;;;;;0;0;0
;;;;;;;;;;;;;;;0;0;0
;;;;;;;;;;;;;;;0;0;0
;;;;;;;;;;;;;;;0;0;0
;;;;;;;;;;;;;;;0;0;0
;;;;;;;;;;;;;;;0;0;0
;;;;;;;;;;;;;;;0;0;0
;;;;;;;;;;;;;;;0;0;0
;;;;;;;;;;;;;;;0;0;0
;;;;;;;;;;;;;;;0;0;0
;;;;;;;;;;;;;;;0;0;0
;;;;;;;;;;;;;;;0;0;0
;;;;;;;;;;;;;;;0;0;0
;;;;;;;;;;;;;;;0;0;0
;;;;;;;;;;;;;;;0;0;0
;;;;;;;;;;;;;;;0;0;0
;;;;;;;;;;;;;;;0;0;0
;;;;;;;;;;;;;;;0;0;0
;;;;;;;;;;;;;;;0;0;0
;;;;;;;;;;;;;;;0;0;0
;;;;;;;;;;;;;;;0;0;0
;;;;;;;;;;;;;;;0;0;0
;;;;;;;;;;;;;;;0;0;0
;;;;;;;;;;;;;;;0;0;0
;;;;;;;;;;;;;;;0;0;0
;;;;;;;;;;;;;;;0;0;0
;;;;;;;;;;;;;;;0;0;0
;;;;;;;;;;;;;;;0;0;0
;;;;;;;;;;;;;;;0;0;0
;;;;;;;;;;;;;;;0;0;0
;;;;;;;;;;;;;;;0;0;0
;;;;;;;;;;;;;;;0;0;0
;;;;;;;;;;;;;;;0;0;0
;;;;;;;;;;;;;;;0;0;0
;;;;;;;;;;;;;;;0;0;0
;;;;;;;;;;;;;;;0;0;0
;;;;;;;;;;;;;;;0;0;0
;;;;;;;;;;;;;;;0;0;0
;;;;;;;;;;;;;;;0;0;0
;;;;;;;;;;;;;;;0;0;0
;;;;;;;;;;;;;;;0;0;0
;;;;;;;;;;;;;;;0;0;0
;;;;;;;;;;;;;;;0;0;0
;;;;;;;;;;;;;;;0;0;0
;;;;;;;;;;;;;;;0;0;0
;;;;;;;;;;;;;;;0;0;0
;;;;;;;;;;;;;;;0;0;0
;;;;;;;;;;;;;;;0;0;0
;;;;;;;;;;;;;;;0;0;0
;;;;;;;;;;;;;;;0;0;0
;;;;;;;;;;;;;;;0;0;0
;;;;;;;;;;;;;;;0;0;0
;;;;;;;;;;;;;;;0;0;0
;;;;;;;;;;;;;;;0;0;0
;;;;;;;;;;;;;;;0;0;0
;;;;;;;;;;;;;;;0;0;0
;;;;;;;;;;;;;;;0;0;0
;;;;;;;;;;;;;;;0;0;0
;;;;;;;;;;;;;;;0;0;0
;;;;;;;;;;;;;;;0;0;0
;;;;;;;;;;;;;;;0;0;0
;;;;;;;;;;;;;;;0;0;0
;;;;;;;;;;;;;;;0;0;0
;;;;;;;;;;;;;;;0;0;0
;;;;;;;;;;;;;;;0;0;0
;;;;;;;;;;;;;;;0;0;0
;;;;;;;;;;;;;;;0;0;0
;;;;;;;;;;;;;;;0;0;0
;;;;;;;;;;;;;;;0;0;0
;;;;;;;;;;;;;;;0;0;0
;;;;;;;;;;;;;;;0;0;0
;;;;;;;;;;;;;;;0;0;0
;;;;;;;;;;;;;;;0;0;0
;;;;;;;;;;;;;;;0;0;0
;;;;;;;;;;;;;;;0;0;0
;;;;;;;;;;;;;;;0;0;0
;;;;;;;;;;;;;;;0;0;0
;;;;;;;;;;;;;;;0;0;0
;;;;;;;;;;;;;;;0;0;0
eurepoc-2023-07-02-2582;"Johnson & Johnson Health Care Systems (""Janssen"")";"Janssen CarePath, a patient service of Johnson & Johnson Health Care Systems, Inc. (""Janssen"") sustained a data breach resulting in the possible theft of sensitive patient data. Unauthorized actors developed access to personal information stored within a third-party database supporting Janssen CarePath, IBM - which manages the database of the third-party provider - detected on 2 August 2023. The data breach affected contact details, dates of birth, health insurance and medical information of enrolled patients going back to 2 July 2023, indicating that the infiltration occurred around this time or targeted a back-up containing this information.";02.07.23 00:00;Non-EU;Non-compliance;1;1;2;Extern (Intentional);Unknown;Unknown;Unknown;Software, Services, Systems;EuRepoC;1;1;0
;;;;;;;;;;;;;;;0;0;0
;;;;;;;;;;;;;;;0;0;0
;;;;;;;;;;;;;;;0;0;0
;;;;;;;;;;;;;;;0;0;0
;;;;;;;;;;;;;;;0;0;0
;;;;;;;;;;;;;;;0;0;0
;;;;;;;;;;;;;;;0;0;0
;;;;;;;;;;;;;;;0;0;0
;;;;;;;;;;;;;;;0;0;0
;;;;;;;;;;;;;;;0;0;0
;;;;;;;;;;;;;;;0;0;0
;;;;;;;;;;;;;;;0;0;0
;;;;;;;;;;;;;;;0;0;0
;;;;;;;;;;;;;;;0;0;0
;;;;;;;;;;;;;;;0;0;0
;;;;;;;;;;;;;;;0;0;0
;;;;;;;;;;;;;;;0;0;0
;;;;;;;;;;;;;;;0;0;0
;;;;;;;;;;;;;;;0;0;0
;;;;;;;;;;;;;;;0;0;0
;;;;;;;;;;;;;;;0;0;0
;;;;;;;;;;;;;;;0;0;0
;;;;;;;;;;;;;;;0;0;0
;;;;;;;;;;;;;;;0;0;0
eurepoc-2023-01-01-2542;Digital ID - Greater Manchester Police - Greater London Metropolitan Police;"In a recent cybersecurity incident that first affected the Greater London Metropolitan Police, and has now also affected Greater Manchester Police (GMP), it has been revealed that a third party provider, Digital ID, has fallen victim to a ransomware attack. Digital ID, a firm in Stockport which makes ID cards, holds information on various UK organisations. The security breach involved the theft of sensitive data from 47,000 Greater London Metropolitan Police officers. This included important data such as names, ranks, photographs, vetting levels, salary numbers and various other forms of intra-agency identification. Among the officers affected were members of counter-terrorism units responsible for protecting the Royal Family, as well as undercover officers who were subsequently withdrawn from their assignments. The seriousness of this security breach prompted the Deputy Chairman of the Metropolitan Police Federation to warn of the possible misuse of the stolen data, which could cause ""incalculable damage"". In addition to the Greater London Metropolitan Police, it was revealed on 14 September that the Greater Manchester Police was also affected by the security breach, in which personal data of over 12,500 officers and staff was stolen. The security breach exposed data on officers' warrant cards, raising concerns about the potential impact on officer safety and ongoing investigations. Both law enforcement agencies immediately reported the incidents to the National Crime Agency and the UK Information Commissioner's Office, highlighting the importance of robust cybersecurity measures to protect sensitive law enforcement data. These incidents underscore the vulnerability of third-party providers entrusted with law enforcement data and highlight the need for comprehensive security strategies in the face of evolving cyber threats.";01.01.23 00:00;Non-EU;Identifiability, Unawareness;1;1;2;Extern (Intentional);Unknown;;Profit-Oriented;Unknown;EuRepoC;1;0;0
;;;;;;;;;;;;;;;0;0;0
eurepoc-2023-01-16-2543;PurFoods;US-based pre-prepared meal delivery service PurFoods was hit by a ransomware attack by unknown actors between 16 January and 22 February 2023. PurFoods operates as the parent organization of Mom's Meals, which provides meal options adjusted to customer health conditions. The incident resulted in the encryption of files within PurFoods' network as well as the theft of personal information affecting 1.2 million clients and employees. The latter included Medicare/Medicaid information, driver’s license and state identification numbers, financial account information, payment card information, treatment/health information, health insurance information, ordered meal categories, and in a few cases social security numbers.;16.01.23 00:00;Non-EU;No Label;1;1;2;Extern (Intentional);Unknown;Unknown;Disruption of Functionality;Network;EuRepoC;1;0;0
;;;;;;;;;;;;;;;0;0;0
;;;;;;;;;;;;;;;0;0;0
;;;;;;;;;;;;;;;0;0;0
;;;;;;;;;;;;;;;0;0;0
;;;;;;;;;;;;;;;0;0;0
;;;;;;;;;;;;;;;0;0;0
;;;;;;;;;;;;;;;0;0;0
;;;;;;;;;;;;;;;0;0;0
;;;;;;;;;;;;;;;0;0;0
;;;;;;;;;;;;;;;0;0;0
;;;;;;;;;;;;;;;0;0;0
;;;;;;;;;;;;;;;0;0;0
;;;;;;;;;;;;;;;0;0;0
;;;;;;;;;;;;;;;0;0;0
;;;;;;;;;;;;;;;0;0;0
eurepoc-2023-04-04-2518;Morris Hospital & Healthcare Centers;The Morris Hospital & Healthcare Centers (Morris Hospital), an Illinois-based healthcare facility (USA), fell victim to a serious cyberattack that compromised the personal information of former and current patients, employees and that of their families. The attack, identified by Morris Hospital on 4 April 2023 and most likely initiated by the 'Royal' ransomware gang, resulted in the exposure of sensitive data such as medical record numbers, diagnosis codes and other confidential information. The attackers managed to penetrate Morris Hospital's systems and exfiltrate data, which was subsequently published on the Royal Ransomware's dark web blog in May. Morris Hospital has begun notifying affected individuals and clarifying the extent of the intrusion. A letter sent by the hospital to the Maine Attorney General's Office shows that a total of 248,943 people were affected by the attack. The information disclosed includes names, addresses, national insurance numbers, medical record numbers, codes for diagnoses and treatments, and dates of birth of employees and their dependents who were patients of the hospital.;04.04.23 00:00;Non-EU;Linkability, Identifiability, Unawareness, Non-compliance;2;1;2;Extern (Intentional);Unknown;Unknown;Profit-Oriented;Unknown;EuRepoC;1;1;0
;;;;;;;;;;;;;;;0;0;0
;;;;;;;;;;;;;;;0;0;0
;;;;;;;;;;;;;;;0;0;0
;;;;;;;;;;;;;;;0;0;0
;;;;;;;;;;;;;;;0;0;0
eurepoc-2023-06-01-2509;Coastal Orthopedics (Florida, USA);"An unknown actor compromised the networks of Coastal Orthopedics in Florida during June 2023. According to public reporting by the Bradenton Herald, ""sensitive information — including Social Security numbers, birthdays and addresses — for current and former patients"" may have been compromised. Coastal Orthopedics became aware of the incident around 11 June. Investigations were still ongoing at the time of reporting. The company's incident notices cautions that stolen data may have included ""names, Social Security numbers, patient identification numbers, medical record numbers, diagnosis information, other medical information, addresses, driver’s license number, health insurance information, financial account information, and dates of birth."" Public reporting did not indicate whether the incident involved the deployment of ransomware.";01.06.23 00:00;Non-EU;Linkability, Identifiability, Non-compliance;1;2;2;Extern (Intentional);Unknown;Unknown;Profit-Oriented;Network;EuRepoC;1;1;0
;;;;;;;;;;;;;;;0;0;0
;;;;;;;;;;;;;;;0;0;0
;;;;;;;;;;;;;;;0;0;0
;;;;;;;;;;;;;;;0;0;0
;;;;;;;;;;;;;;;0;0;0
;;;;;;;;;;;;;;;0;0;0
;;;;;;;;;;;;;;;0;0;0
;;;;;;;;;;;;;;;0;0;0
;;;;;;;;;;;;;;;0;0;0
;;;;;;;;;;;;;;;0;0;0
;;;;;;;;;;;;;;;0;0;0
;;;;;;;;;;;;;;;0;0;0
;;;;;;;;;;;;;;;0;0;0
;;;;;;;;;;;;;;;0;0;0
;;;;;;;;;;;;;;;0;0;0
;;;;;;;;;;;;;;;0;0;0
;;;;;;;;;;;;;;;0;0;0
;;;;;;;;;;;;;;;0;0;0
eurepoc-2023-07-26-2497;Roberto Polizzi Plastic Surgery Clinic in Belo Horizonte (Brazil);A group of hackers calling themselves 'Thesnake02' targeted the Roberto Polizzi Plastic Surgery Clinic in Belo Horizonte, Brazil, and stole approximately 1.25GB of private patient data and leaked it on 26 July 2023.  The breach revealed a wide array of compromised data, encompassing confidential patient information, surgery-related nude images, personally identifiable information (PII), WhatsApp messages, audio recordings, receipts, CVs, invoices, internal clinic documents, contact details, as well as national insurance numbers and driving licences.;26.07.23 00:00;Non-EU;Unawareness, Non-compliance;2;0;2;Extern (Intentional);Unknown;Unknown;Unknown;Unknown;EuRepoC;1;0;0
;;;;;;;;;;;;;;;0;0;0
;;;;;;;;;;;;;;;0;0;0
;;;;;;;;;;;;;;;0;0;0
;;;;;;;;;;;;;;;0;0;0
;;;;;;;;;;;;;;;0;0;0
;;;;;;;;;;;;;;;0;0;0
;;;;;;;;;;;;;;;0;0;0
;;;;;;;;;;;;;;;0;0;0
;;;;;;;;;;;;;;;0;0;0
;;;;;;;;;;;;;;;0;0;0
;;;;;;;;;;;;;;;0;0;0
;;;;;;;;;;;;;;;0;0;0
;;;;;;;;;;;;;;;0;0;0
;;;;;;;;;;;;;;;0;0;0
;;;;;;;;;;;;;;;0;0;0
;;;;;;;;;;;;;;;0;0;0
;;;;;;;;;;;;;;;0;0;0
;;;;;;;;;;;;;;;0;0;0
;;;;;;;;;;;;;;;0;0;0
;;;;;;;;;;;;;;;0;0;0
;;;;;;;;;;;;;;;0;0;0
;;;;;;;;;;;;;;;0;0;0
;;;;;;;;;;;;;;;0;0;0
;;;;;;;;;;;;;;;0;0;0
;;;;;;;;;;;;;;;0;0;0
;;;;;;;;;;;;;;;0;0;0
;;;;;;;;;;;;;;;0;0;0
;;;;;;;;;;;;;;;0;0;0
;;;;;;;;;;;;;;;0;0;0
;;;;;;;;;;;;;;;0;0;0
;;;;;;;;;;;;;;;0;0;0
;;;;;;;;;;;;;;;0;0;0
;;;;;;;;;;;;;;;0;0;0
;;;;;;;;;;;;;;;0;0;0
;;;;;;;;;;;;;;;0;0;0
eurepoc-2023-05-12-2448;Tampa General Hospital;Tampa General Hospital (TGH), a well-known non-profit private hospital in Tampa, FL (US), recently announced a data theft that affected 1.2 million patients. Unknown threat actors attempted to encrypt the hospital's systems with ransomware over a period of nearly three weeks in May. Although the attack was repelled, the hospital confirmed that unauthorised third parties gained access to its network between 12 and 30 May. Although the hackers were prevented from encrypting the hospital's data, certain files containing sensitive patient data such as names, addresses, phone numbers, dates of birth, national insurance numbers, health insurance information, medical record numbers, patient account numbers, dates of services and certain dates of treatment as well as limited treatment information were compromised. Tampa General Hospital has since hired an outside forensic firm to investigate the incident and has continually updated and improved the security of its systems. A spokesperson for the hospital called media reports suggesting leaks of TGH data by the ransomware group Snatch Team inaccurate.;12.05.23 00:00;Non-EU;Linkability, Identifiability, Non-compliance;1;2;2;Extern (Intentional);Unknown;Unknown;Profit-Oriented;Network;EuRepoC;1;0;0
;;;;;;;;;;;;;;;0;0;0
;;;;;;;;;;;;;;;0;0;0
;;;;;;;;;;;;;;;0;0;0
;;;;;;;;;;;;;;;0;0;0
;;;;;;;;;;;;;;;0;0;0
;;;;;;;;;;;;;;;0;0;0
eurepoc-2023-04-13-2438;Dr. Motykie Plastic Surgery;"An unknown actor stole information of 3,461 patients from Dr Gary Motykie's plastic surgery practice (USA) on 13 April 2023, as legal counsel of the practice reported to Maine's Attorney General on 23 June 2023.  The data breach notification from the plastic surgery practice stated that the stolen information may include patient names; social security numbers (if provided); addresses; Driving licence or identification card numbers; financial account or payment card details; intake forms, which may include medical information and history; images taken in connection with the services rendered at the practice; as well as health insurance information (if provided).  On 5 June 2023, the hackers began leaking samples of the stolen information and demanded $2.5 million from Dr Gary Motykie for the deletion. The leaked information included pictures of the patients, including their faces and/or their exposed chests, together with their personal information. In addition to pictures of patients, the leak site also hosts photos and videos that appear to show Dr Motykie as well as his brother engaging in intimate acts. Whether these files had been obtained from the same server as the patient files was not immediately clear. Over the course of leaking stolen information, the hackers contacted affected patients directly to demand money from them to delete their leaked information, several of whom seemed to have followed these demands.";13.04.23 00:00;Non-EU;Linkability, Identifiability, Non-compliance;2;2;2;Extern (Intentional);Unknown;Unknown;Unknown;Hardware;EuRepoC;1;1;0
eurepoc-2023-03-31-2435;Phoenician Medical Center;An unauthorized party gained access to the IT systems of the Phoenician Medical Center in Arizona on 31 March 2023. The Center notified 162,000 patients about the disruption of their systems and the theft of personal data, including the patient names, contact and demographic information, state ID, date of birth, diagnosis, treatment and prescription information, medical record numbers, name of healthcare provider, and date(s) of service.;31.03.23 00:00;Non-EU;Identifiability, Non-compliance;1;1;2;Unknown;Unknown;Unknown;Disruption of Functionality;Unknown;EuRepoC;1;0;0
;;;;;;;;;;;;;;;0;0;0
;;;;;;;;;;;;;;;0;0;0
;;;;;;;;;;;;;;;0;0;0
;;;;;;;;;;;;;;;0;0;0
;;;;;;;;;;;;;;;0;0;0
;;;;;;;;;;;;;;;0;0;0
eurepoc-2023-05-15-2427;Unknown Entity;"Storm-0558, a group with suspected state links, gained access to email accounts of approximately 25 organizations, including government agencies, beginning on 15 May 2023. Other related consumer accounts were potentially compromised as well. Microsoft assessed with moderate confidence that the actor is China-based. In response to a media question, State Department spokesperson Matthew Miller on 12 July expressed that the US government had no reason to doubt Microsoft's conclusions but had not made its own attribution at this time.  The Washington Post reported that the US Department of State, the US Department of Commerce, a congressional staffer, a US human rights advocate, and US think tanks were affected. Citing anonymous officials, the report names Commerce Secretary Gina Raimondo as among the senior government representatives individually targeted in the operation. On 16 July, US National Security Advisor Jack Sullivan told CNN that the hacked email accounts were not classified and no secret/confidential data from state agencies could have been obtained by the hackers. Secretary of State Antony Blinken is said to have raised the issue with China's leading diplomat Wang Yi during a meeting in Jakarta, according to the same news report.  On 20 July 2023, the Wall Street Journal reported that these same Beijing-linked threat actors had also managed to access the email accounts of key US diplomats, including the US ambassador to China, Nicholas Burns, and the Assistant Secretary of State for East Asia, Daniel Kritenbrink.  On 27 July 2023 US Senator Ron Wyden (D-OR) asked the Department of Justice (DOJ), Federal Trade Commission (FTC) and Cybersecurity and Infrastructure Security Agency (CISA) in a letter to investigate whether negligent security practices of Microsoft allowed this breach to happen. In a technical report dated 6 September 2023, Microsoft explained that a crash on the consumer signing system in April 2021 resulted in the acquisition of the consumer key by the threat actor.  As the crash dump was believed to contain no sensitive data, it was moved from the isolated production environment to the debug environment on the internet-connected corporate network. Storm-0558 had subsequently compromised a corporate network account belonging to a Microsoft engineer. The account had access to the debug environment with the crash dump, which mistakenly contained the key. On 27 September 2023, Reuters reported that 60,000 emails were stolen from 10 State Department email accounts, a staffer of republican senator Eric Schmitt was told in a briefing by State Department IT officials. Nine of those email accounts belonged to people working in East Asia and the Pacific, and one email account belonged to a person working in Europe. Senator Eric Schmitt, wrote in an email to Reuters that ""we need to harden our defences against these types of cyber attacks"". Some affected institutions could not trace evidence of a breach as that would have required expanded logging, which is only available for premium clients. After criticism by the United States National Security Council and the Cybersecurity and Infrastructure Security Agency (USA), Microsoft rolled out expanded logging at the end of February 2024. On 20 March 2024, the US Cyber Safety Review Board, which investigated the role Microsoft played in the intrusion, concluded that the intrusion was an ""avoidable error"" due to ""deprioritizing security"" that could have been prevented. According to the Board's review, industry had identified links between Storm-0558 and Operation Aurora, which in 2009 targeted Google alongside over twenty other companies, and the 2011 supply chain compromise involving RSA SecurID. The Board criticized the provider for lacking security and monitoring measures and urged Microsoft to focus on security first. Another response came from Senator Ron Wyden, D-Ore., who released a draft legislation on 8 April 2024 to set mandatory cybersecurity standards, directly referencing the incident.";15.05.23 00:00;Non-EU;Identifiability, Unawareness, Non-compliance;1;1;2;Intern (Accidental);Drive-by Compromise, Valid Accounts;Unknown;Espionage;Network;EuRepoC;1;0;0
;;;;;;;;;;;;;;;0;0;0
;;;;;;;;;;;;;;;0;0;0
;;;;;;;;;;;;;;;0;0;0
;;;;;;;;;;;;;;;0;0;0
;;;;;;;;;;;;;;;0;0;0
;;;;;;;;;;;;;;;0;0;0
;;;;;;;;;;;;;;;0;0;0
eurepoc-2023-06-29-2414;Atherfield Medical & Skin Cancer Clinic;An unknown affiliate of the ransomware group 'Cyclops' gained access to the network of the Atherfield Medical & Skin Cancer Clinic in Australia and stole patient information, Cyclops announced on 29 June 2023 when members leaked data alleged obtained from the clinic as proof.  The sample disclosed on 29 June revealed patient names and treatment information as well as banking details of doctors, although individual files appeared to be password-protected, the independent incident monitor DataBreaches.net reported on 5 July.  A practice manager at the affected clinic confirmed to DataBreaches unauthorized access to the clinic's network and that data had been stolen and leaked on 1 July.;29.06.23 00:00;Non-EU;Identifiability, Unawareness, Non-compliance;2;1;2;Extern (Intentional);Unknown;Unknown;Profit-Oriented;Network;EuRepoC;1;0;0
;;;;;;;;;;;;;;;0;0;0
;;;;;;;;;;;;;;;0;0;0
;;;;;;;;;;;;;;;0;0;0
eurepoc-2023-03-24-2411;CH Media - Neue Züricher Zeitung (NZZ) - FM1 - FM1 Today - Vogt-Schild - TVO;The 'Play' ransomware group disrupted the network of the Swiss media company Neue Züricher Zeitung (NZZ) with ransomware, affecting other Swiss media on 24 March 2023, the Swiss IT magazine Inside IT reported the same day based on information provided by the victims.  Besides NZZ, the incident also affected CH Media, as both media companies rely on shared IT infrastructure. The criminal group leaked 500 GB of data obtained from NZZ, including employee and possibly customer data, as well as files exfiltrated from CH Media. Within CH Media, the radio station FM1, its digital counterpart FM1 Today and the TV station TVO were named as specific victims. The incident left FM1 without access to the database used to play music. Both NZZ and CH Media subsequently declared to not have paid any ransom. The incident gained prominence when the Play ransomware group published email addresses of subscribers for the March 2023 issue of Swiss Review on the darknet in mid-May. Swiss Review is a magazine for Swiss citizens abroad, published six times a year to inform those citizens about what is happening in Switzerland. On 21 June, the Federal Department of Foreign Affairs (FDFA) confirmed the incident and traced the compromise back to an intrusion at the Swiss printing company Vogt-Schild, which includes the media companies NZZ and CH Media. The data theft happened after the FDFA sent the current addresses to the Vogt-Schild printing company so that it could issue the Swiss Review. As of 4 July, it remained unclear how the ransomware group got hold of the email and postal addresses of Swiss citizens abroad, given that the FDFA transmits these contact details through encrypted channels and regulations require these records be stored in an encrypted format. A member of the Swiss National Council for the Swiss People's Party, Franz Grüter, voiced concern that such stolen information could be exploited for election advertising, especially after the reintroduction of electronic voting in 2023.;24.03.23 00:00;Non-EU;Unawareness, Non-compliance;2;1;2;Extern (Intentional);Unknown;Unknown;Disruption of Functionality;Software, Services, Systems;EuRepoC;1;0;0
;;;;;;;;;;;;;;;0;0;0
;;;;;;;;;;;;;;;0;0;0
;;;;;;;;;;;;;;;0;0;0
;;;;;;;;;;;;;;;0;0;0
;;;;;;;;;;;;;;;0;0;0
;;;;;;;;;;;;;;;0;0;0
;;;;;;;;;;;;;;;0;0;0
;;;;;;;;;;;;;;;0;0;0
;;;;;;;;;;;;;;;0;0;0
;;;;;;;;;;;;;;;0;0;0
eurepoc-2023-06-28-2398;Not available - Not available - Dozor;"Dozor, a Russian satellite telecommunications provider that services power lines, oil fields was hit by a cyberattack from unnamed hackers on 28 June 2023. Initial reports also referred to but also parts of the Russian military and Federal Security Service (FSB) as Dozor clients. A company executive denied that Dozor was providing services to the Russian Ministry of Defense. The hack resulted in destruction of information, leakage of communications between the satellite provider and the Federal Security Service, stoppage of services. The group in parallel conducted defacements against four unrelated Russian websites to post messages in support of the Wagner Group, which four days earlier marched on Moscow in a brief violent revolt in an apparent challenge to Russia's top military leadership.  The group claimed to be the Wagner group, using insignia from the group, but analysts believe that it may have been a Ukrainian campaign masquerading as Wagner to cause unrest. The identity of the group remains unclear as of 30 June. On June 30, the general director of ""Dozor-Teleport"" and the first deputy general director of ""Amtel-Svyaz"" Alexander Anosov confirmed the cyber incident and explained that the cloud provider's infrastructure had been compromised.";28.06.23 00:00;Non-EU;Unawareness;2;0;2;Extern (Intentional);Unknown;Unknown;Disruption of Functionality;Unknown;EuRepoC;1;0;0
;;;;;;;;;;;;;;;0;0;0
;;;;;;;;;;;;;;;0;0;0
;;;;;;;;;;;;;;;0;0;0
;;;;;;;;;;;;;;;0;0;0
;;;;;;;;;;;;;;;0;0;0
;;;;;;;;;;;;;;;0;0;0
eurepoc-2023-01-20-2383;Atlantic General Hospital;Unknown actors gained targeted the computer systems of the Atlantic General Hospital in the city of Berlin, Maryland, with an ransomware attack beginning on 20 January 2023. The threat actors compromised sensitive information of nearly 137,000 patients, including names, social security numbers, dates of birth, financial account information, medical/treatment information, and health insurance information.;20.01.23 00:00;Non-EU;Linkability, Identifiability, Unawareness, Non-compliance;2;2;2;Extern (Intentional);Unknown;Unknown;Disruption of Functionality;Network;EuRepoC;1;0;0
;;;;;;;;;;;;;;;0;0;0
;;;;;;;;;;;;;;;0;0;0
;;;;;;;;;;;;;;;0;0;0
;;;;;;;;;;;;;;;0;0;0
;;;;;;;;;;;;;;;0;0;0
eurepoc-2023-02-01-2382;Capital One - NCB Management Services - Bank of America;Unknown actors gained access to the network of debt buyer NCB Management Services and stole personal information from customers of other banks during 1-6 February 2023. NCB Management Services reported the cyber incident, among other state authorities, to the Maine Attorney General's office as early as 24 March. In this notification, NCB Management Services announced that customer information related to credit card accounts mainted by Bank of America had been stolen. This customer information may have included customer names, addresses, phone numbers, email addresses, dates of birth, employment position, pay amounts, driver's license numbers, social security numbers, account numbers, credit card numbers, routing numbers, account balance, and/or account status. In an initial notification about the data breach from 24 March, NCB had listed the number of affected customers as almost half a million. A subsequent incident notification from 19 May put the number at one million affected individuals. On 26 May, the financial services provider Capital One submitted that information from their customers had also been stolen as part of the breach of NCB Management Services. Affected records included details regarding customer names, physical addresses, social security Numbers, account number, and/or account status.;01.02.23 00:00;Non-EU;Linkability, Identifiability, Non-compliance;1;2;2;Extern (Intentional);Unknown;Unknown;Profit-Oriented;Software, Services, Systems;EuRepoC;1;0;0
;;;;;;;;;;;;;;;0;0;0
eurepoc-2023-04-18-2380;Senior Residence Williamsport Home (USA);Unknown actors gained access to internal systems of senior residence Williamsport Home in Pennsylvania during  18-23 April 2023, Williamsport Home reported in a press release.  The press release said that information may have been stolen from the network. This stolen information may have included names, addresses, birth dates, admission dates, discharge dates, death dates, medical record numbers, provider or facility names, medical condition, diagnosis and/or treatment information, lab results, medications, payment amount history information, insurance payment amount information, dates of services, social security numbers, financial account information, credit card numbers, medical information, health insurance information, driver's license or state identification numbers, passport numbers, and any information on an individual that was created, used, or disclosed in the course of providing health care services. On the same day, Senior Choice, a network of senior residences, issued an near-identically phrased press release. It is unclear whether the incidents are related or whether they had a ransomware component.;18.04.23 00:00;Non-EU;Linkability, Identifiability, Unawareness, Non-compliance;1;2;2;Extern (Intentional);Unknown;Unknown;Profit-Oriented;Network;EuRepoC;1;1;0
eurepoc-2023-04-18-2379;The Atrium - The Patriot - Beacon Ridge;Unknown actors gained access to internal systems of three different senior residences - The Atrium in Johnstown, Beacon Ridge in Indiana, and The Patriot in Somerset -  of the care network Senior Choice during the period of 18-24 April 2023, Senior Choice disclosed in a press release. The press release stated that information may have been stolen from the compromised networks. This stolen information may have included names, addresses, birth dates, admission dates, discharge dates, death dates, medical record numbers, provider or facility names, medical condition, diagnosis and/or treatment information, lab results, medications, payment amount history information, insurance payment amount information, dates of services, Social Security numbers, financial account information, credit card numbers, medical information, health insurance information, driver's license or state identification numbers, passport numbers, and any information on an individual that was created, used, or disclosed in the course of providing health care services. On the same day, Williamsport Home, another independent senior residence, issued a near-identically phrased press release. Whether both incidents are related or involved ransomware could not immediately be independently verified.;18.04.23 00:00;Non-EU;Linkability, Identifiability, Unawareness, Non-compliance;1;2;2;Extern (Intentional);Unknown;Unknown;Profit-Oriented;Network;EuRepoC;1;1;0
;;;;;;;;;;;;;;;0;0;0
;;;;;;;;;;;;;;;0;0;0
;;;;;;;;;;;;;;;0;0;0
;;;;;;;;;;;;;;;0;0;0
;;;;;;;;;;;;;;;0;0;0
;;;;;;;;;;;;;;;0;0;0
;;;;;;;;;;;;;;;0;0;0
;;;;;;;;;;;;;;;0;0;0
;;;;;;;;;;;;;;;0;0;0
;;;;;;;;;;;;;;;0;0;0
;;;;;;;;;;;;;;;0;0;0
;;;;;;;;;;;;;;;0;0;0
;;;;;;;;;;;;;;;0;0;0
;;;;;;;;;;;;;;;0;0;0
;;;;;;;;;;;;;;;0;0;0
;;;;;;;;;;;;;;;0;0;0
;;;;;;;;;;;;;;;0;0;0
;;;;;;;;;;;;;;;0;0;0
;;;;;;;;;;;;;;;0;0;0
;;;;;;;;;;;;;;;0;0;0
;;;;;;;;;;;;;;;0;0;0
;;;;;;;;;;;;;;;0;0;0
;;;;;;;;;;;;;;;0;0;0
;;;;;;;;;;;;;;;0;0;0
;;;;;;;;;;;;;;;0;0;0
;;;;;;;;;;;;;;;0;0;0
;;;;;;;;;;;;;;;0;0;0
;;;;;;;;;;;;;;;0;0;0
;;;;;;;;;;;;;;;0;0;0
;;;;;;;;;;;;;;;0;0;0
;;;;;;;;;;;;;;;0;0;0
;;;;;;;;;;;;;;;0;0;0
;;;;;;;;;;;;;;;0;0;0
;;;;;;;;;;;;;;;0;0;0
;;;;;;;;;;;;;;;0;0;0
;;;;;;;;;;;;;;;0;0;0
;;;;;;;;;;;;;;;0;0;0
;;;;;;;;;;;;;;;0;0;0
;;;;;;;;;;;;;;;0;0;0
;;;;;;;;;;;;;;;0;0;0
;;;;;;;;;;;;;;;0;0;0
;;;;;;;;;;;;;;;0;0;0
;;;;;;;;;;;;;;;0;0;0
eurepoc-2023-03-28-2320;Harvard Pilgrim Health Care (HPHC);An unknown ransomware group gained access to Harvard Pilgrim Health Care (HPHC) computer systems and stole patient information during the period of 28 March to 17 April 2023, HPHC reported in a notification on their website on 24 May. The stolen information of 2.5 million patients may include names, physical addresses, phone numbers, dates of birth, health insurance account information, social security numbers, provider taxpayer identification numbers, and clinical information (e.g., medical history, diagnoses, treatment, dates of service, and provider names).;28.03.23 00:00;Non-EU;Linkability, Identifiability, Non-compliance;1;2;2;Extern (Intentional);Unknown;Unknown;Disruption of Functionality;Unknown;EuRepoC;1;0;0
;;;;;;;;;;;;;;;0;0;0
;;;;;;;;;;;;;;;0;0;0
;;;;;;;;;;;;;;;0;0;0
;;;;;;;;;;;;;;;0;0;0
;;;;;;;;;;;;;;;0;0;0
eurepoc-2023-04-06-2311;Enzo Biochem;"A ransomware group had accessed the information systems of biotechnology company Enzo Biochem and accessed and in some cases exfiltrated clinical test information of approximately 2,470,000 individuals on 6 April 2023, the company reported in an 8-K filing with the US Securities and Exchange Commission. Affected data comprised names and test information. For 600,000 participants this also included social security numbers. No ransomware group has publicly claimed responsibility for the incident.  Following an investigation into Enzo Biochem and a lawsuit, New York Attorney General Letitia James announced on 13 August 2024 that Enzo Biochem would be required to pay $4.5 million to the states of New York, New Jersey, and Connecticut for ""failing to adequately protect patients' personal and private health information."" Enzo Biochem Inc., a medical laboratory services provider with a market capitalization of $36.6 million, has reached a settlement agreement to resolve a consolidated class action lawsuit. As part of the settlement, the company will create a $7.5 million fund, already accounted for in its financial statements as of October 31, 2024. Additionally, Enzo Biochem has committed to and completed specific enhancements to its data protection systems.";06.04.23 00:00;Non-EU;Linkability, Identifiability, Non-compliance;1;2;2;Extern (Intentional);Unknown;Unknown;Profit-Oriented;Software, Services, Systems;EuRepoC;1;0;0
;;;;;;;;;;;;;;;0;0;0
;;;;;;;;;;;;;;;0;0;0
;;;;;;;;;;;;;;;0;0;0
;;;;;;;;;;;;;;;0;0;0
eurepoc-2023-03-20-2299;Tennessee Orthopaedic Clinics (TOC);Unknown actors gained access to Tennessee Orthopaedic Clinics (TOC) and stole patient information during 20-24 March 2023, TOC disclosed it on its website on 26 May. The stolen information could have included names, contact information, dates of birth, diagnosis and treatment information, provider names, dates of service, cost of services, prescription information, and/or health insurance information.;20.03.23 00:00;Non-EU;Linkability, Identifiability, Non-compliance;1;1;2;Extern (Intentional);Unknown;Unknown;Disruption of Functionality;Unknown;EuRepoC;1;0;0
;;;;;;;;;;;;;;;0;0;0
;;;;;;;;;;;;;;;0;0;0
;;;;;;;;;;;;;;;0;0;0
;;;;;;;;;;;;;;;0;0;0
;;;;;;;;;;;;;;;0;0;0
;;;;;;;;;;;;;;;0;0;0
;;;;;;;;;;;;;;;0;0;0
;;;;;;;;;;;;;;;0;0;0
;;;;;;;;;;;;;;;0;0;0
;;;;;;;;;;;;;;;0;0;0
;;;;;;;;;;;;;;;0;0;0
;;;;;;;;;;;;;;;0;0;0
;;;;;;;;;;;;;;;0;0;0
eurepoc-2023-05-09-2288;Norton Healthcare;Norton Healthcare, a health care system with more than 40 clinics and hospitals in Kentucky and Indiana, disclosed an incident on 20 May 2023 first discovered on 9 May. On 25 May, the BlackCat ransomware group (also known as Alpha V) claimed responsibility for the incident and leaked a sample of the alleged 4.7 TB of data that they declared to have obtained. This data contained personal and sensitive information of patients, images of checks and bank statements, and files with employee personal information such as name, date of birth, and social security number. In an update on 9 December, Norton Healthcare indicated that while their medical record system had not been affected, sensitive information may have been affected.;09.05.23 00:00;Non-EU;Unawareness, Non-compliance;2;0;2;Extern (Intentional);Unknown;Unknown;Profit-Oriented;Unknown;EuRepoC;1;0;0
;;;;;;;;;;;;;;;0;0;0
;;;;;;;;;;;;;;;0;0;0
;;;;;;;;;;;;;;;0;0;0
;;;;;;;;;;;;;;;0;0;0
;;;;;;;;;;;;;;;0;0;0
;;;;;;;;;;;;;;;0;0;0
;;;;;;;;;;;;;;;0;0;0
;;;;;;;;;;;;;;;0;0;0
;;;;;;;;;;;;;;;0;0;0
;;;;;;;;;;;;;;;0;0;0
;;;;;;;;;;;;;;;0;0;0
;;;;;;;;;;;;;;;0;0;0
;;;;;;;;;;;;;;;0;0;0
;;;;;;;;;;;;;;;0;0;0
;;;;;;;;;;;;;;;0;0;0
;;;;;;;;;;;;;;;0;0;0
;;;;;;;;;;;;;;;0;0;0
;;;;;;;;;;;;;;;0;0;0
eurepoc-2023-04-20-2263;Peachtree Orthopedics;The Karakurt ransomware group is suspected to have gained access to limited systems of the network of Peachtree Orthopedics in Atlanta and claimed to have stolen 194 GB worth of data in April 2023, as disclosed by both the clinic in a notification letter and the criminal group on its leak site on 12 May. Peachtree Orthopedics in their letter reported that they had discovered unauthorized access on 20 April, although the incident itself may have started earlier. In addition, the notification letter stated that information may have been exfiltrated, referring to addresses, dates of birth, driver’s license numbers, social security numbers (SSN), medical treatment/diagnosis information, treatment costs, financial account information, and health insurance claims/provider information. Karakurt claimed in their leak message that the stolen data included SSNs, details relating to nearly 1,000 credit cards, other detailed personal information, medical records and significant amounts of corporate data.;20.04.23 00:00;Non-EU;Linkability, Identifiability, Unawareness, Non-compliance;1;2;2;Extern (Intentional);Unknown;Unknown;Profit-Oriented;Network;EuRepoC;1;0;0
eurepoc-2023-04-01-2262;Rheinmetall;The BlackBasta ransomware group stole data from German arms manufacturer Rheinmetall, the ransomware group itself announced when it listed Rheinmetall as a victim on its website.  To back up this claim, the ransomware group disclosed passport scans, confidentiality agreements, and technical schemes allegedly obtained from Rheinmetall. The company had announced plans to set up a new production facility in Ukraine four days earlier. Names included in the leak appeared to match those of of indivuals employeed by Rheinmetall in the United States. Rheinmetall spokesman Oliver Hoffmann said that only the group's automotive supply branch was affected, not its defense branch.;01.04.23 00:00;Non-EU;Identifiability, Unawareness, Non-compliance;2;1;2;Extern (Intentional);Unknown;Unknown;Profit-Oriented;Network;EuRepoC;1;0;0
;;;;;;;;;;;;;;;0;0;0
;;;;;;;;;;;;;;;0;0;0
;;;;;;;;;;;;;;;0;0;0
;;;;;;;;;;;;;;;0;0;0
;;;;;;;;;;;;;;;0;0;0
;;;;;;;;;;;;;;;0;0;0
;;;;;;;;;;;;;;;0;0;0
;;;;;;;;;;;;;;;0;0;0
eurepoc-2023-03-08-2253;Bank Syariah Indonesia;The ransomware gang LockBit claimed to have targeted Bank Syariah Indonesia since 8 May 2023. The threat actors further stated they had halted services of the bank due through the intervention and exfiltrated 1.5 terabytes of confidential data. After an initial payment deadline passed unanswered on 15 May, the group started to leak data on 16 May on the dark web. Stolen data reported included several databases containing personal information of over 15 million customers and employees, including names, phone numbers, addresses, account data, banking card information, and transaction details. Among the compromised data were also legal documents, non-disclosure agreements, and critically credentials to access internal and external services of the bank. Statements by the group indicate an infiltration of the bank's systems via a vulnerability two months before it initiated the ransomware call.;08.03.23 00:00;Non-EU;Linkability, Identifiability, Unawareness, Non-compliance;2;2;2;Extern (Intentional);Exploit Public-Facing Application;Unknown;Disruption of Functionality;Software, Services, Systems;EuRepoC;1;0;0
;;;;;;;;;;;;;;;0;0;0
;;;;;;;;;;;;;;;0;0;0
;;;;;;;;;;;;;;;0;0;0
;;;;;;;;;;;;;;;0;0;0
;;;;;;;;;;;;;;;0;0;0
;;;;;;;;;;;;;;;0;0;0
;;;;;;;;;;;;;;;0;0;0
;;;;;;;;;;;;;;;0;0;0
;;;;;;;;;;;;;;;0;0;0
;;;;;;;;;;;;;;;0;0;0
;;;;;;;;;;;;;;;0;0;0
;;;;;;;;;;;;;;;0;0;0
eurepoc-2023-05-03-2241;Avezzano, Sulmona and L'Aquila (ASL 1) Health Authority;The Monti ransomware group gained access to the archives of the Italian health authority of the municipalities of Avezzano, Sulmona and L'Aquila (ASL 1) and stole 500GB worth of data beginning on 3 May 2023. In addition, disruption of the authority's system blocked access to the booking services for medical appointments. The stolen data included medical records, genetic analysis reports, psychological reports about minors, inventory documents, data from the transplantation department, termination letters, implementation of rehabilitation measures , reports from child neuropsychiatry, documents with first and last names of HIV patients, documents on purchases, various letterheads, pre-written letters, orders for machines, medicines and other supplies for hospital operations, and then passwords and other access keys that have allowed the ransomware group to move within the network. Monti issued a ransom request of 2 million $. The president of the Abruzzo region, Marco Marsilio, said he will not pay the ransom and will not make any public statements. Previously, this silence in the Abruzzo Regional Council caused discussion between the parties, the regional councilor Giorgio Fedele from the Five Star Movement said on 9 May 2023 that the ransomware group already published 10 GB worth of data on the darknet in the previous week.;03.05.23 00:00;Non-EU;Linkability, Identifiability, Unawareness, Non-compliance;2;1;2;Extern (Intentional);Unknown;Unknown;Disruption of Functionality;Network;EuRepoC;1;0;0
;;;;;;;;;;;;;;;0;0;0
;;;;;;;;;;;;;;;0;0;0
;;;;;;;;;;;;;;;0;0;0
;;;;;;;;;;;;;;;0;0;0
;;;;;;;;;;;;;;;0;0;0
;;;;;;;;;;;;;;;0;0;0
;;;;;;;;;;;;;;;0;0;0
;;;;;;;;;;;;;;;0;0;0
;;;;;;;;;;;;;;;0;0;0
;;;;;;;;;;;;;;;0;0;0
;;;;;;;;;;;;;;;0;0;0
;;;;;;;;;;;;;;;0;0;0
;;;;;;;;;;;;;;;0;0;0
;;;;;;;;;;;;;;;0;0;0
;;;;;;;;;;;;;;;0;0;0
;;;;;;;;;;;;;;;0;0;0
;;;;;;;;;;;;;;;0;0;0
;;;;;;;;;;;;;;;0;0;0
eurepoc-2023-02-01-2214;University Urology;On or about 1 February 2023, activities that gained unknown actors access to data of 56,000 patients on the network environment of New York health clinic University Urology (UU) were detected. The infiltrating actors were in a position to obtain full names, addresses, birthdates, credentials including password and/or security questions, billing details, as well as medical conditions and treatments, test results, and prespecitpion information of patients.;01.02.23 00:00;Non-EU;Identifiability, Non-compliance;1;1;2;Unknown;Unknown;Unknown;Unknown;Network;EuRepoC;1;1;0
;;;;;;;;;;;;;;;0;0;0
;;;;;;;;;;;;;;;0;0;0
;;;;;;;;;;;;;;;0;0;0
;;;;;;;;;;;;;;;0;0;0
;;;;;;;;;;;;;;;0;0;0
;;;;;;;;;;;;;;;0;0;0
;;;;;;;;;;;;;;;0;0;0
eurepoc-2023-04-18-2205;Lake Dallas Independent School District;The Royal Ransomware group claimed to have stolen a considerable amount of personal data during the Lake Dallas Independent School District hack on 18 April 2023. Based on a notification of the school district to the Texas Attorney General’s Office  from 4 May 2023, 21,982 Texas residents were affected by a breach. Exfiltrated data included personal information such as adresses, social security numbers, driver’s license numbers, government-issued ID numbers, certain financial information (such as account number, credit or debit card number), medical information, and health insurance information. No data has been leaked so far.;18.04.23 00:00;Non-EU;Unawareness, Non-compliance;1;1;2;Extern (Intentional);Unknown;Unknown;Disruption of Functionality;Unknown;EuRepoC;1;1;0
eurepoc-2023-05-04-2206;Unknown Entity;The Medusa ransomware group gained access to Crown Princess Mary Cancer Centre at Westmead Hospital in Sydney, the hospital discovered on 4 May 2023.  The group stole a cache of more than 10,000 files, which also contained images and documents revealing medical information of patients of one of the hospital's gynecological oncologists. The ransom demanded to delete the data was put at 100,000 USD.;04.05.23 00:00;Non-EU;Unawareness, Non-compliance;1;0;2;Extern (Intentional);Unknown;Unknown;Profit-Oriented;Unknown;EuRepoC;1;1;0
;;;;;;;;;;;;;;;0;0;0
eurepoc-2022-12-01-2208;Unique Imaging;The Trigona ransomware group has had access to protected health information of patients of diagnostic imaging service provider Unique Imaging since December 2022, the ransomware group disclosed on its website.  The cyber incident aggregating news site DataBreaches attempted to contact both Unique Imaging and the ransomware group on 18 April, after the Trigona ransomware group claimed to have hacked Unique Imaging. Unique Imaging refused to comment on two separate occasions.  The Trigona ransomware group shared with DataBreaches a sample of scanned PDF data that showed prescriptions, clinical results, other protected patient health information, health insurance cards, images of driver’s licenses, and purchase orders. In addition, the ransomware group was able to prove that they had access to the Power Reader Radiology Information System, which is an electronic health record (EHR) system specific to radiology. The ransomware group also claimed that they spoke with Unique Imaging's CEO on the phone on 27 February. The Trigona ransomware group declared that they were abusing their continuing access to send infected emails impersonating Unique Imaging to Unique Imaging customers and partners.;01.12.22 00:00;Non-EU;Unawareness, Non-compliance;1;0;2;Extern (Intentional);Drive-by Compromise;Unknown;Profit-Oriented;Unknown;EuRepoC;1;0;0
;;;;;;;;;;;;;;;0;0;0
;;;;;;;;;;;;;;;0;0;0
;;;;;;;;;;;;;;;0;0;0
;;;;;;;;;;;;;;;0;0;0
;;;;;;;;;;;;;;;0;0;0
;;;;;;;;;;;;;;;0;0;0
eurepoc-2023-02-01-2194;T-Mobile;An unknown actor had access to the personal information of hundreds of T-Mobile customers from late February to March 2023. The data breach affected 836 individuals. Information of customers variably included their name, contact information, account number and associated phone numbers, account PIN, social security number, government ID, date of birth, balance due, and the number of lines. Personal financial account information and call records were not affected. The incident marks the second data breach in 2023 affecting the company after threat actors exfiltrated personal information of 37 million active customer accounts in January.;01.02.23 00:00;Non-EU;Identifiability, Non-compliance;1;1;2;Extern (Intentional);Unknown;Unknown;Unknown;Network;EuRepoC;1;0;0
;;;;;;;;;;;;;;;0;0;0
;;;;;;;;;;;;;;;0;0;0
;;;;;;;;;;;;;;;0;0;0
;;;;;;;;;;;;;;;0;0;0
;;;;;;;;;;;;;;;0;0;0
;;;;;;;;;;;;;;;0;0;0
;;;;;;;;;;;;;;;0;0;0
;;;;;;;;;;;;;;;0;0;0
;;;;;;;;;;;;;;;0;0;0
;;;;;;;;;;;;;;;0;0;0
;;;;;;;;;;;;;;;0;0;0
;;;;;;;;;;;;;;;0;0;0
;;;;;;;;;;;;;;;0;0;0
;;;;;;;;;;;;;;;0;0;0
;;;;;;;;;;;;;;;0;0;0
eurepoc-2023-02-20-2171;Northeast Behavioral Health Care Consortium;Unknown actors gained access to private health information of patients of the Northeast Behavioral Health Care Consortium in Pennsylvania, the health care provider discovered on 20 February 2023 and announced on 20 April. The hackers compromised an employee's email account, gaining access to names, member numbers, Medicaid numbers, diagnoses, detailed incident descriptions and levels of care.;20.02.23 00:00;Non-EU;Identifiability, Non-compliance;1;1;2;Extern (Intentional);Unknown;Unknown;Unknown;Unknown;EuRepoC;1;0;0
;;;;;;;;;;;;;;;0;0;0
;;;;;;;;;;;;;;;0;0;0
;;;;;;;;;;;;;;;0;0;0
;;;;;;;;;;;;;;;0;0;0
;;;;;;;;;;;;;;;0;0;0
;;;;;;;;;;;;;;;0;0;0
;;;;;;;;;;;;;;;0;0;0
;;;;;;;;;;;;;;;0;0;0
;;;;;;;;;;;;;;;0;0;0
;;;;;;;;;;;;;;;0;0;0
;;;;;;;;;;;;;;;0;0;0
;;;;;;;;;;;;;;;0;0;0
;;;;;;;;;;;;;;;0;0;0
;;;;;;;;;;;;;;;0;0;0
eurepoc-2023-02-01-2154;Retina & Vitreous of Texas;The ophthalmology practice Retina & Vitreous of Texas reported that unspecified actors gained access to its network and stole information as early as 1 February 2023. According to Retina & Vitreous, exfiltrated data included names and addresses of patients as well as diagnoses and treatment information, insurance carrier information, and insurance subscriber identification numbers. Approximately 170 GB of files, including protected health information of patients, financial data of the practice, and human resources files were subsequently dumped on the dark web by the ransomware group BianLian. The incident affected 35,766 patients.;01.02.23 00:00;Non-EU;Identifiability, Non-compliance;2;1;2;Extern (Intentional);Unknown;Unknown;Profit-Oriented;Network;EuRepoC;1;0;0
;;;;;;;;;;;;;;;0;0;0
;;;;;;;;;;;;;;;0;0;0
;;;;;;;;;;;;;;;0;0;0
;;;;;;;;;;;;;;;0;0;0
;;;;;;;;;;;;;;;0;0;0
;;;;;;;;;;;;;;;0;0;0
;;;;;;;;;;;;;;;0;0;0
;;;;;;;;;;;;;;;0;0;0
;;;;;;;;;;;;;;;0;0;0
;;;;;;;;;;;;;;;0;0;0
;;;;;;;;;;;;;;;0;0;0
;;;;;;;;;;;;;;;0;0;0
;;;;;;;;;;;;;;;0;0;0
;;;;;;;;;;;;;;;0;0;0
;;;;;;;;;;;;;;;0;0;0
;;;;;;;;;;;;;;;0;0;0
;;;;;;;;;;;;;;;0;0;0
;;;;;;;;;;;;;;;0;0;0
;;;;;;;;;;;;;;;0;0;0
;;;;;;;;;;;;;;;0;0;0
;;;;;;;;;;;;;;;0;0;0
;;;;;;;;;;;;;;;0;0;0
;;;;;;;;;;;;;;;0;0;0
;;;;;;;;;;;;;;;0;0;0
;;;;;;;;;;;;;;;0;0;0
;;;;;;;;;;;;;;;0;0;0
;;;;;;;;;;;;;;;0;0;0
;;;;;;;;;;;;;;;0;0;0
;;;;;;;;;;;;;;;0;0;0
;;;;;;;;;;;;;;;0;0;0
eurepoc-2023-03-01-2113;Montgomery General Hospital (MGH);"D#nut Leaks ransomware group claims to have stolen sensitive data from Montgomery General Hospital (MGH), West Virginia. The incident was reported by DataBreaches, which contacted the ransomware group and thereby received further information, such as that the attack happened already in early March 2023. After a back-and-forth-conversation between D#nut Leaks and MGH about the hackers demands, in which MGH tried to negotiate for more time and a reduced amount of ransom, D#nut lost patience and started dumping MGH data on March 31. According to DataBreaches, the dumped data included ""employee-related files with personnel and payroll information for former and current employees, such as Social Security numbers, pay rate, etc., patient files with medical histories, diagnoses, treatment plans, test results, and health insurance billing records with policy information, dates of services, CPT codes, and amounts charged.""";01.03.23 00:00;Non-EU;Unawareness, Non-compliance;2;1;2;Extern (Intentional);Unknown;Unknown;Profit-Oriented;Network;EuRepoC;1;0;0
;;;;;;;;;;;;;;;0;0;0
;;;;;;;;;;;;;;;0;0;0
;;;;;;;;;;;;;;;0;0;0
;;;;;;;;;;;;;;;0;0;0
;;;;;;;;;;;;;;;0;0;0
;;;;;;;;;;;;;;;0;0;0
;;;;;;;;;;;;;;;0;0;0
;;;;;;;;;;;;;;;0;0;0
;;;;;;;;;;;;;;;0;0;0
;;;;;;;;;;;;;;;0;0;0
eurepoc-2023-02-21-2101;Washington County Sheriff's Office (WCSO);The Lockbit ransomware group locked certain computer systems and stole personal information from the Washington County Sheriff's Office (WCSO) networks on 21 February 2023, Washington County News first reported on the same day. The ransomware group announced the ransomware attack on its website six days later.  The ransomware attack locked down computer systems related to finance and jail management. Threats by the ransomware group to publish the stolen personal information revealed these also included home addresses, phone numbers, social security numbers, and other personal information of more than 500 employees. On 21 February, the Washington County sheriff claimed the attackers operated from Russia.  On 28 March 2023, eight days after the deadline for the ransom payment, Lockbit released the stolen data, which was said to be warrants and employee information.;21.02.23 00:00;Non-EU;Linkability, Identifiability, Unawareness, Non-compliance;2;2;2;Extern (Intentional);Unknown;Unknown;Disruption of Functionality;Network;EuRepoC;1;0;0
;;;;;;;;;;;;;;;0;0;0
;;;;;;;;;;;;;;;0;0;0
;;;;;;;;;;;;;;;0;0;0
;;;;;;;;;;;;;;;0;0;0
;;;;;;;;;;;;;;;0;0;0
;;;;;;;;;;;;;;;0;0;0
;;;;;;;;;;;;;;;0;0;0
;;;;;;;;;;;;;;;0;0;0
eurepoc-2022-06-30-2086;Independent Living Systems (ILS) - Not available;Florida-based Independent Living Systems (ILS), a healthcare services provider, was targeted by unknown actors between 30 June and 5 July 2022, resulting in the theft of potentially sensitive personal data of over 4.2 million individuals, including names, addresses, dates of birth, health insurance information, social security numbers, billing information, and medical records containing details on diagnoses, treatments, prescriptions and other mental and physical health assessments. In its incident notification, ILS does not directly clarify whether the attack involved ransomware but notes the attack rendered certain computer systems inaccessible, a description that could fit a ransomware attack. ILS took action to remedy the impact of the attack and alerted authorities, which confirmed the scope of the breach. The breach was confirmed by ILS in September 2022 and affected customers were notified in March 2023.;30.06.22 00:00;Non-EU;Linkability, Identifiability;1;2;2;Extern (Intentional);Unknown;Unknown;Profit-Oriented;Unknown;EuRepoC;1;1;0
;;;;;;;;;;;;;;;0;0;0
;;;;;;;;;;;;;;;0;0;0
;;;;;;;;;;;;;;;0;0;0
;;;;;;;;;;;;;;;0;0;0
eurepoc-2021-04-15-2077;Orlando Family Physicians;Medical Group Orlando Family Physicians (OFP) was targeted through a phishing attack by unknown threat actors in April 2021, which enabled the theft of sensitive personal details of 447,426 patients (including health information, health insurance information, Medicare beneficiary numbers, and passport numbers). The attack compromised four employee email accounts, which were all terminated by OFP. Forensic evidence discovered during the investigation of the incident suggests the threat actor(s) intended to commit financial fraud against OFP and did not specifically pursue data on the affected individuals. In March 2023, a class action lawsuit against Orlando Family Physicians was settled for an undisclosed sum.;15.04.21 00:00;Non-EU;No Label;1;1;2;Extern (Intentional);Phishing;Unknown;Profit-Oriented;Network;EuRepoC;1;0;0
;;;;;;;;;;;;;;;0;0;0
eurepoc-2023-03-01-2079;HLA Grupo Hospitalario;Spanish HLA Grupo Hospitalario, a healthcare company, was hit by a cyber attack on or around 14 March 2023, through a misconfigured web server, which allowed an intruder to steal the data of 45,000 patients and 1,600 doctors (including names, phone numbers, email addresses, and internal communications as well as the national and tax identifiacation numbers of affected healthcare professionals). Some of this data was subsequently leaked on 14 March 2023. The health insurance group Asisa, which owns the hospital network, acknowledged on the next day that it was looking into the reported incident.;01.03.23 00:00;Non-EU;Linkability, Identifiability, Unawareness, Non-compliance;2;2;2;Intern (Accidental);Unknown;Unknown;Unknown;Hardware;EuRepoC;1;0;0
;;;;;;;;;;;;;;;0;0;0
;;;;;;;;;;;;;;;0;0;0
;;;;;;;;;;;;;;;0;0;0
;;;;;;;;;;;;;;;0;0;0
;;;;;;;;;;;;;;;0;0;0
eurepoc-2022-04-14-2070;AllCare Plus Pharmacy;Unknown actors gained access to the network of AllCare Plus Pharmacy in Massachusetts between 14 April and 21 June 2022, according to a data breach notification to the Maine Attorney General from 13 March 2023. The breach, affecting nearly 6,000 customers, gave hackers access to certain accounts containing patient names, addresses, dates of birth, social security numbers, financial information as well as details on prescriptions and treatments.;14.04.22 00:00;Non-EU;Linkability, Identifiability, Non-compliance;1;2;2;Extern (Intentional);Phishing;Unknown;Unknown;Network;EuRepoC;1;1;0
;;;;;;;;;;;;;;;0;0;0
;;;;;;;;;;;;;;;0;0;0
;;;;;;;;;;;;;;;0;0;0
eurepoc-2023-01-20-2064;Hawaii State Department of Health;Unknown hackers breached the Electronic Death Registry System (EDRS) of Hawaii in January 2023. On 10 March, officials of Hawaii's Department of Health stated that the families of the affected should remain vigilant about potential misuse of the compromised data. Although death certificates were not accessed, the data contains sensitive personal information, such as names, social security numbers, and information on the cause of death. The attack was orchestrated through the use of a compromised account belonging to a medical certifier that had left their job in 2021. According to cybersecurity firm Mandiant, the account information was sold on the dark web. Although the attacker has not yet been publicly identified, the Hawaii Department of Health disclosed that two IP adresses from Kentucky, USA, and the Netherlands had been tied to suspicious access patterns of the system.;20.01.23 00:00;Non-EU;Linkability, Identifiability, Non-compliance;1;2;2;Extern (Intentional);Valid Accounts;Unknown;Profit-Oriented;Network;EuRepoC;1;0;0
;;;;;;;;;;;;;;;0;0;0
;;;;;;;;;;;;;;;0;0;0
;;;;;;;;;;;;;;;0;0;0
eurepoc-2023-01-28-2061;ZOLL Medical;ZOLL Medical, a healthcare firm, was targeted with a cyberattack from unknown actors on 28 January 2023, with private health information being leaked on or around 2 February 2023, according to DataBreaches. This leak contained data of more than one million patients, including social security numbers, date of birth, and adresses - but also affected personal health information, such as the use or consideration of use of a ZOLL-manufactured wearable defibrillator. ZOLL did not provide further information regarding the type of the attack or whether the company had received any ransom demands. A few weeks after the incident became public, at least seven class action lawsuits were filed against the company, alleging Zoll negligently failed to protect sensitive information of individuals.;28.01.23 00:00;Non-EU;No Label;2;1;2;Unknown;Unknown;Unknown;Profit-Oriented;Services provided by supplier;EuRepoC;1;0;0
;;;;;;;;;;;;;;;0;0;0
eurepoc-2023-01-01-2055;Florida Medical Clinic;Unknown actors gained access to Florida Medical Clinic's network and stole 94,000 records with patient information some time before 9 January 2023, according to a data breach notification by the clinic. A small portion of files, an estimated 5%, included medical information, phone number, email address, date of birth, and address. In addition, the hackers obtained the social security numbers of 115 patients.;01.01.23 00:00;Non-EU;Non-compliance;2;1;2;Extern (Intentional);Unknown;Unknown;Disruption of Functionality;Network;EuRepoC;1;1;0
eurepoc-2023-02-03-2056;Berkeley County Schools;The Vice Society ransomware group attacked the Berkeley County School System in West Virginia (USA), on 3 February 2023. Classes had to be suspended for one day to address the incident. Following Berkeley County Schools' refusal to pay the ransom, Vice Society leaked internal data, including employee social security numbers, on 10 March 2023, as reported by DataBreaches. Published files also included details about behavior intervention plans and functional behavior assessments for certain students that may reveal sensitive information about students, such as diagnoses, medications, or home issues. In an analysis from August 8, Checkpoint Research suspects a connection between the ransomware groups Vice Society and Rhysida. Checkpoint Research points to the close temporal relationship between the disappearance of Vice Society and the emergence of Rhysida in May 2023, technical similarities between the threat actors and similarities in the areas in which they are active, namely education and health.;03.02.23 00:00;Non-EU;No Label;2;1;2;Extern (Intentional);Unknown;Unknown;Disruption of Functionality;Network;EuRepoC;1;0;0
;;;;;;;;;;;;;;;0;0;0
eurepoc-2023-03-01-2047;DC Health Link;"Unidentified hackers stole sensitive personal information from DC Health Link servers, an organisation that administers the health care plans of members of the US House of Representatives, their staff and families, in early March 2023. As reported by the DailyCaller on 8 March, the US House Chief Administrative Officer disclosed the incident in an email to House members. According to BleepingComputer, data was offered for sale on a hacker forum on 6 March by a user named IntelBroker, who claims it was stolen during a breach of the DC Health Benefit Exchange Authority that manages the DC Health Link health insurance marketplace. A sampling of the stolen files found that the dataset contained sensitive personal information on about 170,000 people, including names, birth dates, home addresses, Social Security numbers and health insurance details. Among them, according to current figures, more than two dozen current or former members of Congress are also said to have been affected.  This led to a congressional hearing. The FBI and the Capitol Police are still investigating the incident. Another hacker calling himself ""Denfur"" also claims that the attack was born out of Russian patriotism, but independent verification is still pending.";01.03.23 00:00;Non-EU;Linkability, Identifiability, Unawareness, Non-compliance;2;2;2;Extern (Intentional);Unknown;Unknown;Unknown;Hardware;EuRepoC;1;0;0
;;;;;;;;;;;;;;;0;0;0
;;;;;;;;;;;;;;;0;0;0
;;;;;;;;;;;;;;;0;0;0
;;;;;;;;;;;;;;;0;0;0
;;;;;;;;;;;;;;;0;0;0
;;;;;;;;;;;;;;;0;0;0
;;;;;;;;;;;;;;;0;0;0
;;;;;;;;;;;;;;;0;0;0
;;;;;;;;;;;;;;;0;0;0
;;;;;;;;;;;;;;;0;0;0
;;;;;;;;;;;;;;;0;0;0
;;;;;;;;;;;;;;;0;0;0
;;;;;;;;;;;;;;;0;0;0
;;;;;;;;;;;;;;;0;0;0
;;;;;;;;;;;;;;;0;0;0
;;;;;;;;;;;;;;;0;0;0
;;;;;;;;;;;;;;;0;0;0
;;;;;;;;;;;;;;;0;0;0
;;;;;;;;;;;;;;;0;0;0
;;;;;;;;;;;;;;;0;0;0
;;;;;;;;;;;;;;;0;0;0
;;;;;;;;;;;;;;;0;0;0
;;;;;;;;;;;;;;;0;0;0
;;;;;;;;;;;;;;;0;0;0
;;;;;;;;;;;;;;;0;0;0
;;;;;;;;;;;;;;;0;0;0
;;;;;;;;;;;;;;;0;0;0
eurepoc-2022-12-13-2023;Denver Public Schools (DPS);"Unknown actors gained access to the network of Denver Public Schools (DPS), the local administration of Colarado's laregest public school district, and stole information beginning on 13 December 2023, according to an incident notification shared by DPS. The information stolen are names and social security numbers of current and former participants in DPS’s employer-sponsored health plan; employee fingerprints, if on file; bank account numbers or pay card numbers; student identification numbers; driver’s license numbers; passport numbers; and limited health plan enrollment information.";13.12.22 00:00;Non-EU;Linkability, Identifiability, Unawareness, Non-compliance;1;2;2;Extern (Intentional);Unknown;Unknown;Unknown;Network;EuRepoC;1;0;0
;;;;;;;;;;;;;;;0;0;0
eurepoc-2023-01-28-2007;Unknown Entity;The Clop ransomware group took advantage of a zero-day vulnerability in Fortra's GoAnywhere MFT secure file transfer platform, targeting multiple organisations in early 2023. On April 17, 2023, Fortra published a report on the exploitation of the zero-day remote code execution vulnerability (CVE-2023-0669). Fortra announced that the hackers used the vulnerability to gain access to the user accounts of some GoAnywhere MFTs customer environments from 28 to 30 January 2023 and then, in even fewer cases, to download documents.  Clop ransomware group claims to have impacted 130 organisations by exploiting this vulnerability, the majority of which have not been publicly named. Community Health Systems (CHS), one of the largest healthcare providers in the United States, was the first victim to publicly disclose it had fallen victim to this type of attack. The healthcare company notified the US Securities and Exchange Commission on 13 February 2023 that its networks had been breached and personal and health information of up to 1 million patients had been compromised. US-based Hatch Bank became the second known victim. According to a data breach notification of the bank, nearly 140,000 social security numbers were stolen by the group on 29 January. Clop ransomware group is also suspected to have compromised Japanese Hitachi Energy using the same vulnerability, gaining access to certain employee data which was confirmed by the company on 17 March. Access to and data theft also occurred in the networks of the City of Toronto as claimed by the ransomware group on its leak site on 23 March 2023. As part of the same notice the group names the UK Pension Fund (PPF) as a victim. Also, as reported by TechCrunch the personal data of employees at the Canadian state-owned investment company Investissement Québec has been stolen by the Clop ransomware gang. Using the same exploit, healthcare provider US Wellness was a victim of a ransomware attack by Clop, as reported in a notification letter to the California Attorney General on 22 March 2023. In this notification letter, US Wellness stated that personal information of its customers, such as names, addresses, dates of birth, member ID numbers, where the service originated, and addresses of the service location, may have been affected. The Clop ransomware group gained access to a limited amount of protected health information of As disclosed in a notification on its website on 7 April 2023, mental and behavioral health provider Brightline was also targeted. The breach, which affected data stored in Brightline's Fortra account and based on initial investigations did not affect Brightline's own network, impacted 783,606 people and included information such as names, addresses, dates of birth, member identification numbers, date of health plan coverage, and/or employer names. Brightline may have been one of the first targets considering that Clop listed it early as one of its victim on its leak site on 16 March 2023. In an unusual turn of events, the Clop ransomware group removed Brightline as a victim from its website, apologized for targeting a healthcare organization and claimed to have deleted all related data on 3 May. These claims cannot be independently verified.  The Clop ransomware group also gained unauthorized access to Tasmania's Department of Education, Children, and Youth. They stole personal information of Tasmanian students and parents, including Student Assistant Scheme Approvals, from which full names, addresses, dates of birth and bank statements can be extracted. At least 16,000 documents are believed to have been stolen. The cyber incident became a political issue between the Liberal government led by Jeremy Rockliff and the opposition led by the Labour Party even before the Clop Ransomware group released the stolen information on 7 April 2023. The focus here is the verbal exchange between the Minister for Science and Technology Madeleine Ogilvie and the associated Shadow Minister Jen Butler. Even after Ogilvie first disclosed the cyber incident on 31 March 2023, shadow minister Butler criticized the little information disclosed. This went so far that Minister Ogilvie refused the opposition's briefing request and Butler called on the Prime Minister to remove her on 7 April.;28.01.23 00:00;Non-EU;Linkability, Identifiability, Unawareness, Non-compliance;0;2;2;Extern (Intentional);Drive-by Compromise, Exploit Public-Facing Application;Unknown;Profit-Oriented;Software, Services, Systems;EuRepoC;1;0;0
;;;;;;;;;;;;;;;0;0;0
;;;;;;;;;;;;;;;0;0;0
;;;;;;;;;;;;;;;0;0;0
;;;;;;;;;;;;;;;0;0;0
;;;;;;;;;;;;;;;0;0;0
;;;;;;;;;;;;;;;0;0;0
;;;;;;;;;;;;;;;0;0;0
;;;;;;;;;;;;;;;0;0;0
;;;;;;;;;;;;;;;0;0;0
;;;;;;;;;;;;;;;0;0;0
;;;;;;;;;;;;;;;0;0;0
;;;;;;;;;;;;;;;0;0;0
;;;;;;;;;;;;;;;0;0;0
;;;;;;;;;;;;;;;0;0;0
eurepoc-2023-02-28-2004;Infrastructure Leasing & Financial Services (IL&FS);"The ransomware group Lockbit gained access to the network of the Indian investment firm Infrastructure Leasing & Financial Services (IL&FS) and stole various data on 28 February 2023, according to statements by the hacker group and the threat intelligence company Cyble Research & Intelligence Labs. The hacker group threatened to release all the stolen information if the ransom was not paid by 10 March. To back this up, the hacker group released 12 data samples.  In its review of the samples, Cyble identified a confidential memorandum of understanding (MoU) of a foreign bank dated May 2021; passport images of three foreign nationals; a tripartite agreement submitted by IL&FS to an Indian regulatory body in 2010; income tax returns and an excerpt of an audit report from 2021 of an erstwhile IL&FS subsidiary in IT and ITES business; a hypothecation deed for receivables signed by IL&FS with another Indian entity in 2017; an investment termination agreement of a few foreign entities from May 2022; another confidential MoU executed to renew services regarding a foreign government project; a confidential operations and management services agreement involving a foreign company and its Indian subsidiary as a service provider and a foreign investment firm as their customer.";28.02.23 00:00;Non-EU;Unawareness, Non-compliance;2;0;2;Extern (Intentional);Unknown;Unknown;Disruption of Functionality;Network;EuRepoC;1;0;0
;;;;;;;;;;;;;;;0;0;0
;;;;;;;;;;;;;;;0;0;0
;;;;;;;;;;;;;;;0;0;0
;;;;;;;;;;;;;;;0;0;0
;;;;;;;;;;;;;;;0;0;0
;;;;;;;;;;;;;;;0;0;0
;;;;;;;;;;;;;;;0;0;0
;;;;;;;;;;;;;;;0;0;0
;;;;;;;;;;;;;;;0;0;0
;;;;;;;;;;;;;;;0;0;0
;;;;;;;;;;;;;;;0;0;0
;;;;;;;;;;;;;;;0;0;0
;;;;;;;;;;;;;;;0;0;0
;;;;;;;;;;;;;;;0;0;0
;;;;;;;;;;;;;;;0;0;0
;;;;;;;;;;;;;;;0;0;0
;;;;;;;;;;;;;;;0;0;0
;;;;;;;;;;;;;;;0;0;0
;;;;;;;;;;;;;;;0;0;0
;;;;;;;;;;;;;;;0;0;0
;;;;;;;;;;;;;;;0;0;0
;;;;;;;;;;;;;;;0;0;0
;;;;;;;;;;;;;;;0;0;0
;;;;;;;;;;;;;;;0;0;0
;;;;;;;;;;;;;;;0;0;0
;;;;;;;;;;;;;;;0;0;0
;;;;;;;;;;;;;;;0;0;0
;;;;;;;;;;;;;;;0;0;0
;;;;;;;;;;;;;;;0;0;0
;;;;;;;;;;;;;;;0;0;0
;;;;;;;;;;;;;;;0;0;0
;;;;;;;;;;;;;;;0;0;0
;;;;;;;;;;;;;;;0;0;0
;;;;;;;;;;;;;;;0;0;0
;;;;;;;;;;;;;;;0;0;0
;;;;;;;;;;;;;;;0;0;0
;;;;;;;;;;;;;;;0;0;0
;;;;;;;;;;;;;;;0;0;0
;;;;;;;;;;;;;;;0;0;0
;;;;;;;;;;;;;;;0;0;0
;;;;;;;;;;;;;;;0;0;0
;;;;;;;;;;;;;;;0;0;0
;;;;;;;;;;;;;;;0;0;0
;;;;;;;;;;;;;;;0;0;0
;;;;;;;;;;;;;;;0;0;0
;;;;;;;;;;;;;;;0;0;0
;;;;;;;;;;;;;;;0;0;0
;;;;;;;;;;;;;;;0;0;0
;;;;;;;;;;;;;;;0;0;0
;;;;;;;;;;;;;;;0;0;0
;;;;;;;;;;;;;;;0;0;0
;;;;;;;;;;;;;;;0;0;0
;;;;;;;;;;;;;;;0;0;0
;;;;;;;;;;;;;;;0;0;0
;;;;;;;;;;;;;;;0;0;0
;;;;;;;;;;;;;;;0;0;0
;;;;;;;;;;;;;;;0;0;0
;;;;;;;;;;;;;;;0;0;0
;;;;;;;;;;;;;;;0;0;0
;;;;;;;;;;;;;;;0;0;0
;;;;;;;;;;;;;;;0;0;0
;;;;;;;;;;;;;;;0;0;0
;;;;;;;;;;;;;;;0;0;0
;;;;;;;;;;;;;;;0;0;0
;;;;;;;;;;;;;;;0;0;0
;;;;;;;;;;;;;;;0;0;0
;;;;;;;;;;;;;;;0;0;0
;;;;;;;;;;;;;;;0;0;0
;;;;;;;;;;;;;;;0;0;0
;;;;;;;;;;;;;;;0;0;0
;;;;;;;;;;;;;;;0;0;0
;;;;;;;;;;;;;;;0;0;0
;;;;;;;;;;;;;;;0;0;0
;;;;;;;;;;;;;;;0;0;0
;;;;;;;;;;;;;;;0;0;0
;;;;;;;;;;;;;;;0;0;0
;;;;;;;;;;;;;;;0;0;0
;;;;;;;;;;;;;;;0;0;0
;;;;;;;;;;;;;;;0;0;0
;;;;;;;;;;;;;;;0;0;0
;;;;;;;;;;;;;;;0;0;0
;;;;;;;;;;;;;;;0;0;0
;;;;;;;;;;;;;;;0;0;0
;;;;;;;;;;;;;;;0;0;0
;;;;;;;;;;;;;;;0;0;0
;;;;;;;;;;;;;;;0;0;0
;;;;;;;;;;;;;;;0;0;0
;;;;;;;;;;;;;;;0;0;0
;;;;;;;;;;;;;;;0;0;0
;;;;;;;;;;;;;;;0;0;0
;;;;;;;;;;;;;;;0;0;0
;;;;;;;;;;;;;;;0;0;0
;;;;;;;;;;;;;;;0;0;0
;;;;;;;;;;;;;;;0;0;0
;;;;;;;;;;;;;;;0;0;0
;;;;;;;;;;;;;;;0;0;0
;;;;;;;;;;;;;;;0;0;0
;;;;;;;;;;;;;;;0;0;0
;;;;;;;;;;;;;;;0;0;0
;;;;;;;;;;;;;;;0;0;0
;;;;;;;;;;;;;;;0;0;0
;;;;;;;;;;;;;;;0;0;0
;;;;;;;;;;;;;;;0;0;0
;;;;;;;;;;;;;;;0;0;0
;;;;;;;;;;;;;;;0;0;0
;;;;;;;;;;;;;;;0;0;0
;;;;;;;;;;;;;;;0;0;0
;;;;;;;;;;;;;;;0;0;0
;;;;;;;;;;;;;;;0;0;0
;;;;;;;;;;;;;;;0;0;0
;;;;;;;;;;;;;;;0;0;0
;;;;;;;;;;;;;;;0;0;0
;;;;;;;;;;;;;;;0;0;0
;;;;;;;;;;;;;;;0;0;0
;;;;;;;;;;;;;;;0;0;0
;;;;;;;;;;;;;;;0;0;0
;;;;;;;;;;;;;;;0;0;0
;;;;;;;;;;;;;;;0;0;0
;;;;;;;;;;;;;;;0;0;0
;;;;;;;;;;;;;;;0;0;0
;;;;;;;;;;;;;;;0;0;0
;;;;;;;;;;;;;;;0;0;0
;;;;;;;;;;;;;;;0;0;0
;;;;;;;;;;;;;;;0;0;0
;;;;;;;;;;;;;;;0;0;0
;;;;;;;;;;;;;;;0;0;0
;;;;;;;;;;;;;;;0;0;0
;;;;;;;;;;;;;;;0;0;0
;;;;;;;;;;;;;;;0;0;0
;;;;;;;;;;;;;;;0;0;0
;;;;;;;;;;;;;;;0;0;0
;;;;;;;;;;;;;;;0;0;0
;;;;;;;;;;;;;;;0;0;0
;;;;;;;;;;;;;;;0;0;0
;;;;;;;;;;;;;;;0;0;0
;;;;;;;;;;;;;;;0;0;0
;;;;;;;;;;;;;;;0;0;0
;;;;;;;;;;;;;;;0;0;0
;;;;;;;;;;;;;;;0;0;0
;;;;;;;;;;;;;;;0;0;0
;;;;;;;;;;;;;;;0;0;0
;;;;;;;;;;;;;;;0;0;0
;;;;;;;;;;;;;;;0;0;0
;;;;;;;;;;;;;;;0;0;0
;;;;;;;;;;;;;;;0;0;0
;;;;;;;;;;;;;;;0;0;0
;;;;;;;;;;;;;;;0;0;0
;;;;;;;;;;;;;;;0;0;0
;;;;;;;;;;;;;;;0;0;0
;;;;;;;;;;;;;;;0;0;0
;;;;;;;;;;;;;;;0;0;0
;;;;;;;;;;;;;;;0;0;0
;;;;;;;;;;;;;;;0;0;0
;;;;;;;;;;;;;;;0;0;0
;;;;;;;;;;;;;;;0;0;0
;;;;;;;;;;;;;;;0;0;0
;;;;;;;;;;;;;;;0;0;0
;;;;;;;;;;;;;;;0;0;0
;;;;;;;;;;;;;;;0;0;0
;;;;;;;;;;;;;;;0;0;0
;;;;;;;;;;;;;;;0;0;0
;;;;;;;;;;;;;;;0;0;0
;;;;;;;;;;;;;;;0;0;0
;;;;;;;;;;;;;;;0;0;0
;;;;;;;;;;;;;;;0;0;0
;;;;;;;;;;;;;;;0;0;0
;;;;;;;;;;;;;;;0;0;0
;;;;;;;;;;;;;;;0;0;0
;;;;;;;;;;;;;;;0;0;0
;;;;;;;;;;;;;;;0;0;0
;;;;;;;;;;;;;;;0;0;0
;;;;;;;;;;;;;;;0;0;0
;;;;;;;;;;;;;;;0;0;0
;;;;;;;;;;;;;;;0;0;0
;;;;;;;;;;;;;;;0;0;0
;;;;;;;;;;;;;;;0;0;0
;;;;;;;;;;;;;;;0;0;0
;;;;;;;;;;;;;;;0;0;0
;;;;;;;;;;;;;;;0;0;0
;;;;;;;;;;;;;;;0;0;0
;;;;;;;;;;;;;;;0;0;0
;;;;;;;;;;;;;;;0;0;0
;;;;;;;;;;;;;;;0;0;0
;;;;;;;;;;;;;;;0;0;0
;;;;;;;;;;;;;;;0;0;0
;;;;;;;;;;;;;;;0;0;0
;;;;;;;;;;;;;;;0;0;0
;;;;;;;;;;;;;;;0;0;0
;;;;;;;;;;;;;;;0;0;0
;;;;;;;;;;;;;;;0;0;0
;;;;;;;;;;;;;;;0;0;0
;;;;;;;;;;;;;;;0;0;0
;;;;;;;;;;;;;;;0;0;0
;;;;;;;;;;;;;;;0;0;0
;;;;;;;;;;;;;;;0;0;0
;;;;;;;;;;;;;;;0;0;0
;;;;;;;;;;;;;;;0;0;0
;;;;;;;;;;;;;;;0;0;0
;;;;;;;;;;;;;;;0;0;0
;;;;;;;;;;;;;;;0;0;0
;;;;;;;;;;;;;;;0;0;0
;;;;;;;;;;;;;;;0;0;0
;;;;;;;;;;;;;;;0;0;0
;;;;;;;;;;;;;;;0;0;0
;;;;;;;;;;;;;;;0;0;0
;;;;;;;;;;;;;;;0;0;0
;;;;;;;;;;;;;;;0;0;0
;;;;;;;;;;;;;;;0;0;0
;;;;;;;;;;;;;;;0;0;0
;;;;;;;;;;;;;;;0;0;0
;;;;;;;;;;;;;;;0;0;0
;;;;;;;;;;;;;;;0;0;0
;;;;;;;;;;;;;;;0;0;0
;;;;;;;;;;;;;;;0;0;0
;;;;;;;;;;;;;;;0;0;0
;;;;;;;;;;;;;;;0;0;0
;;;;;;;;;;;;;;;0;0;0
;;;;;;;;;;;;;;;0;0;0
;;;;;;;;;;;;;;;0;0;0
;;;;;;;;;;;;;;;0;0;0
;;;;;;;;;;;;;;;0;0;0
;;;;;;;;;;;;;;;0;0;0
;;;;;;;;;;;;;;;0;0;0
;;;;;;;;;;;;;;;0;0;0
;;;;;;;;;;;;;;;0;0;0
;;;;;;;;;;;;;;;0;0;0
;;;;;;;;;;;;;;;0;0;0
;;;;;;;;;;;;;;;0;0;0
eurepoc-2022-03-01-1610;Azov Battalion - Ukraine’s Security Service (SBU);"A pro-Russian organized information warfare campaign, dubbed Project Nemesis, began in late May 2022 and mass doxxed persons actively involved in the Ukraine-Russia War, including members of the Ukrainian military, secret services, volunteers, Russians working for Ukraine, and international trainers. A website began publishing information bout hundreds of persons, including photographs, personal details, birth dates, addresses, telephone numbers, passport numbers, and personal social media profiles. Additionally, a Russian-language Telegram channel posted multiple times a day and encouraged harassment of these individuals by their followers. Particular groups that were targeted in this doxxing activity were the Azov Battalion and Pravyi Sektor. The threat actors behind the incident also claim that they hacked 700 members of Ukraine’s Security Service (SBU) and doxxed them too. ISD did not verify this activity; however, the Russian state media stated that it was authentic. The initiator of the attack has not been determined yet and the malicious activity has not yet been attributed. However, the actors described themselves on their Telegram channel as: ""IT volunteers and OSINTers"" which the goal of targeting Ukrainian Nazis and ""those who help them."" Other self-descriptions identify them as RaHDit, which is a Pro-Russian hacktivist group that is supposedly responsible for several attacks against Ukraine. The planning stage of the attack appears to have been prepared as early as mid-March 2022. The Telegram content is promoted across Russian propaganda channels and even on Russian state media. According to online searches and Mandiant, the pro-Russian hacktivist group RaHDit was unknown prior to the start of the war in Feb 2022.";01.03.22 00:00;Non-EU;Linkability, Identifiability, Unawareness, Non-compliance;2;2;2;Extern (Intentional);Unknown;Unknown;Influence;Network;EuRepoC;1;0;0
;;;;;;;;;;;;;;;0;0;0
;;;;;;;;;;;;;;;0;0;0
;;;;;;;;;;;;;;;0;0;0
;;;;;;;;;;;;;;;0;0;0
;;;;;;;;;;;;;;;0;0;0
;;;;;;;;;;;;;;;0;0;0
;;;;;;;;;;;;;;;0;0;0
eurepoc-2022-10-01-1613;Medibank Private Ltd.;"Members of REvil ransomware group stole personal information of customers of Australian private health insurance provider Medibank in October 2022. A week before the company became aware of the data theft, Medibank had arrested a ransomware attack in the staging phase. Stolen data came from the systems of the ahm insurance and the international student insurance services, and comprised customer names, addresses, dates of birth, medicare numbers, policy numbers, and phone numbers. In some cases, details also included claims data, recording the location of where a customer received medical services and codes revealing their diagnoses and procedures. In November the hackers started leaking the stolen data on the dark web containing screencaps from chats or negotiations between Medibank and the ransomware group.  On 1 December 2022, Medibank confirmed, that the hackers leaked another dump of stolen data containing health claim information. In February 2023, the company stated that the ""criminal accessed our systems using a stolen Medibank username and password used by a third party IT service provider"" and that ""following the triage of a security alert on 11 October we closed down the criminal’s attack path and can reconfirm no further activity by the criminal since 12 October 2022 has been detected inside our systems."" In a coordinated effort, Australia joined by the US and the UK on 23 January 2024 imposed sanctions and a travel ban on Russian national Alexander Ermakov, a suspected member of the ransomware group REvil.  Additional sanctions targeting the Russian bulletproof hosting service provider ZServers and related individuals were imposed on 11 February 2025 by US, UK and Australian governments, respectively.";01.10.22 00:00;Non-EU;Linkability, Identifiability, Non-compliance;2;2;2;Extern (Intentional);Phishing;Unknown;Strategic Pre-Positioning;Hardware;EuRepoC;1;0;0
;;;;;;;;;;;;;;;0;0;0
;;;;;;;;;;;;;;;0;0;0
;;;;;;;;;;;;;;;0;0;0
;;;;;;;;;;;;;;;0;0;0
;;;;;;;;;;;;;;;0;0;0
;;;;;;;;;;;;;;;0;0;0
;;;;;;;;;;;;;;;0;0;0
;;;;;;;;;;;;;;;0;0;0
;;;;;;;;;;;;;;;0;0;0
;;;;;;;;;;;;;;;0;0;0
;;;;;;;;;;;;;;;0;0;0
;;;;;;;;;;;;;;;0;0;0
;;;;;;;;;;;;;;;0;0;0
;;;;;;;;;;;;;;;0;0;0
;;;;;;;;;;;;;;;0;0;0
eurepoc-2022-05-17-1566;City of Tucson;Hackers stole personal information, including social security numbers, driver's licenses, state identification and passport numbers from the network of the City of Tucson in Arizona during the period of 17-31 May 2022, according to the city.;17.05.22 00:00;Non-EU;Linkability, Identifiability, Unawareness, Non-compliance;1;2;2;Extern (Intentional);Valid Accounts;Unknown;Unknown;Network;EuRepoC;1;0;0
;;;;;;;;;;;;;;;0;0;0
;;;;;;;;;;;;;;;0;0;0
;;;;;;;;;;;;;;;0;0;0
;;;;;;;;;;;;;;;0;0;0
;;;;;;;;;;;;;;;0;0;0
;;;;;;;;;;;;;;;0;0;0
;;;;;;;;;;;;;;;0;0;0
;;;;;;;;;;;;;;;0;0;0
;;;;;;;;;;;;;;;0;0;0
;;;;;;;;;;;;;;;0;0;0
;;;;;;;;;;;;;;;0;0;0
;;;;;;;;;;;;;;;0;0;0
;;;;;;;;;;;;;;;0;0;0
;;;;;;;;;;;;;;;0;0;0
;;;;;;;;;;;;;;;0;0;0
;;;;;;;;;;;;;;;0;0;0
;;;;;;;;;;;;;;;0;0;0
;;;;;;;;;;;;;;;0;0;0
;;;;;;;;;;;;;;;0;0;0
;;;;;;;;;;;;;;;0;0;0
;;;;;;;;;;;;;;;0;0;0
;;;;;;;;;;;;;;;0;0;0
;;;;;;;;;;;;;;;0;0;0
;;;;;;;;;;;;;;;0;0;0
;;;;;;;;;;;;;;;0;0;0
;;;;;;;;;;;;;;;0;0;0
;;;;;;;;;;;;;;;0;0;0
;;;;;;;;;;;;;;;0;0;0
eurepoc-2022-01-01-1639;Liz Truss (Secretary of State for Foreign, Commonwealth and Development Affairs, United Kingdom);Russian spies are suspected of having hacked into the personal phone of former British Prime Minister Liz Truss while she was serving as Foreign Secretary, according to anonymous sources cited by The Mail on Sunday.  The incident was discovered during the Conservative Party leadership election that ran from13 July to 5 September 2022, following the resignation of then British Prime Minister Boris Johnson. Johnson and Cabinet Secretary Simon Case were immediately informed and decided to keep the incident secret.  The attackers are believed to have gained access to top-secret exchanges with key international partners as well as private conversations concerning arm shipments to Ukraine and disputes within the Conservative Party. Earlier, on 1 October, The Mail on Sunday reported that the phone number in use by Ms. Truss at the time of the compromise had been listed by a US-registered website aggregating stolen personal information that is accessible for as little as £6.49. The database also included the phone numbers of 25 other UK cabinet ministers.;01.01.22 00:00;Non-EU;Identifiability, Unawareness, Non-compliance;2;1;2;Extern (Intentional);Unknown;Unknown;Unknown;Software, Services, Systems;EuRepoC;1;0;0
;;;;;;;;;;;;;;;0;0;0
;;;;;;;;;;;;;;;0;0;0
;;;;;;;;;;;;;;;0;0;0
;;;;;;;;;;;;;;;0;0;0
;;;;;;;;;;;;;;;0;0;0
;;;;;;;;;;;;;;;0;0;0
eurepoc-2022-09-09-1501;Gledis Nano - Albanian State Police;HomeLand Justice, a front the US government suspects to be coordinated by Iran's Ministry of Intelligence and Security (MOIS), infiltrated the data storage and transmission systems of Albania's State Police on 9 September, according to a statement by Albania's Ministry of the Interior. The intrusion led to the temporary shutdown of the Total Information Management System (TIMS), which gathers information on the entries and exits of people and vehicles. Data obtained in the compromise was subsequently offered for sale. This operation follows the public attribution by Albania and NATO allies of an earlier cyber-operation, which had culminated in the disruption of Albanian government services on 15 July 2022, to Iranian state-sponsored hackers. On 19 September, HomeLand Justice disclosed email exchanges of former General Police Director Gledis Nano, including with foreign officials. The group on subsequent occasions published what appeared to be internal information from systems operated by the Albanian State Police. A cache divulged on 3 October, contained the personal details of individuals suspected of crimes by the Albanian authorities, including photos, names, date of birth, and ID numbers. The origins of the leak remain unclear. The State Police has refuted reports about MEMEX, its system to collect information on investigations, being the source and maintained that the database had not been compromised. A local Albanian media outlet, referring to unnamed officials involved in the investigation, reported that an Albanian citizen enabled access to the data. On 10 October, the group released details of 300 police officers, including their names, photos, and other personal information. The provenance of this information has not been publicly ascertained.;09.09.22 00:00;Non-EU;Identifiability, Unawareness, Non-compliance;1;1;2;Extern (Intentional);Drive-by Compromise;Unknown;Disruption of Functionality;Software, Services, Systems;EuRepoC;1;0;0
;;;;;;;;;;;;;;;0;0;0
;;;;;;;;;;;;;;;0;0;0
;;;;;;;;;;;;;;;0;0;0
;;;;;;;;;;;;;;;0;0;0
;;;;;;;;;;;;;;;0;0;0
;;;;;;;;;;;;;;;0;0;0
;;;;;;;;;;;;;;;0;0;0
;;;;;;;;;;;;;;;0;0;0
;;;;;;;;;;;;;;;0;0;0
;;;;;;;;;;;;;;;0;0;0
;;;;;;;;;;;;;;;0;0;0
;;;;;;;;;;;;;;;0;0;0
;;;;;;;;;;;;;;;0;0;0
;;;;;;;;;;;;;;;0;0;0
;;;;;;;;;;;;;;;0;0;0
;;;;;;;;;;;;;;;0;0;0
;;;;;;;;;;;;;;;0;0;0
;;;;;;;;;;;;;;;0;0;0
;;;;;;;;;;;;;;;0;0;0
;;;;;;;;;;;;;;;0;0;0
;;;;;;;;;;;;;;;0;0;0
;;;;;;;;;;;;;;;0;0;0
;;;;;;;;;;;;;;;0;0;0
;;;;;;;;;;;;;;;0;0;0
;;;;;;;;;;;;;;;0;0;0
;;;;;;;;;;;;;;;0;0;0
;;;;;;;;;;;;;;;0;0;0
;;;;;;;;;;;;;;;0;0;0
;;;;;;;;;;;;;;;0;0;0
;;;;;;;;;;;;;;;0;0;0
;;;;;;;;;;;;;;;0;0;0
;;;;;;;;;;;;;;;0;0;0
;;;;;;;;;;;;;;;0;0;0
;;;;;;;;;;;;;;;0;0;0
;;;;;;;;;;;;;;;0;0;0
;;;;;;;;;;;;;;;0;0;0
;;;;;;;;;;;;;;;0;0;0
;;;;;;;;;;;;;;;0;0;0
;;;;;;;;;;;;;;;0;0;0
;;;;;;;;;;;;;;;0;0;0
;;;;;;;;;;;;;;;0;0;0
;;;;;;;;;;;;;;;0;0;0
;;;;;;;;;;;;;;;0;0;0
;;;;;;;;;;;;;;;0;0;0
;;;;;;;;;;;;;;;0;0;0
;;;;;;;;;;;;;;;0;0;0
;;;;;;;;;;;;;;;0;0;0
;;;;;;;;;;;;;;;0;0;0
;;;;;;;;;;;;;;;0;0;0
;;;;;;;;;;;;;;;0;0;0
;;;;;;;;;;;;;;;0;0;0
;;;;;;;;;;;;;;;0;0;0
;;;;;;;;;;;;;;;0;0;0
;;;;;;;;;;;;;;;0;0;0
;;;;;;;;;;;;;;;0;0;0
;;;;;;;;;;;;;;;0;0;0
;;;;;;;;;;;;;;;0;0;0
;;;;;;;;;;;;;;;0;0;0
;;;;;;;;;;;;;;;0;0;0
;;;;;;;;;;;;;;;0;0;0
;;;;;;;;;;;;;;;0;0;0
;;;;;;;;;;;;;;;0;0;0
;;;;;;;;;;;;;;;0;0;0
;;;;;;;;;;;;;;;0;0;0
;;;;;;;;;;;;;;;0;0;0
;;;;;;;;;;;;;;;0;0;0
;;;;;;;;;;;;;;;0;0;0
;;;;;;;;;;;;;;;0;0;0
;;;;;;;;;;;;;;;0;0;0
;;;;;;;;;;;;;;;0;0;0
;;;;;;;;;;;;;;;0;0;0
;;;;;;;;;;;;;;;0;0;0
;;;;;;;;;;;;;;;0;0;0
;;;;;;;;;;;;;;;0;0;0
;;;;;;;;;;;;;;;0;0;0
;;;;;;;;;;;;;;;0;0;0
;;;;;;;;;;;;;;;0;0;0
;;;;;;;;;;;;;;;0;0;0
;;;;;;;;;;;;;;;0;0;0
;;;;;;;;;;;;;;;0;0;0
;;;;;;;;;;;;;;;0;0;0
;;;;;;;;;;;;;;;0;0;0
;;;;;;;;;;;;;;;0;0;0
;;;;;;;;;;;;;;;0;0;0
;;;;;;;;;;;;;;;0;0;0
;;;;;;;;;;;;;;;0;0;0
;;;;;;;;;;;;;;;0;0;0
;;;;;;;;;;;;;;;0;0;0
;;;;;;;;;;;;;;;0;0;0
;;;;;;;;;;;;;;;0;0;0
;;;;;;;;;;;;;;;0;0;0
;;;;;;;;;;;;;;;0;0;0
;;;;;;;;;;;;;;;0;0;0
;;;;;;;;;;;;;;;0;0;0
;;;;;;;;;;;;;;;0;0;0
;;;;;;;;;;;;;;;0;0;0
;;;;;;;;;;;;;;;0;0;0
;;;;;;;;;;;;;;;0;0;0
;;;;;;;;;;;;;;;0;0;0
;;;;;;;;;;;;;;;0;0;0
;;;;;;;;;;;;;;;0;0;0
;;;;;;;;;;;;;;;0;0;0
;;;;;;;;;;;;;;;0;0;0
;;;;;;;;;;;;;;;0;0;0
;;;;;;;;;;;;;;;0;0;0
;;;;;;;;;;;;;;;0;0;0
;;;;;;;;;;;;;;;0;0;0
;;;;;;;;;;;;;;;0;0;0
;;;;;;;;;;;;;;;0;0;0
;;;;;;;;;;;;;;;0;0;0
;;;;;;;;;;;;;;;0;0;0
;;;;;;;;;;;;;;;0;0;0
;;;;;;;;;;;;;;;0;0;0
;;;;;;;;;;;;;;;0;0;0
;;;;;;;;;;;;;;;0;0;0
;;;;;;;;;;;;;;;0;0;0
;;;;;;;;;;;;;;;0;0;0
;;;;;;;;;;;;;;;0;0;0
;;;;;;;;;;;;;;;0;0;0
;;;;;;;;;;;;;;;0;0;0
;;;;;;;;;;;;;;;0;0;0
;;;;;;;;;;;;;;;0;0;0
;;;;;;;;;;;;;;;0;0;0
;;;;;;;;;;;;;;;0;0;0
;;;;;;;;;;;;;;;0;0;0
;;;;;;;;;;;;;;;0;0;0
;;;;;;;;;;;;;;;0;0;0
;;;;;;;;;;;;;;;0;0;0
;;;;;;;;;;;;;;;0;0;0
;;;;;;;;;;;;;;;0;0;0
;;;;;;;;;;;;;;;0;0;0
;;;;;;;;;;;;;;;0;0;0
;;;;;;;;;;;;;;;0;0;0
;;;;;;;;;;;;;;;0;0;0
;;;;;;;;;;;;;;;0;0;0
;;;;;;;;;;;;;;;0;0;0
;;;;;;;;;;;;;;;0;0;0
;;;;;;;;;;;;;;;0;0;0
;;;;;;;;;;;;;;;0;0;0
;;;;;;;;;;;;;;;0;0;0
;;;;;;;;;;;;;;;0;0;0
;;;;;;;;;;;;;;;0;0;0
;;;;;;;;;;;;;;;0;0;0
;;;;;;;;;;;;;;;0;0;0
;;;;;;;;;;;;;;;0;0;0
;;;;;;;;;;;;;;;0;0;0
;;;;;;;;;;;;;;;0;0;0
;;;;;;;;;;;;;;;0;0;0
;;;;;;;;;;;;;;;0;0;0
;;;;;;;;;;;;;;;0;0;0
;;;;;;;;;;;;;;;0;0;0
;;;;;;;;;;;;;;;0;0;0
;;;;;;;;;;;;;;;0;0;0
;;;;;;;;;;;;;;;0;0;0
;;;;;;;;;;;;;;;0;0;0
;;;;;;;;;;;;;;;0;0;0
;;;;;;;;;;;;;;;0;0;0
;;;;;;;;;;;;;;;0;0;0
;;;;;;;;;;;;;;;0;0;0
;;;;;;;;;;;;;;;0;0;0
;;;;;;;;;;;;;;;0;0;0
;;;;;;;;;;;;;;;0;0;0
;;;;;;;;;;;;;;;0;0;0
;;;;;;;;;;;;;;;0;0;0
;;;;;;;;;;;;;;;0;0;0
;;;;;;;;;;;;;;;0;0;0
;;;;;;;;;;;;;;;0;0;0
;;;;;;;;;;;;;;;0;0;0
;;;;;;;;;;;;;;;0;0;0
;;;;;;;;;;;;;;;0;0;0
;;;;;;;;;;;;;;;0;0;0
;;;;;;;;;;;;;;;0;0;0
;;;;;;;;;;;;;;;0;0;0
;;;;;;;;;;;;;;;0;0;0
;;;;;;;;;;;;;;;0;0;0
;;;;;;;;;;;;;;;0;0;0
;;;;;;;;;;;;;;;0;0;0
;;;;;;;;;;;;;;;0;0;0
;;;;;;;;;;;;;;;0;0;0
;;;;;;;;;;;;;;;0;0;0
;;;;;;;;;;;;;;;0;0;0
;;;;;;;;;;;;;;;0;0;0
;;;;;;;;;;;;;;;0;0;0
;;;;;;;;;;;;;;;0;0;0
;;;;;;;;;;;;;;;0;0;0
;;;;;;;;;;;;;;;0;0;0
;;;;;;;;;;;;;;;0;0;0
;;;;;;;;;;;;;;;0;0;0
;;;;;;;;;;;;;;;0;0;0
;;;;;;;;;;;;;;;0;0;0
;;;;;;;;;;;;;;;0;0;0
;;;;;;;;;;;;;;;0;0;0
;;;;;;;;;;;;;;;0;0;0
;;;;;;;;;;;;;;;0;0;0
;;;;;;;;;;;;;;;0;0;0
;;;;;;;;;;;;;;;0;0;0
;;;;;;;;;;;;;;;0;0;0
;;;;;;;;;;;;;;;0;0;0
;;;;;;;;;;;;;;;0;0;0
;;;;;;;;;;;;;;;0;0;0
;;;;;;;;;;;;;;;0;0;0
;;;;;;;;;;;;;;;0;0;0
;;;;;;;;;;;;;;;0;0;0
;;;;;;;;;;;;;;;0;0;0
;;;;;;;;;;;;;;;0;0;0
;;;;;;;;;;;;;;;0;0;0
;;;;;;;;;;;;;;;0;0;0
;;;;;;;;;;;;;;;0;0;0
;;;;;;;;;;;;;;;0;0;0
;;;;;;;;;;;;;;;0;0;0
;;;;;;;;;;;;;;;0;0;0
;;;;;;;;;;;;;;;0;0;0
;;;;;;;;;;;;;;;0;0;0
;;;;;;;;;;;;;;;0;0;0
;;;;;;;;;;;;;;;0;0;0
;;;;;;;;;;;;;;;0;0;0
;;;;;;;;;;;;;;;0;0;0
;;;;;;;;;;;;;;;0;0;0
;;;;;;;;;;;;;;;0;0;0
;;;;;;;;;;;;;;;0;0;0
;;;;;;;;;;;;;;;0;0;0
;;;;;;;;;;;;;;;0;0;0
;;;;;;;;;;;;;;;0;0;0
;;;;;;;;;;;;;;;0;0;0
;;;;;;;;;;;;;;;0;0;0
;;;;;;;;;;;;;;;0;0;0
;;;;;;;;;;;;;;;0;0;0
;;;;;;;;;;;;;;;0;0;0
;;;;;;;;;;;;;;;0;0;0
;;;;;;;;;;;;;;;0;0;0
;;;;;;;;;;;;;;;0;0;0
;;;;;;;;;;;;;;;0;0;0
;;;;;;;;;;;;;;;0;0;0
;;;;;;;;;;;;;;;0;0;0
;;;;;;;;;;;;;;;0;0;0
;;;;;;;;;;;;;;;0;0;0
;;;;;;;;;;;;;;;0;0;0
;;;;;;;;;;;;;;;0;0;0
;;;;;;;;;;;;;;;0;0;0
;;;;;;;;;;;;;;;0;0;0
;;;;;;;;;;;;;;;0;0;0
;;;;;;;;;;;;;;;0;0;0
;;;;;;;;;;;;;;;0;0;0
;;;;;;;;;;;;;;;0;0;0
;;;;;;;;;;;;;;;0;0;0
;;;;;;;;;;;;;;;0;0;0
;;;;;;;;;;;;;;;0;0;0
;;;;;;;;;;;;;;;0;0;0
;;;;;;;;;;;;;;;0;0;0
;;;;;;;;;;;;;;;0;0;0
;;;;;;;;;;;;;;;0;0;0
;;;;;;;;;;;;;;;0;0;0
;;;;;;;;;;;;;;;0;0;0
;;;;;;;;;;;;;;;0;0;0
;;;;;;;;;;;;;;;0;0;0
;;;;;;;;;;;;;;;0;0;0
;;;;;;;;;;;;;;;0;0;0
;;;;;;;;;;;;;;;0;0;0
;;;;;;;;;;;;;;;0;0;0
;;;;;;;;;;;;;;;0;0;0
;;;;;;;;;;;;;;;0;0;0
;;;;;;;;;;;;;;;0;0;0
;;;;;;;;;;;;;;;0;0;0
;;;;;;;;;;;;;;;0;0;0
;;;;;;;;;;;;;;;0;0;0
;;;;;;;;;;;;;;;0;0;0
;;;;;;;;;;;;;;;0;0;0
;;;;;;;;;;;;;;;0;0;0
;;;;;;;;;;;;;;;0;0;0
;;;;;;;;;;;;;;;0;0;0
;;;;;;;;;;;;;;;0;0;0
;;;;;;;;;;;;;;;0;0;0
;;;;;;;;;;;;;;;0;0;0
;;;;;;;;;;;;;;;0;0;0
;;;;;;;;;;;;;;;0;0;0
;;;;;;;;;;;;;;;0;0;0
;;;;;;;;;;;;;;;0;0;0
;;;;;;;;;;;;;;;0;0;0
;;;;;;;;;;;;;;;0;0;0
;;;;;;;;;;;;;;;0;0;0
;;;;;;;;;;;;;;;0;0;0
;;;;;;;;;;;;;;;0;0;0
;;;;;;;;;;;;;;;0;0;0
;;;;;;;;;;;;;;;0;0;0
;;;;;;;;;;;;;;;0;0;0
;;;;;;;;;;;;;;;0;0;0
;;;;;;;;;;;;;;;0;0;0
;;;;;;;;;;;;;;;0;0;0
;;;;;;;;;;;;;;;0;0;0
;;;;;;;;;;;;;;;0;0;0
;;;;;;;;;;;;;;;0;0;0
;;;;;;;;;;;;;;;0;0;0
;;;;;;;;;;;;;;;0;0;0
;;;;;;;;;;;;;;;0;0;0
;;;;;;;;;;;;;;;0;0;0
;;;;;;;;;;;;;;;0;0;0
;;;;;;;;;;;;;;;0;0;0
;;;;;;;;;;;;;;;0;0;0
;;;;;;;;;;;;;;;0;0;0
;;;;;;;;;;;;;;;0;0;0
;;;;;;;;;;;;;;;0;0;0
;;;;;;;;;;;;;;;0;0;0
;;;;;;;;;;;;;;;0;0;0
;;;;;;;;;;;;;;;0;0;0
;;;;;;;;;;;;;;;0;0;0
;;;;;;;;;;;;;;;0;0;0
;;;;;;;;;;;;;;;0;0;0
;;;;;;;;;;;;;;;0;0;0
;;;;;;;;;;;;;;;0;0;0
;;;;;;;;;;;;;;;0;0;0
;;;;;;;;;;;;;;;0;0;0
;;;;;;;;;;;;;;;0;0;0
;;;;;;;;;;;;;;;0;0;0
;;;;;;;;;;;;;;;0;0;0
;;;;;;;;;;;;;;;0;0;0
;;;;;;;;;;;;;;;0;0;0
;;;;;;;;;;;;;;;0;0;0
;;;;;;;;;;;;;;;0;0;0
;;;;;;;;;;;;;;;0;0;0
;;;;;;;;;;;;;;;0;0;0
;;;;;;;;;;;;;;;0;0;0
;;;;;;;;;;;;;;;0;0;0
;;;;;;;;;;;;;;;0;0;0
;;;;;;;;;;;;;;;0;0;0
;;;;;;;;;;;;;;;0;0;0
;;;;;;;;;;;;;;;0;0;0
;;;;;;;;;;;;;;;0;0;0
;;;;;;;;;;;;;;;0;0;0
;;;;;;;;;;;;;;;0;0;0
;;;;;;;;;;;;;;;0;0;0
;;;;;;;;;;;;;;;0;0;0
;;;;;;;;;;;;;;;0;0;0
;;;;;;;;;;;;;;;0;0;0
;;;;;;;;;;;;;;;0;0;0
;;;;;;;;;;;;;;;0;0;0
;;;;;;;;;;;;;;;0;0;0
;;;;;;;;;;;;;;;0;0;0
;;;;;;;;;;;;;;;0;0;0
;;;;;;;;;;;;;;;0;0;0
;;;;;;;;;;;;;;;0;0;0
;;;;;;;;;;;;;;;0;0;0
;;;;;;;;;;;;;;;0;0;0
;;;;;;;;;;;;;;;0;0;0
;;;;;;;;;;;;;;;0;0;0
;;;;;;;;;;;;;;;0;0;0
;;;;;;;;;;;;;;;0;0;0
;;;;;;;;;;;;;;;0;0;0
;;;;;;;;;;;;;;;0;0;0
;;;;;;;;;;;;;;;0;0;0
;;;;;;;;;;;;;;;0;0;0
;;;;;;;;;;;;;;;0;0;0
;;;;;;;;;;;;;;;0;0;0
;;;;;;;;;;;;;;;0;0;0
;;;;;;;;;;;;;;;0;0;0
;;;;;;;;;;;;;;;0;0;0
;;;;;;;;;;;;;;;0;0;0
;;;;;;;;;;;;;;;0;0;0
;;;;;;;;;;;;;;;0;0;0
;;;;;;;;;;;;;;;0;0;0
;;;;;;;;;;;;;;;0;0;0
;;;;;;;;;;;;;;;0;0;0
;;;;;;;;;;;;;;;0;0;0
;;;;;;;;;;;;;;;0;0;0
;;;;;;;;;;;;;;;0;0;0
;;;;;;;;;;;;;;;0;0;0
;;;;;;;;;;;;;;;0;0;0
;;;;;;;;;;;;;;;0;0;0
;;;;;;;;;;;;;;;0;0;0
;;;;;;;;;;;;;;;0;0;0
;;;;;;;;;;;;;;;0;0;0
;;;;;;;;;;;;;;;0;0;0
;;;;;;;;;;;;;;;0;0;0
;;;;;;;;;;;;;;;0;0;0
;;;;;;;;;;;;;;;0;0;0
;;;;;;;;;;;;;;;0;0;0
;;;;;;;;;;;;;;;0;0;0
;;;;;;;;;;;;;;;0;0;0
;;;;;;;;;;;;;;;0;0;0
;;;;;;;;;;;;;;;0;0;0
;;;;;;;;;;;;;;;0;0;0
;;;;;;;;;;;;;;;0;0;0
;;;;;;;;;;;;;;;0;0;0
;;;;;;;;;;;;;;;0;0;0
;;;;;;;;;;;;;;;0;0;0
;;;;;;;;;;;;;;;0;0;0
;;;;;;;;;;;;;;;0;0;0
;;;;;;;;;;;;;;;0;0;0
;;;;;;;;;;;;;;;0;0;0
;;;;;;;;;;;;;;;0;0;0
;;;;;;;;;;;;;;;0;0;0
;;;;;;;;;;;;;;;0;0;0
;;;;;;;;;;;;;;;0;0;0
;;;;;;;;;;;;;;;0;0;0
;;;;;;;;;;;;;;;0;0;0
;;;;;;;;;;;;;;;0;0;0
;;;;;;;;;;;;;;;0;0;0
;;;;;;;;;;;;;;;0;0;0
;;;;;;;;;;;;;;;0;0;0
;;;;;;;;;;;;;;;0;0;0
;;;;;;;;;;;;;;;0;0;0
;;;;;;;;;;;;;;;0;0;0
;;;;;;;;;;;;;;;0;0;0
;;;;;;;;;;;;;;;0;0;0
;;;;;;;;;;;;;;;0;0;0
;;;;;;;;;;;;;;;0;0;0
;;;;;;;;;;;;;;;0;0;0
;;;;;;;;;;;;;;;0;0;0
;;;;;;;;;;;;;;;0;0;0
;;;;;;;;;;;;;;;0;0;0
;;;;;;;;;;;;;;;0;0;0
;;;;;;;;;;;;;;;0;0;0
;;;;;;;;;;;;;;;0;0;0
;;;;;;;;;;;;;;;0;0;0
;;;;;;;;;;;;;;;0;0;0
;;;;;;;;;;;;;;;0;0;0
;;;;;;;;;;;;;;;0;0;0
;;;;;;;;;;;;;;;0;0;0
;;;;;;;;;;;;;;;0;0;0
;;;;;;;;;;;;;;;0;0;0
;;;;;;;;;;;;;;;0;0;0
;;;;;;;;;;;;;;;0;0;0
;;;;;;;;;;;;;;;0;0;0
;;;;;;;;;;;;;;;0;0;0
;;;;;;;;;;;;;;;0;0;0
;;;;;;;;;;;;;;;0;0;0
;;;;;;;;;;;;;;;0;0;0
;;;;;;;;;;;;;;;0;0;0
;;;;;;;;;;;;;;;0;0;0
;;;;;;;;;;;;;;;0;0;0
;;;;;;;;;;;;;;;0;0;0
;;;;;;;;;;;;;;;0;0;0
;;;;;;;;;;;;;;;0;0;0
;;;;;;;;;;;;;;;0;0;0
;;;;;;;;;;;;;;;0;0;0
;;;;;;;;;;;;;;;0;0;0
;;;;;;;;;;;;;;;0;0;0
;;;;;;;;;;;;;;;0;0;0
;;;;;;;;;;;;;;;0;0;0
;;;;;;;;;;;;;;;0;0;0
;;;;;;;;;;;;;;;0;0;0
;;;;;;;;;;;;;;;0;0;0
;;;;;;;;;;;;;;;0;0;0
;;;;;;;;;;;;;;;0;0;0
;;;;;;;;;;;;;;;0;0;0
;;;;;;;;;;;;;;;0;0;0
;;;;;;;;;;;;;;;0;0;0
;;;;;;;;;;;;;;;0;0;0
;;;;;;;;;;;;;;;0;0;0
;;;;;;;;;;;;;;;0;0;0
;;;;;;;;;;;;;;;0;0;0
;;;;;;;;;;;;;;;0;0;0
;;;;;;;;;;;;;;;0;0;0
;;;;;;;;;;;;;;;0;0;0
;;;;;;;;;;;;;;;0;0;0
;;;;;;;;;;;;;;;0;0;0
;;;;;;;;;;;;;;;0;0;0
;;;;;;;;;;;;;;;0;0;0
;;;;;;;;;;;;;;;0;0;0
;;;;;;;;;;;;;;;0;0;0
;;;;;;;;;;;;;;;0;0;0
;;;;;;;;;;;;;;;0;0;0
;;;;;;;;;;;;;;;0;0;0
;;;;;;;;;;;;;;;0;0;0
;;;;;;;;;;;;;;;0;0;0
;;;;;;;;;;;;;;;0;0;0
;;;;;;;;;;;;;;;0;0;0
;;;;;;;;;;;;;;;0;0;0
;;;;;;;;;;;;;;;0;0;0
;;;;;;;;;;;;;;;0;0;0
;;;;;;;;;;;;;;;0;0;0
;;;;;;;;;;;;;;;0;0;0
;;;;;;;;;;;;;;;0;0;0
;;;;;;;;;;;;;;;0;0;0
;;;;;;;;;;;;;;;0;0;0
;;;;;;;;;;;;;;;0;0;0
;;;;;;;;;;;;;;;0;0;0
;;;;;;;;;;;;;;;0;0;0
;;;;;;;;;;;;;;;0;0;0
;;;;;;;;;;;;;;;0;0;0
;;;;;;;;;;;;;;;0;0;0
;;;;;;;;;;;;;;;0;0;0
;;;;;;;;;;;;;;;0;0;0
;;;;;;;;;;;;;;;0;0;0
;;;;;;;;;;;;;;;0;0;0
;;;;;;;;;;;;;;;0;0;0
;;;;;;;;;;;;;;;0;0;0
;;;;;;;;;;;;;;;0;0;0
;;;;;;;;;;;;;;;0;0;0
;;;;;;;;;;;;;;;0;0;0
;;;;;;;;;;;;;;;0;0;0
;;;;;;;;;;;;;;;0;0;0
;;;;;;;;;;;;;;;0;0;0
;;;;;;;;;;;;;;;0;0;0
;;;;;;;;;;;;;;;0;0;0
;;;;;;;;;;;;;;;0;0;0
;;;;;;;;;;;;;;;0;0;0
;;;;;;;;;;;;;;;0;0;0
;;;;;;;;;;;;;;;0;0;0
;;;;;;;;;;;;;;;0;0;0
;;;;;;;;;;;;;;;0;0;0
;;;;;;;;;;;;;;;0;0;0
;;;;;;;;;;;;;;;0;0;0
;;;;;;;;;;;;;;;0;0;0
;;;;;;;;;;;;;;;0;0;0
;;;;;;;;;;;;;;;0;0;0
;;;;;;;;;;;;;;;0;0;0
;;;;;;;;;;;;;;;0;0;0
;;;;;;;;;;;;;;;0;0;0
;;;;;;;;;;;;;;;0;0;0
;;;;;;;;;;;;;;;0;0;0
;;;;;;;;;;;;;;;0;0;0
;;;;;;;;;;;;;;;0;0;0
;;;;;;;;;;;;;;;0;0;0
;;;;;;;;;;;;;;;0;0;0
;;;;;;;;;;;;;;;0;0;0
;;;;;;;;;;;;;;;0;0;0
;;;;;;;;;;;;;;;0;0;0
;;;;;;;;;;;;;;;0;0;0
;;;;;;;;;;;;;;;0;0;0
;;;;;;;;;;;;;;;0;0;0
;;;;;;;;;;;;;;;0;0;0
;;;;;;;;;;;;;;;0;0;0
;;;;;;;;;;;;;;;0;0;0
;;;;;;;;;;;;;;;0;0;0
;;;;;;;;;;;;;;;0;0;0
;;;;;;;;;;;;;;;0;0;0
;;;;;;;;;;;;;;;0;0;0
;;;;;;;;;;;;;;;0;0;0
;;;;;;;;;;;;;;;0;0;0
;;;;;;;;;;;;;;;0;0;0
;;;;;;;;;;;;;;;0;0;0
;;;;;;;;;;;;;;;0;0;0
;;;;;;;;;;;;;;;0;0;0
;;;;;;;;;;;;;;;0;0;0
;;;;;;;;;;;;;;;0;0;0
;;;;;;;;;;;;;;;0;0;0
;;;;;;;;;;;;;;;0;0;0
;;;;;;;;;;;;;;;0;0;0
;;;;;;;;;;;;;;;0;0;0
;;;;;;;;;;;;;;;0;0;0
;;;;;;;;;;;;;;;0;0;0
;;;;;;;;;;;;;;;0;0;0
;;;;;;;;;;;;;;;0;0;0
;;;;;;;;;;;;;;;0;0;0
;;;;;;;;;;;;;;;0;0;0
;;;;;;;;;;;;;;;0;0;0
;;;;;;;;;;;;;;;0;0;0
;;;;;;;;;;;;;;;0;0;0
;;;;;;;;;;;;;;;0;0;0
;;;;;;;;;;;;;;;0;0;0
;;;;;;;;;;;;;;;0;0;0
;;;;;;;;;;;;;;;0;0;0
;;;;;;;;;;;;;;;0;0;0
;;;;;;;;;;;;;;;0;0;0
;;;;;;;;;;;;;;;0;0;0
;;;;;;;;;;;;;;;0;0;0
;;;;;;;;;;;;;;;0;0;0
;;;;;;;;;;;;;;;0;0;0
;;;;;;;;;;;;;;;0;0;0
;;;;;;;;;;;;;;;0;0;0
;;;;;;;;;;;;;;;0;0;0
;;;;;;;;;;;;;;;0;0;0
;;;;;;;;;;;;;;;0;0;0
;;;;;;;;;;;;;;;0;0;0
;;;;;;;;;;;;;;;0;0;0
;;;;;;;;;;;;;;;0;0;0
;;;;;;;;;;;;;;;0;0;0
;;;;;;;;;;;;;;;0;0;0
;;;;;;;;;;;;;;;0;0;0
;;;;;;;;;;;;;;;0;0;0
;;;;;;;;;;;;;;;0;0;0
;;;;;;;;;;;;;;;0;0;0
;;;;;;;;;;;;;;;0;0;0
;;;;;;;;;;;;;;;0;0;0
;;;;;;;;;;;;;;;0;0;0
;;;;;;;;;;;;;;;0;0;0
;;;;;;;;;;;;;;;0;0;0
;;;;;;;;;;;;;;;0;0;0
;;;;;;;;;;;;;;;0;0;0
;;;;;;;;;;;;;;;0;0;0
;;;;;;;;;;;;;;;0;0;0
;;;;;;;;;;;;;;;0;0;0
;;;;;;;;;;;;;;;0;0;0
;;;;;;;;;;;;;;;0;0;0
;;;;;;;;;;;;;;;0;0;0
;;;;;;;;;;;;;;;0;0;0
;;;;;;;;;;;;;;;0;0;0
;;;;;;;;;;;;;;;0;0;0
;;;;;;;;;;;;;;;0;0;0
;;;;;;;;;;;;;;;0;0;0
;;;;;;;;;;;;;;;0;0;0
;;;;;;;;;;;;;;;0;0;0
;;;;;;;;;;;;;;;0;0;0
;;;;;;;;;;;;;;;0;0;0
;;;;;;;;;;;;;;;0;0;0
;;;;;;;;;;;;;;;0;0;0
;;;;;;;;;;;;;;;0;0;0
;;;;;;;;;;;;;;;0;0;0
;;;;;;;;;;;;;;;0;0;0
;;;;;;;;;;;;;;;0;0;0
;;;;;;;;;;;;;;;0;0;0
;;;;;;;;;;;;;;;0;0;0
;;;;;;;;;;;;;;;0;0;0
;;;;;;;;;;;;;;;0;0;0
;;;;;;;;;;;;;;;0;0;0
;;;;;;;;;;;;;;;0;0;0
;;;;;;;;;;;;;;;0;0;0
;;;;;;;;;;;;;;;0;0;0
;;;;;;;;;;;;;;;0;0;0
;;;;;;;;;;;;;;;0;0;0
;;;;;;;;;;;;;;;0;0;0
;;;;;;;;;;;;;;;0;0;0
;;;;;;;;;;;;;;;0;0;0
;;;;;;;;;;;;;;;0;0;0
;;;;;;;;;;;;;;;0;0;0
;;;;;;;;;;;;;;;0;0;0
;;;;;;;;;;;;;;;0;0;0
;;;;;;;;;;;;;;;0;0;0
;;;;;;;;;;;;;;;0;0;0
;;;;;;;;;;;;;;;0;0;0
;;;;;;;;;;;;;;;0;0;0
;;;;;;;;;;;;;;;0;0;0
;;;;;;;;;;;;;;;0;0;0
;;;;;;;;;;;;;;;0;0;0
;;;;;;;;;;;;;;;0;0;0
;;;;;;;;;;;;;;;0;0;0
;;;;;;;;;;;;;;;0;0;0
;;;;;;;;;;;;;;;0;0;0
;;;;;;;;;;;;;;;0;0;0
;;;;;;;;;;;;;;;0;0;0
;;;;;;;;;;;;;;;0;0;0
;;;;;;;;;;;;;;;0;0;0
;;;;;;;;;;;;;;;0;0;0
;;;;;;;;;;;;;;;0;0;0
;;;;;;;;;;;;;;;0;0;0
;;;;;;;;;;;;;;;0;0;0
;;;;;;;;;;;;;;;0;0;0
;;;;;;;;;;;;;;;0;0;0
;;;;;;;;;;;;;;;0;0;0
;;;;;;;;;;;;;;;0;0;0
;;;;;;;;;;;;;;;0;0;0
;;;;;;;;;;;;;;;0;0;0
;;;;;;;;;;;;;;;0;0;0
;;;;;;;;;;;;;;;0;0;0
;;;;;;;;;;;;;;;0;0;0
;;;;;;;;;;;;;;;0;0;0
;;;;;;;;;;;;;;;0;0;0
;;;;;;;;;;;;;;;0;0;0
;;;;;;;;;;;;;;;0;0;0
;;;;;;;;;;;;;;;0;0;0
;;;;;;;;;;;;;;;0;0;0
;;;;;;;;;;;;;;;0;0;0
;;;;;;;;;;;;;;;0;0;0
;;;;;;;;;;;;;;;0;0;0
;;;;;;;;;;;;;;;0;0;0
;;;;;;;;;;;;;;;0;0;0
;;;;;;;;;;;;;;;0;0;0
;;;;;;;;;;;;;;;0;0;0
;;;;;;;;;;;;;;;0;0;0
;;;;;;;;;;;;;;;0;0;0
;;;;;;;;;;;;;;;0;0;0
;;;;;;;;;;;;;;;0;0;0
;;;;;;;;;;;;;;;0;0;0
;;;;;;;;;;;;;;;0;0;0
;;;;;;;;;;;;;;;0;0;0
;;;;;;;;;;;;;;;0;0;0
;;;;;;;;;;;;;;;0;0;0
;;;;;;;;;;;;;;;0;0;0
;;;;;;;;;;;;;;;0;0;0
;;;;;;;;;;;;;;;0;0;0
;;;;;;;;;;;;;;;0;0;0
;;;;;;;;;;;;;;;0;0;0
;;;;;;;;;;;;;;;0;0;0
;;;;;;;;;;;;;;;0;0;0
;;;;;;;;;;;;;;;0;0;0
;;;;;;;;;;;;;;;0;0;0
;;;;;;;;;;;;;;;0;0;0
;;;;;;;;;;;;;;;0;0;0
;;;;;;;;;;;;;;;0;0;0
;;;;;;;;;;;;;;;0;0;0
;;;;;;;;;;;;;;;0;0;0
;;;;;;;;;;;;;;;0;0;0
;;;;;;;;;;;;;;;0;0;0
;;;;;;;;;;;;;;;0;0;0
;;;;;;;;;;;;;;;0;0;0
;;;;;;;;;;;;;;;0;0;0
;;;;;;;;;;;;;;;0;0;0
;;;;;;;;;;;;;;;0;0;0
;;;;;;;;;;;;;;;0;0;0
;;;;;;;;;;;;;;;0;0;0
;;;;;;;;;;;;;;;0;0;0
;;;;;;;;;;;;;;;0;0;0
;;;;;;;;;;;;;;;0;0;0
;;;;;;;;;;;;;;;0;0;0
;;;;;;;;;;;;;;;0;0;0
;;;;;;;;;;;;;;;0;0;0
;;;;;;;;;;;;;;;0;0;0
;;;;;;;;;;;;;;;0;0;0
;;;;;;;;;;;;;;;0;0;0
;;;;;;;;;;;;;;;0;0;0
;;;;;;;;;;;;;;;0;0;0
;;;;;;;;;;;;;;;0;0;0
;;;;;;;;;;;;;;;0;0;0
;;;;;;;;;;;;;;;0;0;0
;;;;;;;;;;;;;;;0;0;0
;;;;;;;;;;;;;;;0;0;0
;;;;;;;;;;;;;;;0;0;0
;;;;;;;;;;;;;;;0;0;0
;;;;;;;;;;;;;;;0;0;0
;;;;;;;;;;;;;;;0;0;0
;;;;;;;;;;;;;;;0;0;0
;;;;;;;;;;;;;;;0;0;0
;;;;;;;;;;;;;;;0;0;0
;;;;;;;;;;;;;;;0;0;0
;;;;;;;;;;;;;;;0;0;0
;;;;;;;;;;;;;;;0;0;0
;;;;;;;;;;;;;;;0;0;0
;;;;;;;;;;;;;;;0;0;0
;;;;;;;;;;;;;;;0;0;0
;;;;;;;;;;;;;;;0;0;0
;;;;;;;;;;;;;;;0;0;0
;;;;;;;;;;;;;;;0;0;0
;;;;;;;;;;;;;;;0;0;0
;;;;;;;;;;;;;;;0;0;0
;;;;;;;;;;;;;;;0;0;0
;;;;;;;;;;;;;;;0;0;0
;;;;;;;;;;;;;;;0;0;0
;;;;;;;;;;;;;;;0;0;0
;;;;;;;;;;;;;;;0;0;0
;;;;;;;;;;;;;;;0;0;0
;;;;;;;;;;;;;;;0;0;0
;;;;;;;;;;;;;;;0;0;0
;;;;;;;;;;;;;;;0;0;0
;;;;;;;;;;;;;;;0;0;0
;;;;;;;;;;;;;;;0;0;0
;;;;;;;;;;;;;;;0;0;0
;;;;;;;;;;;;;;;0;0;0
;;;;;;;;;;;;;;;0;0;0
;;;;;;;;;;;;;;;0;0;0
;;;;;;;;;;;;;;;0;0;0
;;;;;;;;;;;;;;;0;0;0
;;;;;;;;;;;;;;;0;0;0
;;;;;;;;;;;;;;;0;0;0
;;;;;;;;;;;;;;;0;0;0
;;;;;;;;;;;;;;;0;0;0
;;;;;;;;;;;;;;;0;0;0
;;;;;;;;;;;;;;;0;0;0
;;;;;;;;;;;;;;;0;0;0
;;;;;;;;;;;;;;;0;0;0
;;;;;;;;;;;;;;;0;0;0
;;;;;;;;;;;;;;;0;0;0
;;;;;;;;;;;;;;;0;0;0
;;;;;;;;;;;;;;;0;0;0
;;;;;;;;;;;;;;;0;0;0
;;;;;;;;;;;;;;;0;0;0
;;;;;;;;;;;;;;;0;0;0
;;;;;;;;;;;;;;;0;0;0
;;;;;;;;;;;;;;;0;0;0
;;;;;;;;;;;;;;;0;0;0
;;;;;;;;;;;;;;;0;0;0
;;;;;;;;;;;;;;;0;0;0
;;;;;;;;;;;;;;;0;0;0
;;;;;;;;;;;;;;;0;0;0
;;;;;;;;;;;;;;;0;0;0
;;;;;;;;;;;;;;;0;0;0
;;;;;;;;;;;;;;;0;0;0
;;;;;;;;;;;;;;;0;0;0
;;;;;;;;;;;;;;;0;0;0
;;;;;;;;;;;;;;;0;0;0
;;;;;;;;;;;;;;;0;0;0
;;;;;;;;;;;;;;;0;0;0
;;;;;;;;;;;;;;;0;0;0
;;;;;;;;;;;;;;;0;0;0
;;;;;;;;;;;;;;;0;0;0
;;;;;;;;;;;;;;;0;0;0
;;;;;;;;;;;;;;;0;0;0
;;;;;;;;;;;;;;;0;0;0
;;;;;;;;;;;;;;;0;0;0
;;;;;;;;;;;;;;;0;0;0
;;;;;;;;;;;;;;;0;0;0
;;;;;;;;;;;;;;;0;0;0
;;;;;;;;;;;;;;;0;0;0
;;;;;;;;;;;;;;;0;0;0
;;;;;;;;;;;;;;;0;0;0
;;;;;;;;;;;;;;;0;0;0
;;;;;;;;;;;;;;;0;0;0
;;;;;;;;;;;;;;;0;0;0
;;;;;;;;;;;;;;;0;0;0
;;;;;;;;;;;;;;;0;0;0
;;;;;;;;;;;;;;;0;0;0
;;;;;;;;;;;;;;;0;0;0
;;;;;;;;;;;;;;;0;0;0
;;;;;;;;;;;;;;;0;0;0
;;;;;;;;;;;;;;;0;0;0
;;;;;;;;;;;;;;;0;0;0
;;;;;;;;;;;;;;;0;0;0
;;;;;;;;;;;;;;;0;0;0
;;;;;;;;;;;;;;;0;0;0
;;;;;;;;;;;;;;;0;0;0
;;;;;;;;;;;;;;;0;0;0
;;;;;;;;;;;;;;;0;0;0
;;;;;;;;;;;;;;;0;0;0
;;;;;;;;;;;;;;;0;0;0
;;;;;;;;;;;;;;;0;0;0
;;;;;;;;;;;;;;;0;0;0
;;;;;;;;;;;;;;;0;0;0
;;;;;;;;;;;;;;;0;0;0
;;;;;;;;;;;;;;;0;0;0
;;;;;;;;;;;;;;;0;0;0
;;;;;;;;;;;;;;;0;0;0
;;;;;;;;;;;;;;;0;0;0
;;;;;;;;;;;;;;;0;0;0
;;;;;;;;;;;;;;;0;0;0
;;;;;;;;;;;;;;;0;0;0
;;;;;;;;;;;;;;;0;0;0
;;;;;;;;;;;;;;;0;0;0
;;;;;;;;;;;;;;;0;0;0
;;;;;;;;;;;;;;;0;0;0
;;;;;;;;;;;;;;;0;0;0
;;;;;;;;;;;;;;;0;0;0
;;;;;;;;;;;;;;;0;0;0
;;;;;;;;;;;;;;;0;0;0
;;;;;;;;;;;;;;;0;0;0
;;;;;;;;;;;;;;;0;0;0
;;;;;;;;;;;;;;;0;0;0
;;;;;;;;;;;;;;;0;0;0
;;;;;;;;;;;;;;;0;0;0
;;;;;;;;;;;;;;;0;0;0
;;;;;;;;;;;;;;;0;0;0
;;;;;;;;;;;;;;;0;0;0
;;;;;;;;;;;;;;;0;0;0
;;;;;;;;;;;;;;;0;0;0
;;;;;;;;;;;;;;;0;0;0
;;;;;;;;;;;;;;;0;0;0
;;;;;;;;;;;;;;;0;0;0
;;;;;;;;;;;;;;;0;0;0
;;;;;;;;;;;;;;;0;0;0
;;;;;;;;;;;;;;;0;0;0
;;;;;;;;;;;;;;;0;0;0
;;;;;;;;;;;;;;;0;0;0
;;;;;;;;;;;;;;;0;0;0
;;;;;;;;;;;;;;;0;0;0
;;;;;;;;;;;;;;;0;0;0
;;;;;;;;;;;;;;;0;0;0
;;;;;;;;;;;;;;;0;0;0
;;;;;;;;;;;;;;;0;0;0
;;;;;;;;;;;;;;;0;0;0
;;;;;;;;;;;;;;;0;0;0
;;;;;;;;;;;;;;;0;0;0
;;;;;;;;;;;;;;;0;0;0
;;;;;;;;;;;;;;;0;0;0
;;;;;;;;;;;;;;;0;0;0
;;;;;;;;;;;;;;;0;0;0
;;;;;;;;;;;;;;;0;0;0
;;;;;;;;;;;;;;;0;0;0
;;;;;;;;;;;;;;;0;0;0
;;;;;;;;;;;;;;;0;0;0
;;;;;;;;;;;;;;;0;0;0
;;;;;;;;;;;;;;;0;0;0
;;;;;;;;;;;;;;;0;0;0
;;;;;;;;;;;;;;;0;0;0
;;;;;;;;;;;;;;;0;0;0
;;;;;;;;;;;;;;;0;0;0
;;;;;;;;;;;;;;;0;0;0
;;;;;;;;;;;;;;;0;0;0
;;;;;;;;;;;;;;;0;0;0
;;;;;;;;;;;;;;;0;0;0
;;;;;;;;;;;;;;;0;0;0
;;;;;;;;;;;;;;;0;0;0
;;;;;;;;;;;;;;;0;0;0
;;;;;;;;;;;;;;;0;0;0
;;;;;;;;;;;;;;;0;0;0
;;;;;;;;;;;;;;;0;0;0
;;;;;;;;;;;;;;;0;0;0
;;;;;;;;;;;;;;;0;0;0
;;;;;;;;;;;;;;;0;0;0
;;;;;;;;;;;;;;;0;0;0
;;;;;;;;;;;;;;;0;0;0
;;;;;;;;;;;;;;;0;0;0
;;;;;;;;;;;;;;;0;0;0
;;;;;;;;;;;;;;;0;0;0
;;;;;;;;;;;;;;;0;0;0
;;;;;;;;;;;;;;;0;0;0
;;;;;;;;;;;;;;;0;0;0
;;;;;;;;;;;;;;;0;0;0
;;;;;;;;;;;;;;;0;0;0
;;;;;;;;;;;;;;;0;0;0
;;;;;;;;;;;;;;;0;0;0
;;;;;;;;;;;;;;;0;0;0
;;;;;;;;;;;;;;;0;0;0
;;;;;;;;;;;;;;;0;0;0
;;;;;;;;;;;;;;;0;0;0
;;;;;;;;;;;;;;;0;0;0
;;;;;;;;;;;;;;;0;0;0
;;;;;;;;;;;;;;;0;0;0
;;;;;;;;;;;;;;;0;0;0
;;;;;;;;;;;;;;;0;0;0
;;;;;;;;;;;;;;;0;0;0
;;;;;;;;;;;;;;;0;0;0
;;;;;;;;;;;;;;;0;0;0
;;;;;;;;;;;;;;;0;0;0
;;;;;;;;;;;;;;;0;0;0
;;;;;;;;;;;;;;;0;0;0
;;;;;;;;;;;;;;;0;0;0
;;;;;;;;;;;;;;;0;0;0
;;;;;;;;;;;;;;;0;0;0
;;;;;;;;;;;;;;;0;0;0
;;;;;;;;;;;;;;;0;0;0
;;;;;;;;;;;;;;;0;0;0
;;;;;;;;;;;;;;;0;0;0
;;;;;;;;;;;;;;;0;0;0
;;;;;;;;;;;;;;;0;0;0
;;;;;;;;;;;;;;;0;0;0
;;;;;;;;;;;;;;;0;0;0
;;;;;;;;;;;;;;;0;0;0
;;;;;;;;;;;;;;;0;0;0
;;;;;;;;;;;;;;;0;0;0
;;;;;;;;;;;;;;;0;0;0
;;;;;;;;;;;;;;;0;0;0
;;;;;;;;;;;;;;;0;0;0
;;;;;;;;;;;;;;;0;0;0
;;;;;;;;;;;;;;;0;0;0
;;;;;;;;;;;;;;;0;0;0
;;;;;;;;;;;;;;;0;0;0
;;;;;;;;;;;;;;;0;0;0
;;;;;;;;;;;;;;;0;0;0
;;;;;;;;;;;;;;;0;0;0
;;;;;;;;;;;;;;;0;0;0
;;;;;;;;;;;;;;;0;0;0
;;;;;;;;;;;;;;;0;0;0
;;;;;;;;;;;;;;;0;0;0
;;;;;;;;;;;;;;;0;0;0
;;;;;;;;;;;;;;;0;0;0
;;;;;;;;;;;;;;;0;0;0
;;;;;;;;;;;;;;;0;0;0
;;;;;;;;;;;;;;;0;0;0
;;;;;;;;;;;;;;;0;0;0
;;;;;;;;;;;;;;;0;0;0
;;;;;;;;;;;;;;;0;0;0
;;;;;;;;;;;;;;;0;0;0
;;;;;;;;;;;;;;;0;0;0
;;;;;;;;;;;;;;;0;0;0
;;;;;;;;;;;;;;;0;0;0
;;;;;;;;;;;;;;;0;0;0
;;;;;;;;;;;;;;;0;0;0
;;;;;;;;;;;;;;;0;0;0
;;;;;;;;;;;;;;;0;0;0
;;;;;;;;;;;;;;;0;0;0
;;;;;;;;;;;;;;;0;0;0
;;;;;;;;;;;;;;;0;0;0
;;;;;;;;;;;;;;;0;0;0
;;;;;;;;;;;;;;;0;0;0
;;;;;;;;;;;;;;;0;0;0
;;;;;;;;;;;;;;;0;0;0
;;;;;;;;;;;;;;;0;0;0
;;;;;;;;;;;;;;;0;0;0
;;;;;;;;;;;;;;;0;0;0
;;;;;;;;;;;;;;;0;0;0
;;;;;;;;;;;;;;;0;0;0
;;;;;;;;;;;;;;;0;0;0
;;;;;;;;;;;;;;;0;0;0
;;;;;;;;;;;;;;;0;0;0
;;;;;;;;;;;;;;;0;0;0
;;;;;;;;;;;;;;;0;0;0
;;;;;;;;;;;;;;;0;0;0
;;;;;;;;;;;;;;;0;0;0
;;;;;;;;;;;;;;;0;0;0
;;;;;;;;;;;;;;;0;0;0
;;;;;;;;;;;;;;;0;0;0
;;;;;;;;;;;;;;;0;0;0
;;;;;;;;;;;;;;;0;0;0
;;;;;;;;;;;;;;;0;0;0
;;;;;;;;;;;;;;;0;0;0
;;;;;;;;;;;;;;;0;0;0
;;;;;;;;;;;;;;;0;0;0
;;;;;;;;;;;;;;;0;0;0
;;;;;;;;;;;;;;;0;0;0
;;;;;;;;;;;;;;;0;0;0
;;;;;;;;;;;;;;;0;0;0
;;;;;;;;;;;;;;;0;0;0
;;;;;;;;;;;;;;;0;0;0
;;;;;;;;;;;;;;;0;0;0
;;;;;;;;;;;;;;;0;0;0
;;;;;;;;;;;;;;;0;0;0
;;;;;;;;;;;;;;;0;0;0
;;;;;;;;;;;;;;;0;0;0
;;;;;;;;;;;;;;;0;0;0
;;;;;;;;;;;;;;;0;0;0
;;;;;;;;;;;;;;;0;0;0
;;;;;;;;;;;;;;;0;0;0
;;;;;;;;;;;;;;;0;0;0
;;;;;;;;;;;;;;;0;0;0
;;;;;;;;;;;;;;;0;0;0
;;;;;;;;;;;;;;;0;0;0
;;;;;;;;;;;;;;;0;0;0
;;;;;;;;;;;;;;;0;0;0
;;;;;;;;;;;;;;;0;0;0
;;;;;;;;;;;;;;;0;0;0
;;;;;;;;;;;;;;;0;0;0
;;;;;;;;;;;;;;;0;0;0
;;;;;;;;;;;;;;;0;0;0
;;;;;;;;;;;;;;;0;0;0
;;;;;;;;;;;;;;;0;0;0
;;;;;;;;;;;;;;;0;0;0
;;;;;;;;;;;;;;;0;0;0
;;;;;;;;;;;;;;;0;0;0
;;;;;;;;;;;;;;;0;0;0
;;;;;;;;;;;;;;;0;0;0
;;;;;;;;;;;;;;;0;0;0
;;;;;;;;;;;;;;;0;0;0
;;;;;;;;;;;;;;;0;0;0
;;;;;;;;;;;;;;;0;0;0
;;;;;;;;;;;;;;;0;0;0
;;;;;;;;;;;;;;;0;0;0
;;;;;;;;;;;;;;;0;0;0
;;;;;;;;;;;;;;;0;0;0
;;;;;;;;;;;;;;;0;0;0
;;;;;;;;;;;;;;;0;0;0
;;;;;;;;;;;;;;;0;0;0
;;;;;;;;;;;;;;;0;0;0
;;;;;;;;;;;;;;;0;0;0
;;;;;;;;;;;;;;;0;0;0
;;;;;;;;;;;;;;;0;0;0
;;;;;;;;;;;;;;;0;0;0
;;;;;;;;;;;;;;;0;0;0
;;;;;;;;;;;;;;;0;0;0
;;;;;;;;;;;;;;;0;0;0
;;;;;;;;;;;;;;;0;0;0
;;;;;;;;;;;;;;;0;0;0
;;;;;;;;;;;;;;;0;0;0
;;;;;;;;;;;;;;;0;0;0
;;;;;;;;;;;;;;;0;0;0
;;;;;;;;;;;;;;;0;0;0
;;;;;;;;;;;;;;;0;0;0
;;;;;;;;;;;;;;;0;0;0
;;;;;;;;;;;;;;;0;0;0
;;;;;;;;;;;;;;;0;0;0
;;;;;;;;;;;;;;;0;0;0
;;;;;;;;;;;;;;;0;0;0
;;;;;;;;;;;;;;;0;0;0
;;;;;;;;;;;;;;;0;0;0
;;;;;;;;;;;;;;;0;0;0
;;;;;;;;;;;;;;;0;0;0
;;;;;;;;;;;;;;;0;0;0
;;;;;;;;;;;;;;;0;0;0
;;;;;;;;;;;;;;;0;0;0
;;;;;;;;;;;;;;;0;0;0
;;;;;;;;;;;;;;;0;0;0
;;;;;;;;;;;;;;;0;0;0
;;;;;;;;;;;;;;;0;0;0
;;;;;;;;;;;;;;;0;0;0
;;;;;;;;;;;;;;;0;0;0
;;;;;;;;;;;;;;;0;0;0
;;;;;;;;;;;;;;;0;0;0
;;;;;;;;;;;;;;;0;0;0
;;;;;;;;;;;;;;;0;0;0
;;;;;;;;;;;;;;;0;0;0
;;;;;;;;;;;;;;;0;0;0
;;;;;;;;;;;;;;;0;0;0
;;;;;;;;;;;;;;;0;0;0
;;;;;;;;;;;;;;;0;0;0
;;;;;;;;;;;;;;;0;0;0
;;;;;;;;;;;;;;;0;0;0
;;;;;;;;;;;;;;;0;0;0
;;;;;;;;;;;;;;;0;0;0
;;;;;;;;;;;;;;;0;0;0
;;;;;;;;;;;;;;;0;0;0
;;;;;;;;;;;;;;;0;0;0
;;;;;;;;;;;;;;;0;0;0
;;;;;;;;;;;;;;;0;0;0
;;;;;;;;;;;;;;;0;0;0
;;;;;;;;;;;;;;;0;0;0
;;;;;;;;;;;;;;;0;0;0
;;;;;;;;;;;;;;;0;0;0
;;;;;;;;;;;;;;;0;0;0
;;;;;;;;;;;;;;;0;0;0
;;;;;;;;;;;;;;;0;0;0
;;;;;;;;;;;;;;;0;0;0
;;;;;;;;;;;;;;;0;0;0
;;;;;;;;;;;;;;;0;0;0
;;;;;;;;;;;;;;;0;0;0
;;;;;;;;;;;;;;;0;0;0
;;;;;;;;;;;;;;;0;0;0
;;;;;;;;;;;;;;;0;0;0
;;;;;;;;;;;;;;;0;0;0
;;;;;;;;;;;;;;;0;0;0
;;;;;;;;;;;;;;;0;0;0
;;;;;;;;;;;;;;;0;0;0
;;;;;;;;;;;;;;;0;0;0
;;;;;;;;;;;;;;;0;0;0
;;;;;;;;;;;;;;;0;0;0
;;;;;;;;;;;;;;;0;0;0
;;;;;;;;;;;;;;;0;0;0
;;;;;;;;;;;;;;;0;0;0
;;;;;;;;;;;;;;;0;0;0
;;;;;;;;;;;;;;;0;0;0
;;;;;;;;;;;;;;;0;0;0
;;;;;;;;;;;;;;;0;0;0
;;;;;;;;;;;;;;;0;0;0
;;;;;;;;;;;;;;;0;0;0
;;;;;;;;;;;;;;;0;0;0
;;;;;;;;;;;;;;;0;0;0
;;;;;;;;;;;;;;;0;0;0
;;;;;;;;;;;;;;;0;0;0
;;;;;;;;;;;;;;;0;0;0
;;;;;;;;;;;;;;;0;0;0
;;;;;;;;;;;;;;;0;0;0
;;;;;;;;;;;;;;;0;0;0
;;;;;;;;;;;;;;;0;0;0
;;;;;;;;;;;;;;;0;0;0
;;;;;;;;;;;;;;;0;0;0
;;;;;;;;;;;;;;;0;0;0
;;;;;;;;;;;;;;;0;0;0
;;;;;;;;;;;;;;;0;0;0
;;;;;;;;;;;;;;;0;0;0
;;;;;;;;;;;;;;;0;0;0
;;;;;;;;;;;;;;;0;0;0
;;;;;;;;;;;;;;;0;0;0
;;;;;;;;;;;;;;;0;0;0
;;;;;;;;;;;;;;;0;0;0
;;;;;;;;;;;;;;;0;0;0
;;;;;;;;;;;;;;;0;0;0
;;;;;;;;;;;;;;;0;0;0
;;;;;;;;;;;;;;;0;0;0
;;;;;;;;;;;;;;;0;0;0
;;;;;;;;;;;;;;;0;0;0
;;;;;;;;;;;;;;;0;0;0
;;;;;;;;;;;;;;;0;0;0
;;;;;;;;;;;;;;;0;0;0
;;;;;;;;;;;;;;;0;0;0
;;;;;;;;;;;;;;;0;0;0
;;;;;;;;;;;;;;;0;0;0
;;;;;;;;;;;;;;;0;0;0
;;;;;;;;;;;;;;;0;0;0
;;;;;;;;;;;;;;;0;0;0
;;;;;;;;;;;;;;;0;0;0
;;;;;;;;;;;;;;;0;0;0
;;;;;;;;;;;;;;;0;0;0
;;;;;;;;;;;;;;;0;0;0
;;;;;;;;;;;;;;;0;0;0
;;;;;;;;;;;;;;;0;0;0
;;;;;;;;;;;;;;;0;0;0
;;;;;;;;;;;;;;;0;0;0
;;;;;;;;;;;;;;;0;0;0
;;;;;;;;;;;;;;;0;0;0
;;;;;;;;;;;;;;;0;0;0
;;;;;;;;;;;;;;;0;0;0
;;;;;;;;;;;;;;;0;0;0
;;;;;;;;;;;;;;;0;0;0
;;;;;;;;;;;;;;;0;0;0
;;;;;;;;;;;;;;;0;0;0
;;;;;;;;;;;;;;;0;0;0
;;;;;;;;;;;;;;;0;0;0
;;;;;;;;;;;;;;;0;0;0
;;;;;;;;;;;;;;;0;0;0
;;;;;;;;;;;;;;;0;0;0
;;;;;;;;;;;;;;;0;0;0
;;;;;;;;;;;;;;;0;0;0
;;;;;;;;;;;;;;;0;0;0
;;;;;;;;;;;;;;;0;0;0
;;;;;;;;;;;;;;;0;0;0
;;;;;;;;;;;;;;;0;0;0
;;;;;;;;;;;;;;;0;0;0
;;;;;;;;;;;;;;;0;0;0
;;;;;;;;;;;;;;;0;0;0
;;;;;;;;;;;;;;;0;0;0
;;;;;;;;;;;;;;;0;0;0
;;;;;;;;;;;;;;;0;0;0
;;;;;;;;;;;;;;;0;0;0
;;;;;;;;;;;;;;;0;0;0
;;;;;;;;;;;;;;;0;0;0
;;;;;;;;;;;;;;;0;0;0
;;;;;;;;;;;;;;;0;0;0
;;;;;;;;;;;;;;;0;0;0
;;;;;;;;;;;;;;;0;0;0
;;;;;;;;;;;;;;;0;0;0
;;;;;;;;;;;;;;;0;0;0
;;;;;;;;;;;;;;;0;0;0
;;;;;;;;;;;;;;;0;0;0
;;;;;;;;;;;;;;;0;0;0
;;;;;;;;;;;;;;;0;0;0
;;;;;;;;;;;;;;;0;0;0
;;;;;;;;;;;;;;;0;0;0
;;;;;;;;;;;;;;;0;0;0
;;;;;;;;;;;;;;;0;0;0
;;;;;;;;;;;;;;;0;0;0
;;;;;;;;;;;;;;;0;0;0
;;;;;;;;;;;;;;;0;0;0
;;;;;;;;;;;;;;;0;0;0
;;;;;;;;;;;;;;;0;0;0
;;;;;;;;;;;;;;;0;0;0
;;;;;;;;;;;;;;;0;0;0
;;;;;;;;;;;;;;;0;0;0
;;;;;;;;;;;;;;;0;0;0
;;;;;;;;;;;;;;;0;0;0
;;;;;;;;;;;;;;;0;0;0
;;;;;;;;;;;;;;;0;0;0
;;;;;;;;;;;;;;;0;0;0
;;;;;;;;;;;;;;;0;0;0
;;;;;;;;;;;;;;;0;0;0
;;;;;;;;;;;;;;;0;0;0
;;;;;;;;;;;;;;;0;0;0
;;;;;;;;;;;;;;;0;0;0
;;;;;;;;;;;;;;;0;0;0
;;;;;;;;;;;;;;;0;0;0
;;;;;;;;;;;;;;;0;0;0
;;;;;;;;;;;;;;;0;0;0
;;;;;;;;;;;;;;;0;0;0
;;;;;;;;;;;;;;;0;0;0
;;;;;;;;;;;;;;;0;0;0
;;;;;;;;;;;;;;;0;0;0
;;;;;;;;;;;;;;;0;0;0
;;;;;;;;;;;;;;;0;0;0
;;;;;;;;;;;;;;;0;0;0
;;;;;;;;;;;;;;;0;0;0
;;;;;;;;;;;;;;;0;0;0
;;;;;;;;;;;;;;;0;0;0
;;;;;;;;;;;;;;;0;0;0
;;;;;;;;;;;;;;;0;0;0
;;;;;;;;;;;;;;;0;0;0
;;;;;;;;;;;;;;;0;0;0
;;;;;;;;;;;;;;;0;0;0
;;;;;;;;;;;;;;;0;0;0
;;;;;;;;;;;;;;;0;0;0
;;;;;;;;;;;;;;;0;0;0
;;;;;;;;;;;;;;;0;0;0
;;;;;;;;;;;;;;;0;0;0
;;;;;;;;;;;;;;;0;0;0
;;;;;;;;;;;;;;;0;0;0
;;;;;;;;;;;;;;;0;0;0
;;;;;;;;;;;;;;;0;0;0
;;;;;;;;;;;;;;;0;0;0
;;;;;;;;;;;;;;;0;0;0
;;;;;;;;;;;;;;;0;0;0
;;;;;;;;;;;;;;;0;0;0
;;;;;;;;;;;;;;;0;0;0
;;;;;;;;;;;;;;;0;0;0
;;;;;;;;;;;;;;;0;0;0
;;;;;;;;;;;;;;;0;0;0
;;;;;;;;;;;;;;;0;0;0
;;;;;;;;;;;;;;;0;0;0
;;;;;;;;;;;;;;;0;0;0
;;;;;;;;;;;;;;;0;0;0
;;;;;;;;;;;;;;;0;0;0
;;;;;;;;;;;;;;;0;0;0
;;;;;;;;;;;;;;;0;0;0
;;;;;;;;;;;;;;;0;0;0
;;;;;;;;;;;;;;;0;0;0
;;;;;;;;;;;;;;;0;0;0
;;;;;;;;;;;;;;;0;0;0
;;;;;;;;;;;;;;;0;0;0
;;;;;;;;;;;;;;;0;0;0
;;;;;;;;;;;;;;;0;0;0
;;;;;;;;;;;;;;;0;0;0
;;;;;;;;;;;;;;;0;0;0
;;;;;;;;;;;;;;;0;0;0
;;;;;;;;;;;;;;;0;0;0
;;;;;;;;;;;;;;;0;0;0
;;;;;;;;;;;;;;;0;0;0
;;;;;;;;;;;;;;;0;0;0
;;;;;;;;;;;;;;;0;0;0
;;;;;;;;;;;;;;;0;0;0
;;;;;;;;;;;;;;;0;0;0
;;;;;;;;;;;;;;;0;0;0
;;;;;;;;;;;;;;;0;0;0
;;;;;;;;;;;;;;;0;0;0
;;;;;;;;;;;;;;;0;0;0
;;;;;;;;;;;;;;;0;0;0
;;;;;;;;;;;;;;;0;0;0
;;;;;;;;;;;;;;;0;0;0
;;;;;;;;;;;;;;;0;0;0
;;;;;;;;;;;;;;;0;0;0
;;;;;;;;;;;;;;;0;0;0
;;;;;;;;;;;;;;;0;0;0
;;;;;;;;;;;;;;;0;0;0
;;;;;;;;;;;;;;;0;0;0
;;;;;;;;;;;;;;;0;0;0
;;;;;;;;;;;;;;;0;0;0
;;;;;;;;;;;;;;;0;0;0
;;;;;;;;;;;;;;;0;0;0
;;;;;;;;;;;;;;;0;0;0
;;;;;;;;;;;;;;;0;0;0
;;;;;;;;;;;;;;;0;0;0
;;;;;;;;;;;;;;;0;0;0
;;;;;;;;;;;;;;;0;0;0
;;;;;;;;;;;;;;;0;0;0
;;;;;;;;;;;;;;;0;0;0
;;;;;;;;;;;;;;;0;0;0
;;;;;;;;;;;;;;;0;0;0
;;;;;;;;;;;;;;;0;0;0
;;;;;;;;;;;;;;;0;0;0
;;;;;;;;;;;;;;;0;0;0
;;;;;;;;;;;;;;;0;0;0
;;;;;;;;;;;;;;;0;0;0
;;;;;;;;;;;;;;;0;0;0
;;;;;;;;;;;;;;;0;0;0
;;;;;;;;;;;;;;;0;0;0
;;;;;;;;;;;;;;;0;0;0
;;;;;;;;;;;;;;;0;0;0
;;;;;;;;;;;;;;;0;0;0
;;;;;;;;;;;;;;;0;0;0
;;;;;;;;;;;;;;;0;0;0
;;;;;;;;;;;;;;;0;0;0
;;;;;;;;;;;;;;;0;0;0
;;;;;;;;;;;;;;;0;0;0
;;;;;;;;;;;;;;;0;0;0
;;;;;;;;;;;;;;;0;0;0
;;;;;;;;;;;;;;;0;0;0
;;;;;;;;;;;;;;;0;0;0
;;;;;;;;;;;;;;;0;0;0
;;;;;;;;;;;;;;;0;0;0
;;;;;;;;;;;;;;;0;0;0
;;;;;;;;;;;;;;;0;0;0
;;;;;;;;;;;;;;;0;0;0
;;;;;;;;;;;;;;;0;0;0
;;;;;;;;;;;;;;;0;0;0
;;;;;;;;;;;;;;;0;0;0
;;;;;;;;;;;;;;;0;0;0
;;;;;;;;;;;;;;;0;0;0
;;;;;;;;;;;;;;;0;0;0
;;;;;;;;;;;;;;;0;0;0
;;;;;;;;;;;;;;;0;0;0
;;;;;;;;;;;;;;;0;0;0
;;;;;;;;;;;;;;;0;0;0
;;;;;;;;;;;;;;;0;0;0
;;;;;;;;;;;;;;;0;0;0
;;;;;;;;;;;;;;;0;0;0
;;;;;;;;;;;;;;;0;0;0
;;;;;;;;;;;;;;;0;0;0
;;;;;;;;;;;;;;;0;0;0
;;;;;;;;;;;;;;;0;0;0
;;;;;;;;;;;;;;;0;0;0
;;;;;;;;;;;;;;;0;0;0
;;;;;;;;;;;;;;;0;0;0
;;;;;;;;;;;;;;;0;0;0
;;;;;;;;;;;;;;;0;0;0
;;;;;;;;;;;;;;;0;0;0
;;;;;;;;;;;;;;;0;0;0
;;;;;;;;;;;;;;;0;0;0
;;;;;;;;;;;;;;;0;0;0
;;;;;;;;;;;;;;;0;0;0
;;;;;;;;;;;;;;;0;0;0
;;;;;;;;;;;;;;;0;0;0
;;;;;;;;;;;;;;;0;0;0
;;;;;;;;;;;;;;;0;0;0
;;;;;;;;;;;;;;;0;0;0
;;;;;;;;;;;;;;;0;0;0
;;;;;;;;;;;;;;;0;0;0
;;;;;;;;;;;;;;;0;0;0
;;;;;;;;;;;;;;;0;0;0
;;;;;;;;;;;;;;;0;0;0
;;;;;;;;;;;;;;;0;0;0
;;;;;;;;;;;;;;;0;0;0
;;;;;;;;;;;;;;;0;0;0
;;;;;;;;;;;;;;;0;0;0
;;;;;;;;;;;;;;;0;0;0
;;;;;;;;;;;;;;;0;0;0
;;;;;;;;;;;;;;;0;0;0
;;;;;;;;;;;;;;;0;0;0
;;;;;;;;;;;;;;;0;0;0
;;;;;;;;;;;;;;;0;0;0
;;;;;;;;;;;;;;;0;0;0
;;;;;;;;;;;;;;;0;0;0
;;;;;;;;;;;;;;;0;0;0
;;;;;;;;;;;;;;;0;0;0
;;;;;;;;;;;;;;;0;0;0
;;;;;;;;;;;;;;;0;0;0
;;;;;;;;;;;;;;;0;0;0
;;;;;;;;;;;;;;;0;0;0
;;;;;;;;;;;;;;;0;0;0
;;;;;;;;;;;;;;;0;0;0
;;;;;;;;;;;;;;;0;0;0
;;;;;;;;;;;;;;;0;0;0
;;;;;;;;;;;;;;;0;0;0
;;;;;;;;;;;;;;;0;0;0
;;;;;;;;;;;;;;;0;0;0
;;;;;;;;;;;;;;;0;0;0
;;;;;;;;;;;;;;;0;0;0
;;;;;;;;;;;;;;;0;0;0
;;;;;;;;;;;;;;;0;0;0
;;;;;;;;;;;;;;;0;0;0
;;;;;;;;;;;;;;;0;0;0
;;;;;;;;;;;;;;;0;0;0
;;;;;;;;;;;;;;;0;0;0
;;;;;;;;;;;;;;;0;0;0
;;;;;;;;;;;;;;;0;0;0
;;;;;;;;;;;;;;;0;0;0
;;;;;;;;;;;;;;;0;0;0
;;;;;;;;;;;;;;;0;0;0
;;;;;;;;;;;;;;;0;0;0
;;;;;;;;;;;;;;;0;0;0
;;;;;;;;;;;;;;;0;0;0
;;;;;;;;;;;;;;;0;0;0
;;;;;;;;;;;;;;;0;0;0
;;;;;;;;;;;;;;;0;0;0
;;;;;;;;;;;;;;;0;0;0
;;;;;;;;;;;;;;;0;0;0
;;;;;;;;;;;;;;;0;0;0
;;;;;;;;;;;;;;;0;0;0
;;;;;;;;;;;;;;;0;0;0
;;;;;;;;;;;;;;;0;0;0
;;;;;;;;;;;;;;;0;0;0
;;;;;;;;;;;;;;;0;0;0
;;;;;;;;;;;;;;;0;0;0
;;;;;;;;;;;;;;;0;0;0
;;;;;;;;;;;;;;;0;0;0
;;;;;;;;;;;;;;;0;0;0
;;;;;;;;;;;;;;;0;0;0
;;;;;;;;;;;;;;;0;0;0
;;;;;;;;;;;;;;;0;0;0
;;;;;;;;;;;;;;;0;0;0
;;;;;;;;;;;;;;;0;0;0
;;;;;;;;;;;;;;;0;0;0
;;;;;;;;;;;;;;;0;0;0
;;;;;;;;;;;;;;;0;0;0
;;;;;;;;;;;;;;;0;0;0
;;;;;;;;;;;;;;;0;0;0
;;;;;;;;;;;;;;;0;0;0
;;;;;;;;;;;;;;;0;0;0
;;;;;;;;;;;;;;;0;0;0
;;;;;;;;;;;;;;;0;0;0
;;;;;;;;;;;;;;;0;0;0
;;;;;;;;;;;;;;;0;0;0
;;;;;;;;;;;;;;;0;0;0
;;;;;;;;;;;;;;;0;0;0
;;;;;;;;;;;;;;;0;0;0
;;;;;;;;;;;;;;;0;0;0
;;;;;;;;;;;;;;;0;0;0
;;;;;;;;;;;;;;;0;0;0
;;;;;;;;;;;;;;;0;0;0
;;;;;;;;;;;;;;;0;0;0
;;;;;;;;;;;;;;;0;0;0
;;;;;;;;;;;;;;;0;0;0
;;;;;;;;;;;;;;;0;0;0
;;;;;;;;;;;;;;;0;0;0
;;;;;;;;;;;;;;;0;0;0
;;;;;;;;;;;;;;;0;0;0
;;;;;;;;;;;;;;;0;0;0
;;;;;;;;;;;;;;;0;0;0
;;;;;;;;;;;;;;;0;0;0
;;;;;;;;;;;;;;;0;0;0
;;;;;;;;;;;;;;;0;0;0
;;;;;;;;;;;;;;;0;0;0
;;;;;;;;;;;;;;;0;0;0
;;;;;;;;;;;;;;;0;0;0
;;;;;;;;;;;;;;;0;0;0
;;;;;;;;;;;;;;;0;0;0
;;;;;;;;;;;;;;;0;0;0
;;;;;;;;;;;;;;;0;0;0
;;;;;;;;;;;;;;;0;0;0
;;;;;;;;;;;;;;;0;0;0
;;;;;;;;;;;;;;;0;0;0
;;;;;;;;;;;;;;;0;0;0
;;;;;;;;;;;;;;;0;0;0
;;;;;;;;;;;;;;;0;0;0
;;;;;;;;;;;;;;;0;0;0
;;;;;;;;;;;;;;;0;0;0
;;;;;;;;;;;;;;;0;0;0
;;;;;;;;;;;;;;;0;0;0
;;;;;;;;;;;;;;;0;0;0
;;;;;;;;;;;;;;;0;0;0
;;;;;;;;;;;;;;;0;0;0
;;;;;;;;;;;;;;;0;0;0
;;;;;;;;;;;;;;;0;0;0
;;;;;;;;;;;;;;;0;0;0
;;;;;;;;;;;;;;;0;0;0
;;;;;;;;;;;;;;;0;0;0
;;;;;;;;;;;;;;;0;0;0
;;;;;;;;;;;;;;;0;0;0
;;;;;;;;;;;;;;;0;0;0
;;;;;;;;;;;;;;;0;0;0
;;;;;;;;;;;;;;;0;0;0
;;;;;;;;;;;;;;;0;0;0
;;;;;;;;;;;;;;;0;0;0
;;;;;;;;;;;;;;;0;0;0
;;;;;;;;;;;;;;;0;0;0
;;;;;;;;;;;;;;;0;0;0
;;;;;;;;;;;;;;;0;0;0
;;;;;;;;;;;;;;;0;0;0
;;;;;;;;;;;;;;;0;0;0
;;;;;;;;;;;;;;;0;0;0
;;;;;;;;;;;;;;;0;0;0
;;;;;;;;;;;;;;;0;0;0
;;;;;;;;;;;;;;;0;0;0
;;;;;;;;;;;;;;;0;0;0
;;;;;;;;;;;;;;;0;0;0
;;;;;;;;;;;;;;;0;0;0
;;;;;;;;;;;;;;;0;0;0
;;;;;;;;;;;;;;;0;0;0
;;;;;;;;;;;;;;;0;0;0
;;;;;;;;;;;;;;;0;0;0
;;;;;;;;;;;;;;;0;0;0
;;;;;;;;;;;;;;;0;0;0
;;;;;;;;;;;;;;;0;0;0
;;;;;;;;;;;;;;;0;0;0
;;;;;;;;;;;;;;;0;0;0
;;;;;;;;;;;;;;;0;0;0
;;;;;;;;;;;;;;;0;0;0
;;;;;;;;;;;;;;;0;0;0
;;;;;;;;;;;;;;;0;0;0
;;;;;;;;;;;;;;;0;0;0
;;;;;;;;;;;;;;;0;0;0
;;;;;;;;;;;;;;;0;0;0
;;;;;;;;;;;;;;;0;0;0
;;;;;;;;;;;;;;;0;0;0
;;;;;;;;;;;;;;;0;0;0
;;;;;;;;;;;;;;;0;0;0
;;;;;;;;;;;;;;;0;0;0
;;;;;;;;;;;;;;;0;0;0
;;;;;;;;;;;;;;;0;0;0
;;;;;;;;;;;;;;;0;0;0
;;;;;;;;;;;;;;;0;0;0
;;;;;;;;;;;;;;;0;0;0
;;;;;;;;;;;;;;;0;0;0
;;;;;;;;;;;;;;;0;0;0
;;;;;;;;;;;;;;;0;0;0
;;;;;;;;;;;;;;;0;0;0
;;;;;;;;;;;;;;;0;0;0
;;;;;;;;;;;;;;;0;0;0
;;;;;;;;;;;;;;;0;0;0
;;;;;;;;;;;;;;;0;0;0
;;;;;;;;;;;;;;;0;0;0
;;;;;;;;;;;;;;;0;0;0
;;;;;;;;;;;;;;;0;0;0
;;;;;;;;;;;;;;;0;0;0
;;;;;;;;;;;;;;;0;0;0
;;;;;;;;;;;;;;;0;0;0
;;;;;;;;;;;;;;;0;0;0
;;;;;;;;;;;;;;;0;0;0
;;;;;;;;;;;;;;;0;0;0
;;;;;;;;;;;;;;;0;0;0
;;;;;;;;;;;;;;;0;0;0
;;;;;;;;;;;;;;;0;0;0
;;;;;;;;;;;;;;;0;0;0
;;;;;;;;;;;;;;;0;0;0
;;;;;;;;;;;;;;;0;0;0
;;;;;;;;;;;;;;;0;0;0
;;;;;;;;;;;;;;;0;0;0
;;;;;;;;;;;;;;;0;0;0
;;;;;;;;;;;;;;;0;0;0
;;;;;;;;;;;;;;;0;0;0
;;;;;;;;;;;;;;;0;0;0
;;;;;;;;;;;;;;;0;0;0
;;;;;;;;;;;;;;;0;0;0
;;;;;;;;;;;;;;;0;0;0
;;;;;;;;;;;;;;;0;0;0
;;;;;;;;;;;;;;;0;0;0
;;;;;;;;;;;;;;;0;0;0
;;;;;;;;;;;;;;;0;0;0
;;;;;;;;;;;;;;;0;0;0
;;;;;;;;;;;;;;;0;0;0
;;;;;;;;;;;;;;;0;0;0
;;;;;;;;;;;;;;;0;0;0
;;;;;;;;;;;;;;;0;0;0
;;;;;;;;;;;;;;;0;0;0
;;;;;;;;;;;;;;;0;0;0
;;;;;;;;;;;;;;;0;0;0
;;;;;;;;;;;;;;;0;0;0
;;;;;;;;;;;;;;;0;0;0
;;;;;;;;;;;;;;;0;0;0
;;;;;;;;;;;;;;;0;0;0
;;;;;;;;;;;;;;;0;0;0
;;;;;;;;;;;;;;;0;0;0
;;;;;;;;;;;;;;;0;0;0
;;;;;;;;;;;;;;;0;0;0
;;;;;;;;;;;;;;;0;0;0
;;;;;;;;;;;;;;;0;0;0
;;;;;;;;;;;;;;;0;0;0
;;;;;;;;;;;;;;;0;0;0
;;;;;;;;;;;;;;;0;0;0
;;;;;;;;;;;;;;;0;0;0
;;;;;;;;;;;;;;;0;0;0
;;;;;;;;;;;;;;;0;0;0
;;;;;;;;;;;;;;;0;0;0
;;;;;;;;;;;;;;;0;0;0
;;;;;;;;;;;;;;;0;0;0
;;;;;;;;;;;;;;;0;0;0
;;;;;;;;;;;;;;;0;0;0
;;;;;;;;;;;;;;;0;0;0
;;;;;;;;;;;;;;;0;0;0
;;;;;;;;;;;;;;;0;0;0
;;;;;;;;;;;;;;;0;0;0
;;;;;;;;;;;;;;;0;0;0
;;;;;;;;;;;;;;;0;0;0
;;;;;;;;;;;;;;;0;0;0
;;;;;;;;;;;;;;;0;0;0
;;;;;;;;;;;;;;;0;0;0
;;;;;;;;;;;;;;;0;0;0
;;;;;;;;;;;;;;;0;0;0
;;;;;;;;;;;;;;;0;0;0
;;;;;;;;;;;;;;;0;0;0
;;;;;;;;;;;;;;;0;0;0
;;;;;;;;;;;;;;;0;0;0
;;;;;;;;;;;;;;;0;0;0
;;;;;;;;;;;;;;;0;0;0
;;;;;;;;;;;;;;;0;0;0
;;;;;;;;;;;;;;;0;0;0
;;;;;;;;;;;;;;;0;0;0
;;;;;;;;;;;;;;;0;0;0
;;;;;;;;;;;;;;;0;0;0
;;;;;;;;;;;;;;;0;0;0
;;;;;;;;;;;;;;;0;0;0
;;;;;;;;;;;;;;;0;0;0
;;;;;;;;;;;;;;;0;0;0
;;;;;;;;;;;;;;;0;0;0
;;;;;;;;;;;;;;;0;0;0
;;;;;;;;;;;;;;;0;0;0
;;;;;;;;;;;;;;;0;0;0
;;;;;;;;;;;;;;;0;0;0
;;;;;;;;;;;;;;;0;0;0
;;;;;;;;;;;;;;;0;0;0
;;;;;;;;;;;;;;;0;0;0
;;;;;;;;;;;;;;;0;0;0
;;;;;;;;;;;;;;;0;0;0
;;;;;;;;;;;;;;;0;0;0
;;;;;;;;;;;;;;;0;0;0
;;;;;;;;;;;;;;;0;0;0
;;;;;;;;;;;;;;;0;0;0
;;;;;;;;;;;;;;;0;0;0
;;;;;;;;;;;;;;;0;0;0
;;;;;;;;;;;;;;;0;0;0
;;;;;;;;;;;;;;;0;0;0
;;;;;;;;;;;;;;;0;0;0
;;;;;;;;;;;;;;;0;0;0
;;;;;;;;;;;;;;;0;0;0
;;;;;;;;;;;;;;;0;0;0
;;;;;;;;;;;;;;;0;0;0
;;;;;;;;;;;;;;;0;0;0
;;;;;;;;;;;;;;;0;0;0
;;;;;;;;;;;;;;;0;0;0
;;;;;;;;;;;;;;;0;0;0
;;;;;;;;;;;;;;;0;0;0
;;;;;;;;;;;;;;;0;0;0
;;;;;;;;;;;;;;;0;0;0
;;;;;;;;;;;;;;;0;0;0
;;;;;;;;;;;;;;;0;0;0
;;;;;;;;;;;;;;;0;0;0
;;;;;;;;;;;;;;;0;0;0
;;;;;;;;;;;;;;;0;0;0
;;;;;;;;;;;;;;;0;0;0
;;;;;;;;;;;;;;;0;0;0
;;;;;;;;;;;;;;;0;0;0
;;;;;;;;;;;;;;;0;0;0
;;;;;;;;;;;;;;;0;0;0
;;;;;;;;;;;;;;;0;0;0
;;;;;;;;;;;;;;;0;0;0
;;;;;;;;;;;;;;;0;0;0
;;;;;;;;;;;;;;;0;0;0
;;;;;;;;;;;;;;;0;0;0
;;;;;;;;;;;;;;;0;0;0
;;;;;;;;;;;;;;;0;0;0
;;;;;;;;;;;;;;;0;0;0
;;;;;;;;;;;;;;;0;0;0
;;;;;;;;;;;;;;;0;0;0
;;;;;;;;;;;;;;;0;0;0
;;;;;;;;;;;;;;;0;0;0
;;;;;;;;;;;;;;;0;0;0
;;;;;;;;;;;;;;;0;0;0
;;;;;;;;;;;;;;;0;0;0
;;;;;;;;;;;;;;;0;0;0
;;;;;;;;;;;;;;;0;0;0
;;;;;;;;;;;;;;;0;0;0
;;;;;;;;;;;;;;;0;0;0
;;;;;;;;;;;;;;;0;0;0
;;;;;;;;;;;;;;;0;0;0
;;;;;;;;;;;;;;;0;0;0
;;;;;;;;;;;;;;;0;0;0
;;;;;;;;;;;;;;;0;0;0
;;;;;;;;;;;;;;;0;0;0
;;;;;;;;;;;;;;;0;0;0
;;;;;;;;;;;;;;;0;0;0
;;;;;;;;;;;;;;;0;0;0
;;;;;;;;;;;;;;;0;0;0
;;;;;;;;;;;;;;;0;0;0
;;;;;;;;;;;;;;;0;0;0
;;;;;;;;;;;;;;;0;0;0
;;;;;;;;;;;;;;;0;0;0
;;;;;;;;;;;;;;;0;0;0
;;;;;;;;;;;;;;;0;0;0
;;;;;;;;;;;;;;;0;0;0
;;;;;;;;;;;;;;;0;0;0
;;;;;;;;;;;;;;;0;0;0
;;;;;;;;;;;;;;;0;0;0
;;;;;;;;;;;;;;;0;0;0
;;;;;;;;;;;;;;;0;0;0
;;;;;;;;;;;;;;;0;0;0
;;;;;;;;;;;;;;;0;0;0
;;;;;;;;;;;;;;;0;0;0
;;;;;;;;;;;;;;;0;0;0
;;;;;;;;;;;;;;;0;0;0
;;;;;;;;;;;;;;;0;0;0
;;;;;;;;;;;;;;;0;0;0
;;;;;;;;;;;;;;;0;0;0
;;;;;;;;;;;;;;;0;0;0
;;;;;;;;;;;;;;;0;0;0
;;;;;;;;;;;;;;;0;0;0
;;;;;;;;;;;;;;;0;0;0
;;;;;;;;;;;;;;;0;0;0
;;;;;;;;;;;;;;;0;0;0
;;;;;;;;;;;;;;;0;0;0
;;;;;;;;;;;;;;;0;0;0
;;;;;;;;;;;;;;;0;0;0
;;;;;;;;;;;;;;;0;0;0
;;;;;;;;;;;;;;;0;0;0
;;;;;;;;;;;;;;;0;0;0
;;;;;;;;;;;;;;;0;0;0
;;;;;;;;;;;;;;;0;0;0
;;;;;;;;;;;;;;;0;0;0
;;;;;;;;;;;;;;;0;0;0
;;;;;;;;;;;;;;;0;0;0
;;;;;;;;;;;;;;;0;0;0
;;;;;;;;;;;;;;;0;0;0
;;;;;;;;;;;;;;;0;0;0
;;;;;;;;;;;;;;;0;0;0
;;;;;;;;;;;;;;;0;0;0
;;;;;;;;;;;;;;;0;0;0
;;;;;;;;;;;;;;;0;0;0
;;;;;;;;;;;;;;;0;0;0
;;;;;;;;;;;;;;;0;0;0
;;;;;;;;;;;;;;;0;0;0
;;;;;;;;;;;;;;;0;0;0
;;;;;;;;;;;;;;;0;0;0
;;;;;;;;;;;;;;;0;0;0
;;;;;;;;;;;;;;;0;0;0
;;;;;;;;;;;;;;;0;0;0
;;;;;;;;;;;;;;;0;0;0
;;;;;;;;;;;;;;;0;0;0
;;;;;;;;;;;;;;;0;0;0
;;;;;;;;;;;;;;;0;0;0
;;;;;;;;;;;;;;;0;0;0
;;;;;;;;;;;;;;;0;0;0
;;;;;;;;;;;;;;;0;0;0
;;;;;;;;;;;;;;;0;0;0
;;;;;;;;;;;;;;;0;0;0
;;;;;;;;;;;;;;;0;0;0
;;;;;;;;;;;;;;;0;0;0
;;;;;;;;;;;;;;;0;0;0
;;;;;;;;;;;;;;;0;0;0
;;;;;;;;;;;;;;;0;0;0
;;;;;;;;;;;;;;;0;0;0
;;;;;;;;;;;;;;;0;0;0
;;;;;;;;;;;;;;;0;0;0
;;;;;;;;;;;;;;;0;0;0
;;;;;;;;;;;;;;;0;0;0
;;;;;;;;;;;;;;;0;0;0
;;;;;;;;;;;;;;;0;0;0
;;;;;;;;;;;;;;;0;0;0
;;;;;;;;;;;;;;;0;0;0
;;;;;;;;;;;;;;;0;0;0
;;;;;;;;;;;;;;;0;0;0
;;;;;;;;;;;;;;;0;0;0
;;;;;;;;;;;;;;;0;0;0
;;;;;;;;;;;;;;;0;0;0
;;;;;;;;;;;;;;;0;0;0
;;;;;;;;;;;;;;;0;0;0
;;;;;;;;;;;;;;;0;0;0
;;;;;;;;;;;;;;;0;0;0
;;;;;;;;;;;;;;;0;0;0
;;;;;;;;;;;;;;;0;0;0
;;;;;;;;;;;;;;;0;0;0
;;;;;;;;;;;;;;;0;0;0
;;;;;;;;;;;;;;;0;0;0
;;;;;;;;;;;;;;;0;0;0
;;;;;;;;;;;;;;;0;0;0
;;;;;;;;;;;;;;;0;0;0
;;;;;;;;;;;;;;;0;0;0
;;;;;;;;;;;;;;;0;0;0
;;;;;;;;;;;;;;;0;0;0
;;;;;;;;;;;;;;;0;0;0
;;;;;;;;;;;;;;;0;0;0
;;;;;;;;;;;;;;;0;0;0
;;;;;;;;;;;;;;;0;0;0
;;;;;;;;;;;;;;;0;0;0
;;;;;;;;;;;;;;;0;0;0
;;;;;;;;;;;;;;;0;0;0
;;;;;;;;;;;;;;;0;0;0
;;;;;;;;;;;;;;;0;0;0
;;;;;;;;;;;;;;;0;0;0
;;;;;;;;;;;;;;;0;0;0
;;;;;;;;;;;;;;;0;0;0
;;;;;;;;;;;;;;;0;0;0
;;;;;;;;;;;;;;;0;0;0
;;;;;;;;;;;;;;;0;0;0
;;;;;;;;;;;;;;;0;0;0
;;;;;;;;;;;;;;;0;0;0
;;;;;;;;;;;;;;;0;0;0
;;;;;;;;;;;;;;;0;0;0
;;;;;;;;;;;;;;;0;0;0
;;;;;;;;;;;;;;;0;0;0
;;;;;;;;;;;;;;;0;0;0
;;;;;;;;;;;;;;;0;0;0
;;;;;;;;;;;;;;;0;0;0
;;;;;;;;;;;;;;;0;0;0
;;;;;;;;;;;;;;;0;0;0
;;;;;;;;;;;;;;;0;0;0
;;;;;;;;;;;;;;;0;0;0
;;;;;;;;;;;;;;;0;0;0
;;;;;;;;;;;;;;;0;0;0
;;;;;;;;;;;;;;;0;0;0
;;;;;;;;;;;;;;;0;0;0
;;;;;;;;;;;;;;;0;0;0
;;;;;;;;;;;;;;;0;0;0
;;;;;;;;;;;;;;;0;0;0
;;;;;;;;;;;;;;;0;0;0
;;;;;;;;;;;;;;;0;0;0
;;;;;;;;;;;;;;;0;0;0
;;;;;;;;;;;;;;;0;0;0
;;;;;;;;;;;;;;;0;0;0
;;;;;;;;;;;;;;;0;0;0
;;;;;;;;;;;;;;;0;0;0
;;;;;;;;;;;;;;;0;0;0
;;;;;;;;;;;;;;;0;0;0
;;;;;;;;;;;;;;;0;0;0
;;;;;;;;;;;;;;;0;0;0
;;;;;;;;;;;;;;;0;0;0
;;;;;;;;;;;;;;;0;0;0
;;;;;;;;;;;;;;;0;0;0
;;;;;;;;;;;;;;;0;0;0
;;;;;;;;;;;;;;;0;0;0
;;;;;;;;;;;;;;;0;0;0
;;;;;;;;;;;;;;;0;0;0
;;;;;;;;;;;;;;;0;0;0
;;;;;;;;;;;;;;;0;0;0
;;;;;;;;;;;;;;;0;0;0
;;;;;;;;;;;;;;;0;0;0
;;;;;;;;;;;;;;;0;0;0
;;;;;;;;;;;;;;;0;0;0
;;;;;;;;;;;;;;;0;0;0
;;;;;;;;;;;;;;;0;0;0
;;;;;;;;;;;;;;;0;0;0
;;;;;;;;;;;;;;;0;0;0
;;;;;;;;;;;;;;;0;0;0
;;;;;;;;;;;;;;;0;0;0
;;;;;;;;;;;;;;;0;0;0
;;;;;;;;;;;;;;;0;0;0
;;;;;;;;;;;;;;;0;0;0
;;;;;;;;;;;;;;;0;0;0
;;;;;;;;;;;;;;;0;0;0
;;;;;;;;;;;;;;;0;0;0
;;;;;;;;;;;;;;;0;0;0
;;;;;;;;;;;;;;;0;0;0
;;;;;;;;;;;;;;;0;0;0
;;;;;;;;;;;;;;;0;0;0
;;;;;;;;;;;;;;;0;0;0
;;;;;;;;;;;;;;;0;0;0
;;;;;;;;;;;;;;;0;0;0
;;;;;;;;;;;;;;;0;0;0
;;;;;;;;;;;;;;;0;0;0
;;;;;;;;;;;;;;;0;0;0
;;;;;;;;;;;;;;;0;0;0
;;;;;;;;;;;;;;;0;0;0
;;;;;;;;;;;;;;;0;0;0
;;;;;;;;;;;;;;;0;0;0
;;;;;;;;;;;;;;;0;0;0
;;;;;;;;;;;;;;;0;0;0
;;;;;;;;;;;;;;;0;0;0
;;;;;;;;;;;;;;;0;0;0
;;;;;;;;;;;;;;;0;0;0
;;;;;;;;;;;;;;;0;0;0
;;;;;;;;;;;;;;;0;0;0
;;;;;;;;;;;;;;;0;0;0
;;;;;;;;;;;;;;;0;0;0
;;;;;;;;;;;;;;;0;0;0
;;;;;;;;;;;;;;;0;0;0
;;;;;;;;;;;;;;;0;0;0
;;;;;;;;;;;;;;;0;0;0
;;;;;;;;;;;;;;;0;0;0
;;;;;;;;;;;;;;;0;0;0
;;;;;;;;;;;;;;;0;0;0
;;;;;;;;;;;;;;;0;0;0
;;;;;;;;;;;;;;;0;0;0
;;;;;;;;;;;;;;;0;0;0
;;;;;;;;;;;;;;;0;0;0
;;;;;;;;;;;;;;;0;0;0
;;;;;;;;;;;;;;;0;0;0
;;;;;;;;;;;;;;;0;0;0
;;;;;;;;;;;;;;;0;0;0
;;;;;;;;;;;;;;;0;0;0
;;;;;;;;;;;;;;;0;0;0
;;;;;;;;;;;;;;;0;0;0
;;;;;;;;;;;;;;;0;0;0
;;;;;;;;;;;;;;;0;0;0
;;;;;;;;;;;;;;;0;0;0
;;;;;;;;;;;;;;;0;0;0
;;;;;;;;;;;;;;;0;0;0
;;;;;;;;;;;;;;;0;0;0
;;;;;;;;;;;;;;;0;0;0
;;;;;;;;;;;;;;;0;0;0
;;;;;;;;;;;;;;;0;0;0
;;;;;;;;;;;;;;;0;0;0
;;;;;;;;;;;;;;;0;0;0
;;;;;;;;;;;;;;;0;0;0
;;;;;;;;;;;;;;;0;0;0
;;;;;;;;;;;;;;;0;0;0
;;;;;;;;;;;;;;;0;0;0
;;;;;;;;;;;;;;;0;0;0
;;;;;;;;;;;;;;;0;0;0
;;;;;;;;;;;;;;;0;0;0
;;;;;;;;;;;;;;;0;0;0
;;;;;;;;;;;;;;;0;0;0
;;;;;;;;;;;;;;;0;0;0
;;;;;;;;;;;;;;;0;0;0
;;;;;;;;;;;;;;;0;0;0
;;;;;;;;;;;;;;;0;0;0
;;;;;;;;;;;;;;;0;0;0
;;;;;;;;;;;;;;;0;0;0
;;;;;;;;;;;;;;;0;0;0
;;;;;;;;;;;;;;;0;0;0
;;;;;;;;;;;;;;;0;0;0
;;;;;;;;;;;;;;;0;0;0
;;;;;;;;;;;;;;;0;0;0
;;;;;;;;;;;;;;;0;0;0
;;;;;;;;;;;;;;;0;0;0
;;;;;;;;;;;;;;;0;0;0
;;;;;;;;;;;;;;;0;0;0
;;;;;;;;;;;;;;;0;0;0
;;;;;;;;;;;;;;;0;0;0
;;;;;;;;;;;;;;;0;0;0
;;;;;;;;;;;;;;;0;0;0
;;;;;;;;;;;;;;;0;0;0
;;;;;;;;;;;;;;;0;0;0
;;;;;;;;;;;;;;;0;0;0
;;;;;;;;;;;;;;;0;0;0
;;;;;;;;;;;;;;;0;0;0
;;;;;;;;;;;;;;;0;0;0
;;;;;;;;;;;;;;;0;0;0
;;;;;;;;;;;;;;;0;0;0
;;;;;;;;;;;;;;;0;0;0
;;;;;;;;;;;;;;;0;0;0
;;;;;;;;;;;;;;;0;0;0
;;;;;;;;;;;;;;;0;0;0
;;;;;;;;;;;;;;;0;0;0
;;;;;;;;;;;;;;;0;0;0
;;;;;;;;;;;;;;;0;0;0
;;;;;;;;;;;;;;;0;0;0
;;;;;;;;;;;;;;;0;0;0
;;;;;;;;;;;;;;;0;0;0
;;;;;;;;;;;;;;;0;0;0
;;;;;;;;;;;;;;;0;0;0
;;;;;;;;;;;;;;;0;0;0
;;;;;;;;;;;;;;;0;0;0
;;;;;;;;;;;;;;;0;0;0
;;;;;;;;;;;;;;;0;0;0
;;;;;;;;;;;;;;;0;0;0
;;;;;;;;;;;;;;;0;0;0
;;;;;;;;;;;;;;;0;0;0
;;;;;;;;;;;;;;;0;0;0
;;;;;;;;;;;;;;;0;0;0
;;;;;;;;;;;;;;;0;0;0
;;;;;;;;;;;;;;;0;0;0
;;;;;;;;;;;;;;;0;0;0
;;;;;;;;;;;;;;;0;0;0
;;;;;;;;;;;;;;;0;0;0
;;;;;;;;;;;;;;;0;0;0
;;;;;;;;;;;;;;;0;0;0
;;;;;;;;;;;;;;;0;0;0
;;;;;;;;;;;;;;;0;0;0
;;;;;;;;;;;;;;;0;0;0
;;;;;;;;;;;;;;;0;0;0
;;;;;;;;;;;;;;;0;0;0
;;;;;;;;;;;;;;;0;0;0
;;;;;;;;;;;;;;;0;0;0
;;;;;;;;;;;;;;;0;0;0
;;;;;;;;;;;;;;;0;0;0
;;;;;;;;;;;;;;;0;0;0
;;;;;;;;;;;;;;;0;0;0
;;;;;;;;;;;;;;;0;0;0
;;;;;;;;;;;;;;;0;0;0
;;;;;;;;;;;;;;;0;0;0
;;;;;;;;;;;;;;;0;0;0
;;;;;;;;;;;;;;;0;0;0
;;;;;;;;;;;;;;;0;0;0
;;;;;;;;;;;;;;;0;0;0
;;;;;;;;;;;;;;;0;0;0
;;;;;;;;;;;;;;;0;0;0
;;;;;;;;;;;;;;;0;0;0
;;;;;;;;;;;;;;;0;0;0
;;;;;;;;;;;;;;;0;0;0
;;;;;;;;;;;;;;;0;0;0
;;;;;;;;;;;;;;;0;0;0
;;;;;;;;;;;;;;;0;0;0
;;;;;;;;;;;;;;;0;0;0
;;;;;;;;;;;;;;;0;0;0
;;;;;;;;;;;;;;;0;0;0
;;;;;;;;;;;;;;;0;0;0
;;;;;;;;;;;;;;;0;0;0
;;;;;;;;;;;;;;;0;0;0
;;;;;;;;;;;;;;;0;0;0
;;;;;;;;;;;;;;;0;0;0
;;;;;;;;;;;;;;;0;0;0
;;;;;;;;;;;;;;;0;0;0
;;;;;;;;;;;;;;;0;0;0
;;;;;;;;;;;;;;;0;0;0
;;;;;;;;;;;;;;;0;0;0
;;;;;;;;;;;;;;;0;0;0
;;;;;;;;;;;;;;;0;0;0
;;;;;;;;;;;;;;;0;0;0
;;;;;;;;;;;;;;;0;0;0
;;;;;;;;;;;;;;;0;0;0
;;;;;;;;;;;;;;;0;0;0
;;;;;;;;;;;;;;;0;0;0
;;;;;;;;;;;;;;;0;0;0
;;;;;;;;;;;;;;;0;0;0
;;;;;;;;;;;;;;;0;0;0
;;;;;;;;;;;;;;;0;0;0
;;;;;;;;;;;;;;;0;0;0
;;;;;;;;;;;;;;;0;0;0
;;;;;;;;;;;;;;;0;0;0
;;;;;;;;;;;;;;;0;0;0
;;;;;;;;;;;;;;;0;0;0
;;;;;;;;;;;;;;;0;0;0
;;;;;;;;;;;;;;;0;0;0
;;;;;;;;;;;;;;;0;0;0
;;;;;;;;;;;;;;;0;0;0
;;;;;;;;;;;;;;;0;0;0
;;;;;;;;;;;;;;;0;0;0
;;;;;;;;;;;;;;;0;0;0
;;;;;;;;;;;;;;;0;0;0
;;;;;;;;;;;;;;;0;0;0
;;;;;;;;;;;;;;;0;0;0
;;;;;;;;;;;;;;;0;0;0
;;;;;;;;;;;;;;;0;0;0
;;;;;;;;;;;;;;;0;0;0
;;;;;;;;;;;;;;;0;0;0
;;;;;;;;;;;;;;;0;0;0
;;;;;;;;;;;;;;;0;0;0
;;;;;;;;;;;;;;;0;0;0
;;;;;;;;;;;;;;;0;0;0
;;;;;;;;;;;;;;;0;0;0
;;;;;;;;;;;;;;;0;0;0
;;;;;;;;;;;;;;;0;0;0
;;;;;;;;;;;;;;;0;0;0
;;;;;;;;;;;;;;;0;0;0
;;;;;;;;;;;;;;;0;0;0
;;;;;;;;;;;;;;;0;0;0
;;;;;;;;;;;;;;;0;0;0
;;;;;;;;;;;;;;;0;0;0
;;;;;;;;;;;;;;;0;0;0
;;;;;;;;;;;;;;;0;0;0
;;;;;;;;;;;;;;;0;0;0
;;;;;;;;;;;;;;;0;0;0
;;;;;;;;;;;;;;;0;0;0
;;;;;;;;;;;;;;;0;0;0
;;;;;;;;;;;;;;;0;0;0
;;;;;;;;;;;;;;;0;0;0
;;;;;;;;;;;;;;;0;0;0
;;;;;;;;;;;;;;;0;0;0
;;;;;;;;;;;;;;;0;0;0
;;;;;;;;;;;;;;;0;0;0
;;;;;;;;;;;;;;;0;0;0
;;;;;;;;;;;;;;;0;0;0
;;;;;;;;;;;;;;;0;0;0
;;;;;;;;;;;;;;;0;0;0
;;;;;;;;;;;;;;;0;0;0
;;;;;;;;;;;;;;;0;0;0
;;;;;;;;;;;;;;;0;0;0
;;;;;;;;;;;;;;;0;0;0
;;;;;;;;;;;;;;;0;0;0
;;;;;;;;;;;;;;;0;0;0
;;;;;;;;;;;;;;;0;0;0
;;;;;;;;;;;;;;;0;0;0
;;;;;;;;;;;;;;;0;0;0
;;;;;;;;;;;;;;;0;0;0
;;;;;;;;;;;;;;;0;0;0
;;;;;;;;;;;;;;;0;0;0
;;;;;;;;;;;;;;;0;0;0
;;;;;;;;;;;;;;;0;0;0
;;;;;;;;;;;;;;;0;0;0
;;;;;;;;;;;;;;;0;0;0
;;;;;;;;;;;;;;;0;0;0
;;;;;;;;;;;;;;;0;0;0
;;;;;;;;;;;;;;;0;0;0
;;;;;;;;;;;;;;;0;0;0
;;;;;;;;;;;;;;;0;0;0
;;;;;;;;;;;;;;;0;0;0
;;;;;;;;;;;;;;;0;0;0
;;;;;;;;;;;;;;;0;0;0
;;;;;;;;;;;;;;;0;0;0
;;;;;;;;;;;;;;;0;0;0
;;;;;;;;;;;;;;;0;0;0
;;;;;;;;;;;;;;;0;0;0
;;;;;;;;;;;;;;;0;0;0
;;;;;;;;;;;;;;;0;0;0
;;;;;;;;;;;;;;;0;0;0
;;;;;;;;;;;;;;;0;0;0
;;;;;;;;;;;;;;;0;0;0
;;;;;;;;;;;;;;;0;0;0
;;;;;;;;;;;;;;;0;0;0
;;;;;;;;;;;;;;;0;0;0
;;;;;;;;;;;;;;;0;0;0
;;;;;;;;;;;;;;;0;0;0
;;;;;;;;;;;;;;;0;0;0
;;;;;;;;;;;;;;;0;0;0
;;;;;;;;;;;;;;;0;0;0
;;;;;;;;;;;;;;;0;0;0
;;;;;;;;;;;;;;;0;0;0
;;;;;;;;;;;;;;;0;0;0
;;;;;;;;;;;;;;;0;0;0
;;;;;;;;;;;;;;;0;0;0
;;;;;;;;;;;;;;;0;0;0
;;;;;;;;;;;;;;;0;0;0
;;;;;;;;;;;;;;;0;0;0
;;;;;;;;;;;;;;;0;0;0
;;;;;;;;;;;;;;;0;0;0
;;;;;;;;;;;;;;;0;0;0
;;;;;;;;;;;;;;;0;0;0
;;;;;;;;;;;;;;;0;0;0
;;;;;;;;;;;;;;;0;0;0
;;;;;;;;;;;;;;;0;0;0
;;;;;;;;;;;;;;;0;0;0
;;;;;;;;;;;;;;;0;0;0
;;;;;;;;;;;;;;;0;0;0
;;;;;;;;;;;;;;;0;0;0
;;;;;;;;;;;;;;;0;0;0
;;;;;;;;;;;;;;;0;0;0
;;;;;;;;;;;;;;;0;0;0
;;;;;;;;;;;;;;;0;0;0
;;;;;;;;;;;;;;;0;0;0
;;;;;;;;;;;;;;;0;0;0
;;;;;;;;;;;;;;;0;0;0
;;;;;;;;;;;;;;;0;0;0
;;;;;;;;;;;;;;;0;0;0
;;;;;;;;;;;;;;;0;0;0
;;;;;;;;;;;;;;;0;0;0
;;;;;;;;;;;;;;;0;0;0
;;;;;;;;;;;;;;;0;0;0
;;;;;;;;;;;;;;;0;0;0
;;;;;;;;;;;;;;;0;0;0
;;;;;;;;;;;;;;;0;0;0
;;;;;;;;;;;;;;;0;0;0
;;;;;;;;;;;;;;;0;0;0
;;;;;;;;;;;;;;;0;0;0
;;;;;;;;;;;;;;;0;0;0
;;;;;;;;;;;;;;;0;0;0
;;;;;;;;;;;;;;;0;0;0
;;;;;;;;;;;;;;;0;0;0
;;;;;;;;;;;;;;;0;0;0
;;;;;;;;;;;;;;;0;0;0
;;;;;;;;;;;;;;;0;0;0
;;;;;;;;;;;;;;;0;0;0
;;;;;;;;;;;;;;;0;0;0
;;;;;;;;;;;;;;;0;0;0
;;;;;;;;;;;;;;;0;0;0
;;;;;;;;;;;;;;;0;0;0
;;;;;;;;;;;;;;;0;0;0
;;;;;;;;;;;;;;;0;0;0
;;;;;;;;;;;;;;;0;0;0
;;;;;;;;;;;;;;;0;0;0
;;;;;;;;;;;;;;;0;0;0
;;;;;;;;;;;;;;;0;0;0
;;;;;;;;;;;;;;;0;0;0
;;;;;;;;;;;;;;;0;0;0
;;;;;;;;;;;;;;;0;0;0
;;;;;;;;;;;;;;;0;0;0
;;;;;;;;;;;;;;;0;0;0
;;;;;;;;;;;;;;;0;0;0
;;;;;;;;;;;;;;;0;0;0
;;;;;;;;;;;;;;;0;0;0
;;;;;;;;;;;;;;;0;0;0
;;;;;;;;;;;;;;;0;0;0
;;;;;;;;;;;;;;;0;0;0
;;;;;;;;;;;;;;;0;0;0
;;;;;;;;;;;;;;;0;0;0
;;;;;;;;;;;;;;;0;0;0
;;;;;;;;;;;;;;;0;0;0
;;;;;;;;;;;;;;;0;0;0
;;;;;;;;;;;;;;;0;0;0
;;;;;;;;;;;;;;;0;0;0
;;;;;;;;;;;;;;;0;0;0
;;;;;;;;;;;;;;;0;0;0
;;;;;;;;;;;;;;;0;0;0
;;;;;;;;;;;;;;;0;0;0
;;;;;;;;;;;;;;;0;0;0
;;;;;;;;;;;;;;;0;0;0
;;;;;;;;;;;;;;;0;0;0
;;;;;;;;;;;;;;;0;0;0
;;;;;;;;;;;;;;;0;0;0
;;;;;;;;;;;;;;;0;0;0
;;;;;;;;;;;;;;;0;0;0
;;;;;;;;;;;;;;;0;0;0
;;;;;;;;;;;;;;;0;0;0
;;;;;;;;;;;;;;;0;0;0
;;;;;;;;;;;;;;;0;0;0
;;;;;;;;;;;;;;;0;0;0
;;;;;;;;;;;;;;;0;0;0
;;;;;;;;;;;;;;;0;0;0
;;;;;;;;;;;;;;;0;0;0
;;;;;;;;;;;;;;;0;0;0
;;;;;;;;;;;;;;;0;0;0
;;;;;;;;;;;;;;;0;0;0
;;;;;;;;;;;;;;;0;0;0
;;;;;;;;;;;;;;;0;0;0
;;;;;;;;;;;;;;;0;0;0
;;;;;;;;;;;;;;;0;0;0
;;;;;;;;;;;;;;;0;0;0
;;;;;;;;;;;;;;;0;0;0
;;;;;;;;;;;;;;;0;0;0
;;;;;;;;;;;;;;;0;0;0
;;;;;;;;;;;;;;;0;0;0
;;;;;;;;;;;;;;;0;0;0
;;;;;;;;;;;;;;;0;0;0
;;;;;;;;;;;;;;;0;0;0
;;;;;;;;;;;;;;;0;0;0
;;;;;;;;;;;;;;;0;0;0
;;;;;;;;;;;;;;;0;0;0
;;;;;;;;;;;;;;;0;0;0
;;;;;;;;;;;;;;;0;0;0
;;;;;;;;;;;;;;;0;0;0
;;;;;;;;;;;;;;;0;0;0
;;;;;;;;;;;;;;;0;0;0
;;;;;;;;;;;;;;;0;0;0
;;;;;;;;;;;;;;;0;0;0
;;;;;;;;;;;;;;;0;0;0
;;;;;;;;;;;;;;;0;0;0
;;;;;;;;;;;;;;;0;0;0
;;;;;;;;;;;;;;;0;0;0
;;;;;;;;;;;;;;;0;0;0
;;;;;;;;;;;;;;;0;0;0
;;;;;;;;;;;;;;;0;0;0
;;;;;;;;;;;;;;;0;0;0
;;;;;;;;;;;;;;;0;0;0
;;;;;;;;;;;;;;;0;0;0
;;;;;;;;;;;;;;;0;0;0
;;;;;;;;;;;;;;;0;0;0
;;;;;;;;;;;;;;;0;0;0
;;;;;;;;;;;;;;;0;0;0
;;;;;;;;;;;;;;;0;0;0
;;;;;;;;;;;;;;;0;0;0
;;;;;;;;;;;;;;;0;0;0
;;;;;;;;;;;;;;;0;0;0
;;;;;;;;;;;;;;;0;0;0
;;;;;;;;;;;;;;;0;0;0
;;;;;;;;;;;;;;;0;0;0
;;;;;;;;;;;;;;;0;0;0
;;;;;;;;;;;;;;;0;0;0
;;;;;;;;;;;;;;;0;0;0
;;;;;;;;;;;;;;;0;0;0
;;;;;;;;;;;;;;;0;0;0
;;;;;;;;;;;;;;;0;0;0
;;;;;;;;;;;;;;;0;0;0
;;;;;;;;;;;;;;;0;0;0
;;;;;;;;;;;;;;;0;0;0
;;;;;;;;;;;;;;;0;0;0
;;;;;;;;;;;;;;;0;0;0
;;;;;;;;;;;;;;;0;0;0
;;;;;;;;;;;;;;;0;0;0
;;;;;;;;;;;;;;;0;0;0
;;;;;;;;;;;;;;;0;0;0
;;;;;;;;;;;;;;;0;0;0
;;;;;;;;;;;;;;;0;0;0
;;;;;;;;;;;;;;;0;0;0
;;;;;;;;;;;;;;;0;0;0
;;;;;;;;;;;;;;;0;0;0
;;;;;;;;;;;;;;;0;0;0
;;;;;;;;;;;;;;;0;0;0
;;;;;;;;;;;;;;;0;0;0
;;;;;;;;;;;;;;;0;0;0
;;;;;;;;;;;;;;;0;0;0
;;;;;;;;;;;;;;;0;0;0
;;;;;;;;;;;;;;;0;0;0
;;;;;;;;;;;;;;;0;0;0
;;;;;;;;;;;;;;;0;0;0
;;;;;;;;;;;;;;;0;0;0
;;;;;;;;;;;;;;;0;0;0
;;;;;;;;;;;;;;;0;0;0
;;;;;;;;;;;;;;;0;0;0
;;;;;;;;;;;;;;;0;0;0
;;;;;;;;;;;;;;;0;0;0
;;;;;;;;;;;;;;;0;0;0
;;;;;;;;;;;;;;;0;0;0
;;;;;;;;;;;;;;;0;0;0
;;;;;;;;;;;;;;;0;0;0
;;;;;;;;;;;;;;;0;0;0
;;;;;;;;;;;;;;;0;0;0
;;;;;;;;;;;;;;;0;0;0
;;;;;;;;;;;;;;;0;0;0
;;;;;;;;;;;;;;;0;0;0
;;;;;;;;;;;;;;;0;0;0
;;;;;;;;;;;;;;;0;0;0
;;;;;;;;;;;;;;;0;0;0
;;;;;;;;;;;;;;;0;0;0
;;;;;;;;;;;;;;;0;0;0
;;;;;;;;;;;;;;;0;0;0
;;;;;;;;;;;;;;;0;0;0
;;;;;;;;;;;;;;;0;0;0
;;;;;;;;;;;;;;;0;0;0
;;;;;;;;;;;;;;;0;0;0
;;;;;;;;;;;;;;;0;0;0
;;;;;;;;;;;;;;;0;0;0
;;;;;;;;;;;;;;;0;0;0
;;;;;;;;;;;;;;;0;0;0
;;;;;;;;;;;;;;;0;0;0
;;;;;;;;;;;;;;;0;0;0
;;;;;;;;;;;;;;;0;0;0
;;;;;;;;;;;;;;;0;0;0
;;;;;;;;;;;;;;;0;0;0
;;;;;;;;;;;;;;;0;0;0
;;;;;;;;;;;;;;;0;0;0
;;;;;;;;;;;;;;;0;0;0
;;;;;;;;;;;;;;;0;0;0
;;;;;;;;;;;;;;;0;0;0
;;;;;;;;;;;;;;;0;0;0
;;;;;;;;;;;;;;;0;0;0
;;;;;;;;;;;;;;;0;0;0
;;;;;;;;;;;;;;;0;0;0
;;;;;;;;;;;;;;;0;0;0
;;;;;;;;;;;;;;;0;0;0
;;;;;;;;;;;;;;;0;0;0
;;;;;;;;;;;;;;;0;0;0
;;;;;;;;;;;;;;;0;0;0
;;;;;;;;;;;;;;;0;0;0
;;;;;;;;;;;;;;;0;0;0
;;;;;;;;;;;;;;;0;0;0
;;;;;;;;;;;;;;;0;0;0
;;;;;;;;;;;;;;;0;0;0
;;;;;;;;;;;;;;;0;0;0
;;;;;;;;;;;;;;;0;0;0
;;;;;;;;;;;;;;;0;0;0
;;;;;;;;;;;;;;;0;0;0
;;;;;;;;;;;;;;;0;0;0
;;;;;;;;;;;;;;;0;0;0
;;;;;;;;;;;;;;;0;0;0
;;;;;;;;;;;;;;;0;0;0
;;;;;;;;;;;;;;;0;0;0
;;;;;;;;;;;;;;;0;0;0
;;;;;;;;;;;;;;;0;0;0
;;;;;;;;;;;;;;;0;0;0
;;;;;;;;;;;;;;;0;0;0
;;;;;;;;;;;;;;;0;0;0
;;;;;;;;;;;;;;;0;0;0
;;;;;;;;;;;;;;;0;0;0
;;;;;;;;;;;;;;;0;0;0
;;;;;;;;;;;;;;;0;0;0
;;;;;;;;;;;;;;;0;0;0
;;;;;;;;;;;;;;;0;0;0
;;;;;;;;;;;;;;;0;0;0
;;;;;;;;;;;;;;;0;0;0
;;;;;;;;;;;;;;;0;0;0
;;;;;;;;;;;;;;;0;0;0
;;;;;;;;;;;;;;;0;0;0
;;;;;;;;;;;;;;;0;0;0
;;;;;;;;;;;;;;;0;0;0
;;;;;;;;;;;;;;;0;0;0
;;;;;;;;;;;;;;;0;0;0
;;;;;;;;;;;;;;;0;0;0
;;;;;;;;;;;;;;;0;0;0
;;;;;;;;;;;;;;;0;0;0
;;;;;;;;;;;;;;;0;0;0
;;;;;;;;;;;;;;;0;0;0
;;;;;;;;;;;;;;;0;0;0
;;;;;;;;;;;;;;;0;0;0
;;;;;;;;;;;;;;;0;0;0
;;;;;;;;;;;;;;;0;0;0
;;;;;;;;;;;;;;;0;0;0
;;;;;;;;;;;;;;;0;0;0
;;;;;;;;;;;;;;;0;0;0
;;;;;;;;;;;;;;;0;0;0
;;;;;;;;;;;;;;;0;0;0
;;;;;;;;;;;;;;;0;0;0
;;;;;;;;;;;;;;;0;0;0
;;;;;;;;;;;;;;;0;0;0
;;;;;;;;;;;;;;;0;0;0
;;;;;;;;;;;;;;;0;0;0
;;;;;;;;;;;;;;;0;0;0
;;;;;;;;;;;;;;;0;0;0
;;;;;;;;;;;;;;;0;0;0
;;;;;;;;;;;;;;;0;0;0
;;;;;;;;;;;;;;;0;0;0
;;;;;;;;;;;;;;;0;0;0
;;;;;;;;;;;;;;;0;0;0
;;;;;;;;;;;;;;;0;0;0
;;;;;;;;;;;;;;;0;0;0
;;;;;;;;;;;;;;;0;0;0
;;;;;;;;;;;;;;;0;0;0
;;;;;;;;;;;;;;;0;0;0
;;;;;;;;;;;;;;;0;0;0
;;;;;;;;;;;;;;;0;0;0
;;;;;;;;;;;;;;;0;0;0
;;;;;;;;;;;;;;;0;0;0
;;;;;;;;;;;;;;;0;0;0
;;;;;;;;;;;;;;;0;0;0
;;;;;;;;;;;;;;;0;0;0
;;;;;;;;;;;;;;;0;0;0
;;;;;;;;;;;;;;;0;0;0
;;;;;;;;;;;;;;;0;0;0
;;;;;;;;;;;;;;;0;0;0
;;;;;;;;;;;;;;;0;0;0
;;;;;;;;;;;;;;;0;0;0
;;;;;;;;;;;;;;;0;0;0
;;;;;;;;;;;;;;;0;0;0
;;;;;;;;;;;;;;;0;0;0
;;;;;;;;;;;;;;;0;0;0
;;;;;;;;;;;;;;;0;0;0
;;;;;;;;;;;;;;;0;0;0
;;;;;;;;;;;;;;;0;0;0
;;;;;;;;;;;;;;;0;0;0
;;;;;;;;;;;;;;;0;0;0
;;;;;;;;;;;;;;;0;0;0
;;;;;;;;;;;;;;;0;0;0
;;;;;;;;;;;;;;;0;0;0
;;;;;;;;;;;;;;;0;0;0
;;;;;;;;;;;;;;;0;0;0
;;;;;;;;;;;;;;;0;0;0
;;;;;;;;;;;;;;;0;0;0
;;;;;;;;;;;;;;;0;0;0
;;;;;;;;;;;;;;;0;0;0
;;;;;;;;;;;;;;;0;0;0
;;;;;;;;;;;;;;;0;0;0
;;;;;;;;;;;;;;;0;0;0
;;;;;;;;;;;;;;;0;0;0
;;;;;;;;;;;;;;;0;0;0
;;;;;;;;;;;;;;;0;0;0
;;;;;;;;;;;;;;;0;0;0
;;;;;;;;;;;;;;;0;0;0
;;;;;;;;;;;;;;;0;0;0
;;;;;;;;;;;;;;;0;0;0
;;;;;;;;;;;;;;;0;0;0
;;;;;;;;;;;;;;;0;0;0
;;;;;;;;;;;;;;;0;0;0
;;;;;;;;;;;;;;;0;0;0
;;;;;;;;;;;;;;;0;0;0
;;;;;;;;;;;;;;;0;0;0
;;;;;;;;;;;;;;;0;0;0
;;;;;;;;;;;;;;;0;0;0
;;;;;;;;;;;;;;;0;0;0
;;;;;;;;;;;;;;;0;0;0
;;;;;;;;;;;;;;;0;0;0
;;;;;;;;;;;;;;;0;0;0
;;;;;;;;;;;;;;;0;0;0
;;;;;;;;;;;;;;;0;0;0
;;;;;;;;;;;;;;;0;0;0
;;;;;;;;;;;;;;;0;0;0
;;;;;;;;;;;;;;;0;0;0
;;;;;;;;;;;;;;;0;0;0
;;;;;;;;;;;;;;;0;0;0
;;;;;;;;;;;;;;;0;0;0
;;;;;;;;;;;;;;;0;0;0
;;;;;;;;;;;;;;;0;0;0
;;;;;;;;;;;;;;;0;0;0
;;;;;;;;;;;;;;;0;0;0
;;;;;;;;;;;;;;;0;0;0
;;;;;;;;;;;;;;;0;0;0
;;;;;;;;;;;;;;;0;0;0
;;;;;;;;;;;;;;;0;0;0
;;;;;;;;;;;;;;;0;0;0
;;;;;;;;;;;;;;;0;0;0
;;;;;;;;;;;;;;;0;0;0
;;;;;;;;;;;;;;;0;0;0
;;;;;;;;;;;;;;;0;0;0
;;;;;;;;;;;;;;;0;0;0
;;;;;;;;;;;;;;;0;0;0
;;;;;;;;;;;;;;;0;0;0
;;;;;;;;;;;;;;;0;0;0
;;;;;;;;;;;;;;;0;0;0
;;;;;;;;;;;;;;;0;0;0
;;;;;;;;;;;;;;;0;0;0
;;;;;;;;;;;;;;;0;0;0
;;;;;;;;;;;;;;;0;0;0
;;;;;;;;;;;;;;;0;0;0
;;;;;;;;;;;;;;;0;0;0
;;;;;;;;;;;;;;;0;0;0
;;;;;;;;;;;;;;;0;0;0
;;;;;;;;;;;;;;;0;0;0
;;;;;;;;;;;;;;;0;0;0
;;;;;;;;;;;;;;;0;0;0
;;;;;;;;;;;;;;;0;0;0
;;;;;;;;;;;;;;;0;0;0
;;;;;;;;;;;;;;;0;0;0
;;;;;;;;;;;;;;;0;0;0
;;;;;;;;;;;;;;;0;0;0
;;;;;;;;;;;;;;;0;0;0
;;;;;;;;;;;;;;;0;0;0
;;;;;;;;;;;;;;;0;0;0
;;;;;;;;;;;;;;;0;0;0
;;;;;;;;;;;;;;;0;0;0
;;;;;;;;;;;;;;;0;0;0
;;;;;;;;;;;;;;;0;0;0
;;;;;;;;;;;;;;;0;0;0
;;;;;;;;;;;;;;;0;0;0
;;;;;;;;;;;;;;;0;0;0
;;;;;;;;;;;;;;;0;0;0
;;;;;;;;;;;;;;;0;0;0
;;;;;;;;;;;;;;;0;0;0
;;;;;;;;;;;;;;;0;0;0
;;;;;;;;;;;;;;;0;0;0
;;;;;;;;;;;;;;;0;0;0
;;;;;;;;;;;;;;;0;0;0
;;;;;;;;;;;;;;;0;0;0
;;;;;;;;;;;;;;;0;0;0
;;;;;;;;;;;;;;;0;0;0
;;;;;;;;;;;;;;;0;0;0
;;;;;;;;;;;;;;;0;0;0
;;;;;;;;;;;;;;;0;0;0
;;;;;;;;;;;;;;;0;0;0
;;;;;;;;;;;;;;;0;0;0
;;;;;;;;;;;;;;;0;0;0
;;;;;;;;;;;;;;;0;0;0
;;;;;;;;;;;;;;;0;0;0
;;;;;;;;;;;;;;;0;0;0
;;;;;;;;;;;;;;;0;0;0
;;;;;;;;;;;;;;;0;0;0
;;;;;;;;;;;;;;;0;0;0
;;;;;;;;;;;;;;;0;0;0
;;;;;;;;;;;;;;;0;0;0
;;;;;;;;;;;;;;;0;0;0
;;;;;;;;;;;;;;;0;0;0
;;;;;;;;;;;;;;;0;0;0
;;;;;;;;;;;;;;;0;0;0
;;;;;;;;;;;;;;;0;0;0
;;;;;;;;;;;;;;;0;0;0
;;;;;;;;;;;;;;;0;0;0
;;;;;;;;;;;;;;;0;0;0
;;;;;;;;;;;;;;;0;0;0
;;;;;;;;;;;;;;;0;0;0
;;;;;;;;;;;;;;;0;0;0
;;;;;;;;;;;;;;;0;0;0
;;;;;;;;;;;;;;;0;0;0
;;;;;;;;;;;;;;;0;0;0
;;;;;;;;;;;;;;;0;0;0
;;;;;;;;;;;;;;;0;0;0
;;;;;;;;;;;;;;;0;0;0
;;;;;;;;;;;;;;;0;0;0
;;;;;;;;;;;;;;;0;0;0
;;;;;;;;;;;;;;;0;0;0
;;;;;;;;;;;;;;;0;0;0
;;;;;;;;;;;;;;;0;0;0
;;;;;;;;;;;;;;;0;0;0
;;;;;;;;;;;;;;;0;0;0
;;;;;;;;;;;;;;;0;0;0
;;;;;;;;;;;;;;;0;0;0
;;;;;;;;;;;;;;;0;0;0
;;;;;;;;;;;;;;;0;0;0
;;;;;;;;;;;;;;;0;0;0
;;;;;;;;;;;;;;;0;0;0
;;;;;;;;;;;;;;;0;0;0
;;;;;;;;;;;;;;;0;0;0
;;;;;;;;;;;;;;;0;0;0
;;;;;;;;;;;;;;;0;0;0
;;;;;;;;;;;;;;;0;0;0
;;;;;;;;;;;;;;;0;0;0
;;;;;;;;;;;;;;;0;0;0
;;;;;;;;;;;;;;;0;0;0
;;;;;;;;;;;;;;;0;0;0
;;;;;;;;;;;;;;;0;0;0
;;;;;;;;;;;;;;;0;0;0
;;;;;;;;;;;;;;;0;0;0
;;;;;;;;;;;;;;;0;0;0
;;;;;;;;;;;;;;;0;0;0
;;;;;;;;;;;;;;;0;0;0
;;;;;;;;;;;;;;;0;0;0
;;;;;;;;;;;;;;;0;0;0
;;;;;;;;;;;;;;;0;0;0
;;;;;;;;;;;;;;;0;0;0
;;;;;;;;;;;;;;;0;0;0
;;;;;;;;;;;;;;;0;0;0
;;;;;;;;;;;;;;;0;0;0
;;;;;;;;;;;;;;;0;0;0
;;;;;;;;;;;;;;;0;0;0
;;;;;;;;;;;;;;;0;0;0
;;;;;;;;;;;;;;;0;0;0
;;;;;;;;;;;;;;;0;0;0
;;;;;;;;;;;;;;;0;0;0
;;;;;;;;;;;;;;;0;0;0
;;;;;;;;;;;;;;;0;0;0
;;;;;;;;;;;;;;;0;0;0
;;;;;;;;;;;;;;;0;0;0
;;;;;;;;;;;;;;;0;0;0
;;;;;;;;;;;;;;;0;0;0
;;;;;;;;;;;;;;;0;0;0
;;;;;;;;;;;;;;;0;0;0
;;;;;;;;;;;;;;;0;0;0
;;;;;;;;;;;;;;;0;0;0
;;;;;;;;;;;;;;;0;0;0
;;;;;;;;;;;;;;;0;0;0
;;;;;;;;;;;;;;;0;0;0
;;;;;;;;;;;;;;;0;0;0
;;;;;;;;;;;;;;;0;0;0
;;;;;;;;;;;;;;;0;0;0
;;;;;;;;;;;;;;;0;0;0
;;;;;;;;;;;;;;;0;0;0
;;;;;;;;;;;;;;;0;0;0
;;;;;;;;;;;;;;;0;0;0
;;;;;;;;;;;;;;;0;0;0
;;;;;;;;;;;;;;;0;0;0
;;;;;;;;;;;;;;;0;0;0
;;;;;;;;;;;;;;;0;0;0
;;;;;;;;;;;;;;;0;0;0
;;;;;;;;;;;;;;;0;0;0
;;;;;;;;;;;;;;;0;0;0
;;;;;;;;;;;;;;;0;0;0
;;;;;;;;;;;;;;;0;0;0
;;;;;;;;;;;;;;;0;0;0
;;;;;;;;;;;;;;;0;0;0
;;;;;;;;;;;;;;;0;0;0
;;;;;;;;;;;;;;;0;0;0
;;;;;;;;;;;;;;;0;0;0
;;;;;;;;;;;;;;;0;0;0
;;;;;;;;;;;;;;;0;0;0
;;;;;;;;;;;;;;;0;0;0
;;;;;;;;;;;;;;;0;0;0
;;;;;;;;;;;;;;;0;0;0
;;;;;;;;;;;;;;;0;0;0
;;;;;;;;;;;;;;;0;0;0
;;;;;;;;;;;;;;;0;0;0
;;;;;;;;;;;;;;;0;0;0
;;;;;;;;;;;;;;;0;0;0
;;;;;;;;;;;;;;;0;0;0
;;;;;;;;;;;;;;;0;0;0
;;;;;;;;;;;;;;;0;0;0
;;;;;;;;;;;;;;;0;0;0
;;;;;;;;;;;;;;;0;0;0
;;;;;;;;;;;;;;;0;0;0
;;;;;;;;;;;;;;;0;0;0
;;;;;;;;;;;;;;;0;0;0
;;;;;;;;;;;;;;;0;0;0
;;;;;;;;;;;;;;;0;0;0
;;;;;;;;;;;;;;;0;0;0
;;;;;;;;;;;;;;;0;0;0
;;;;;;;;;;;;;;;0;0;0
;;;;;;;;;;;;;;;0;0;0
;;;;;;;;;;;;;;;0;0;0
;;;;;;;;;;;;;;;0;0;0
;;;;;;;;;;;;;;;0;0;0
;;;;;;;;;;;;;;;0;0;0
;;;;;;;;;;;;;;;0;0;0
;;;;;;;;;;;;;;;0;0;0
;;;;;;;;;;;;;;;0;0;0
;;;;;;;;;;;;;;;0;0;0
;;;;;;;;;;;;;;;0;0;0
;;;;;;;;;;;;;;;0;0;0
;;;;;;;;;;;;;;;0;0;0
;;;;;;;;;;;;;;;0;0;0
;;;;;;;;;;;;;;;0;0;0
;;;;;;;;;;;;;;;0;0;0
;;;;;;;;;;;;;;;0;0;0
;;;;;;;;;;;;;;;0;0;0
;;;;;;;;;;;;;;;0;0;0
;;;;;;;;;;;;;;;0;0;0
;;;;;;;;;;;;;;;0;0;0
;;;;;;;;;;;;;;;0;0;0
;;;;;;;;;;;;;;;0;0;0
;;;;;;;;;;;;;;;0;0;0
;;;;;;;;;;;;;;;0;0;0
;;;;;;;;;;;;;;;0;0;0
;;;;;;;;;;;;;;;0;0;0
;;;;;;;;;;;;;;;0;0;0
;;;;;;;;;;;;;;;0;0;0
;;;;;;;;;;;;;;;0;0;0
;;;;;;;;;;;;;;;0;0;0
;;;;;;;;;;;;;;;0;0;0
;;;;;;;;;;;;;;;0;0;0
;;;;;;;;;;;;;;;0;0;0
;;;;;;;;;;;;;;;0;0;0
;;;;;;;;;;;;;;;0;0;0
;;;;;;;;;;;;;;;0;0;0
;;;;;;;;;;;;;;;0;0;0
;;;;;;;;;;;;;;;0;0;0
;;;;;;;;;;;;;;;0;0;0
;;;;;;;;;;;;;;;0;0;0
;;;;;;;;;;;;;;;0;0;0
;;;;;;;;;;;;;;;0;0;0
;;;;;;;;;;;;;;;0;0;0
;;;;;;;;;;;;;;;0;0;0
;;;;;;;;;;;;;;;0;0;0
;;;;;;;;;;;;;;;0;0;0
;;;;;;;;;;;;;;;0;0;0
;;;;;;;;;;;;;;;0;0;0
;;;;;;;;;;;;;;;0;0;0
;;;;;;;;;;;;;;;0;0;0
;;;;;;;;;;;;;;;0;0;0
;;;;;;;;;;;;;;;0;0;0
;;;;;;;;;;;;;;;0;0;0
;;;;;;;;;;;;;;;0;0;0
;;;;;;;;;;;;;;;0;0;0
;;;;;;;;;;;;;;;0;0;0
;;;;;;;;;;;;;;;0;0;0
;;;;;;;;;;;;;;;0;0;0
;;;;;;;;;;;;;;;0;0;0
;;;;;;;;;;;;;;;0;0;0
;;;;;;;;;;;;;;;0;0;0
;;;;;;;;;;;;;;;0;0;0
;;;;;;;;;;;;;;;0;0;0
;;;;;;;;;;;;;;;0;0;0
;;;;;;;;;;;;;;;0;0;0
;;;;;;;;;;;;;;;0;0;0
;;;;;;;;;;;;;;;0;0;0
;;;;;;;;;;;;;;;0;0;0
;;;;;;;;;;;;;;;0;0;0
;;;;;;;;;;;;;;;0;0;0
;;;;;;;;;;;;;;;0;0;0
;;;;;;;;;;;;;;;0;0;0
;;;;;;;;;;;;;;;0;0;0
;;;;;;;;;;;;;;;0;0;0
;;;;;;;;;;;;;;;0;0;0
;;;;;;;;;;;;;;;0;0;0
;;;;;;;;;;;;;;;0;0;0
;;;;;;;;;;;;;;;0;0;0
;;;;;;;;;;;;;;;0;0;0
;;;;;;;;;;;;;;;0;0;0
;;;;;;;;;;;;;;;0;0;0
;;;;;;;;;;;;;;;0;0;0
;;;;;;;;;;;;;;;0;0;0
;;;;;;;;;;;;;;;0;0;0
;;;;;;;;;;;;;;;0;0;0
;;;;;;;;;;;;;;;0;0;0
;;;;;;;;;;;;;;;0;0;0
;;;;;;;;;;;;;;;0;0;0
;;;;;;;;;;;;;;;0;0;0
;;;;;;;;;;;;;;;0;0;0
;;;;;;;;;;;;;;;0;0;0
;;;;;;;;;;;;;;;0;0;0
;;;;;;;;;;;;;;;0;0;0
;;;;;;;;;;;;;;;0;0;0
;;;;;;;;;;;;;;;0;0;0
;;;;;;;;;;;;;;;0;0;0
;;;;;;;;;;;;;;;0;0;0
;;;;;;;;;;;;;;;0;0;0
;;;;;;;;;;;;;;;0;0;0
;;;;;;;;;;;;;;;0;0;0
;;;;;;;;;;;;;;;0;0;0
;;;;;;;;;;;;;;;0;0;0
;;;;;;;;;;;;;;;0;0;0
;;;;;;;;;;;;;;;0;0;0
;;;;;;;;;;;;;;;0;0;0
;;;;;;;;;;;;;;;0;0;0
;;;;;;;;;;;;;;;0;0;0
;;;;;;;;;;;;;;;0;0;0
;;;;;;;;;;;;;;;0;0;0
;;;;;;;;;;;;;;;0;0;0
;;;;;;;;;;;;;;;0;0;0
;;;;;;;;;;;;;;;0;0;0
;;;;;;;;;;;;;;;0;0;0
;;;;;;;;;;;;;;;0;0;0
;;;;;;;;;;;;;;;0;0;0
;;;;;;;;;;;;;;;0;0;0
;;;;;;;;;;;;;;;0;0;0
;;;;;;;;;;;;;;;0;0;0
;;;;;;;;;;;;;;;0;0;0
;;;;;;;;;;;;;;;0;0;0
;;;;;;;;;;;;;;;0;0;0
;;;;;;;;;;;;;;;0;0;0
;;;;;;;;;;;;;;;0;0;0
;;;;;;;;;;;;;;;0;0;0
;;;;;;;;;;;;;;;0;0;0
;;;;;;;;;;;;;;;0;0;0
;;;;;;;;;;;;;;;0;0;0
;;;;;;;;;;;;;;;0;0;0
;;;;;;;;;;;;;;;0;0;0
;;;;;;;;;;;;;;;0;0;0
;;;;;;;;;;;;;;;0;0;0
;;;;;;;;;;;;;;;0;0;0
;;;;;;;;;;;;;;;0;0;0
;;;;;;;;;;;;;;;0;0;0
;;;;;;;;;;;;;;;0;0;0
;;;;;;;;;;;;;;;0;0;0
;;;;;;;;;;;;;;;0;0;0
;;;;;;;;;;;;;;;0;0;0
;;;;;;;;;;;;;;;0;0;0
;;;;;;;;;;;;;;;0;0;0
;;;;;;;;;;;;;;;0;0;0
;;;;;;;;;;;;;;;0;0;0
;;;;;;;;;;;;;;;0;0;0
;;;;;;;;;;;;;;;0;0;0
;;;;;;;;;;;;;;;0;0;0
;;;;;;;;;;;;;;;0;0;0
;;;;;;;;;;;;;;;0;0;0
;;;;;;;;;;;;;;;0;0;0
;;;;;;;;;;;;;;;0;0;0
;;;;;;;;;;;;;;;0;0;0
;;;;;;;;;;;;;;;0;0;0
;;;;;;;;;;;;;;;0;0;0
;;;;;;;;;;;;;;;0;0;0
;;;;;;;;;;;;;;;0;0;0
;;;;;;;;;;;;;;;0;0;0
;;;;;;;;;;;;;;;0;0;0
;;;;;;;;;;;;;;;0;0;0
;;;;;;;;;;;;;;;0;0;0
;;;;;;;;;;;;;;;0;0;0
;;;;;;;;;;;;;;;0;0;0
;;;;;;;;;;;;;;;0;0;0
;;;;;;;;;;;;;;;0;0;0
;;;;;;;;;;;;;;;0;0;0
;;;;;;;;;;;;;;;0;0;0
;;;;;;;;;;;;;;;0;0;0
;;;;;;;;;;;;;;;0;0;0
;;;;;;;;;;;;;;;0;0;0
;;;;;;;;;;;;;;;0;0;0
;;;;;;;;;;;;;;;0;0;0
;;;;;;;;;;;;;;;0;0;0
;;;;;;;;;;;;;;;0;0;0
;;;;;;;;;;;;;;;0;0;0
;;;;;;;;;;;;;;;0;0;0
;;;;;;;;;;;;;;;0;0;0
;;;;;;;;;;;;;;;0;0;0
;;;;;;;;;;;;;;;0;0;0
;;;;;;;;;;;;;;;0;0;0
;;;;;;;;;;;;;;;0;0;0
;;;;;;;;;;;;;;;0;0;0
;;;;;;;;;;;;;;;0;0;0
;;;;;;;;;;;;;;;0;0;0
;;;;;;;;;;;;;;;0;0;0
;;;;;;;;;;;;;;;0;0;0
;;;;;;;;;;;;;;;0;0;0
;;;;;;;;;;;;;;;0;0;0
;;;;;;;;;;;;;;;0;0;0
;;;;;;;;;;;;;;;0;0;0
;;;;;;;;;;;;;;;0;0;0
;;;;;;;;;;;;;;;0;0;0
;;;;;;;;;;;;;;;0;0;0
;;;;;;;;;;;;;;;0;0;0
;;;;;;;;;;;;;;;0;0;0
;;;;;;;;;;;;;;;0;0;0
;;;;;;;;;;;;;;;0;0;0
;;;;;;;;;;;;;;;0;0;0
;;;;;;;;;;;;;;;0;0;0
;;;;;;;;;;;;;;;0;0;0
;;;;;;;;;;;;;;;0;0;0
;;;;;;;;;;;;;;;0;0;0
;;;;;;;;;;;;;;;0;0;0
;;;;;;;;;;;;;;;0;0;0
;;;;;;;;;;;;;;;0;0;0
;;;;;;;;;;;;;;;0;0;0
;;;;;;;;;;;;;;;0;0;0
;;;;;;;;;;;;;;;0;0;0
;;;;;;;;;;;;;;;0;0;0
;;;;;;;;;;;;;;;0;0;0
;;;;;;;;;;;;;;;0;0;0
;;;;;;;;;;;;;;;0;0;0
;;;;;;;;;;;;;;;0;0;0
;;;;;;;;;;;;;;;0;0;0
;;;;;;;;;;;;;;;0;0;0
;;;;;;;;;;;;;;;0;0;0
;;;;;;;;;;;;;;;0;0;0
;;;;;;;;;;;;;;;0;0;0
;;;;;;;;;;;;;;;0;0;0
;;;;;;;;;;;;;;;0;0;0
;;;;;;;;;;;;;;;0;0;0
;;;;;;;;;;;;;;;0;0;0
;;;;;;;;;;;;;;;0;0;0
;;;;;;;;;;;;;;;0;0;0
;;;;;;;;;;;;;;;0;0;0
;;;;;;;;;;;;;;;0;0;0
;;;;;;;;;;;;;;;0;0;0
;;;;;;;;;;;;;;;0;0;0
;;;;;;;;;;;;;;;0;0;0
;;;;;;;;;;;;;;;0;0;0
;;;;;;;;;;;;;;;0;0;0
;;;;;;;;;;;;;;;0;0;0
;;;;;;;;;;;;;;;0;0;0
;;;;;;;;;;;;;;;0;0;0
;;;;;;;;;;;;;;;0;0;0
;;;;;;;;;;;;;;;0;0;0
;;;;;;;;;;;;;;;0;0;0
;;;;;;;;;;;;;;;0;0;0
;;;;;;;;;;;;;;;0;0;0
;;;;;;;;;;;;;;;0;0;0
;;;;;;;;;;;;;;;0;0;0
;;;;;;;;;;;;;;;0;0;0
;;;;;;;;;;;;;;;0;0;0
;;;;;;;;;;;;;;;0;0;0
;;;;;;;;;;;;;;;0;0;0
;;;;;;;;;;;;;;;0;0;0
;;;;;;;;;;;;;;;0;0;0
;;;;;;;;;;;;;;;0;0;0
;;;;;;;;;;;;;;;0;0;0
;;;;;;;;;;;;;;;0;0;0
;;;;;;;;;;;;;;;0;0;0
;;;;;;;;;;;;;;;0;0;0
;;;;;;;;;;;;;;;0;0;0
;;;;;;;;;;;;;;;0;0;0
;;;;;;;;;;;;;;;0;0;0
;;;;;;;;;;;;;;;0;0;0
;;;;;;;;;;;;;;;0;0;0
;;;;;;;;;;;;;;;0;0;0
;;;;;;;;;;;;;;;0;0;0
;;;;;;;;;;;;;;;0;0;0
;;;;;;;;;;;;;;;0;0;0
;;;;;;;;;;;;;;;0;0;0
;;;;;;;;;;;;;;;0;0;0
;;;;;;;;;;;;;;;0;0;0
;;;;;;;;;;;;;;;0;0;0
;;;;;;;;;;;;;;;0;0;0
;;;;;;;;;;;;;;;0;0;0
;;;;;;;;;;;;;;;0;0;0
;;;;;;;;;;;;;;;0;0;0
;;;;;;;;;;;;;;;0;0;0
;;;;;;;;;;;;;;;0;0;0
;;;;;;;;;;;;;;;0;0;0
;;;;;;;;;;;;;;;0;0;0
;;;;;;;;;;;;;;;0;0;0
;;;;;;;;;;;;;;;0;0;0
;;;;;;;;;;;;;;;0;0;0
;;;;;;;;;;;;;;;0;0;0
;;;;;;;;;;;;;;;0;0;0
;;;;;;;;;;;;;;;0;0;0
;;;;;;;;;;;;;;;0;0;0
;;;;;;;;;;;;;;;0;0;0
;;;;;;;;;;;;;;;0;0;0
;;;;;;;;;;;;;;;0;0;0
;;;;;;;;;;;;;;;0;0;0
;;;;;;;;;;;;;;;0;0;0
;;;;;;;;;;;;;;;0;0;0
;;;;;;;;;;;;;;;0;0;0
;;;;;;;;;;;;;;;0;0;0
;;;;;;;;;;;;;;;0;0;0
;;;;;;;;;;;;;;;0;0;0
;;;;;;;;;;;;;;;0;0;0
;;;;;;;;;;;;;;;0;0;0
;;;;;;;;;;;;;;;0;0;0
;;;;;;;;;;;;;;;0;0;0
;;;;;;;;;;;;;;;0;0;0
;;;;;;;;;;;;;;;0;0;0
;;;;;;;;;;;;;;;0;0;0
;;;;;;;;;;;;;;;0;0;0
;;;;;;;;;;;;;;;0;0;0
;;;;;;;;;;;;;;;0;0;0
;;;;;;;;;;;;;;;0;0;0
;;;;;;;;;;;;;;;0;0;0
;;;;;;;;;;;;;;;0;0;0
;;;;;;;;;;;;;;;0;0;0
;;;;;;;;;;;;;;;0;0;0
;;;;;;;;;;;;;;;0;0;0
;;;;;;;;;;;;;;;0;0;0
;;;;;;;;;;;;;;;0;0;0
;;;;;;;;;;;;;;;0;0;0
;;;;;;;;;;;;;;;0;0;0
;;;;;;;;;;;;;;;0;0;0
;;;;;;;;;;;;;;;0;0;0
;;;;;;;;;;;;;;;0;0;0
;;;;;;;;;;;;;;;0;0;0
;;;;;;;;;;;;;;;0;0;0
;;;;;;;;;;;;;;;0;0;0
;;;;;;;;;;;;;;;0;0;0
;;;;;;;;;;;;;;;0;0;0
;;;;;;;;;;;;;;;0;0;0
;;;;;;;;;;;;;;;0;0;0
;;;;;;;;;;;;;;;0;0;0
;;;;;;;;;;;;;;;0;0;0
;;;;;;;;;;;;;;;0;0;0
;;;;;;;;;;;;;;;0;0;0
;;;;;;;;;;;;;;;0;0;0
;;;;;;;;;;;;;;;0;0;0
;;;;;;;;;;;;;;;0;0;0
;;;;;;;;;;;;;;;0;0;0
;;;;;;;;;;;;;;;0;0;0
;;;;;;;;;;;;;;;0;0;0
;;;;;;;;;;;;;;;0;0;0
;;;;;;;;;;;;;;;0;0;0
;;;;;;;;;;;;;;;0;0;0
;;;;;;;;;;;;;;;0;0;0
;;;;;;;;;;;;;;;0;0;0
;;;;;;;;;;;;;;;0;0;0
;;;;;;;;;;;;;;;0;0;0
;;;;;;;;;;;;;;;0;0;0
;;;;;;;;;;;;;;;0;0;0
;;;;;;;;;;;;;;;0;0;0
;;;;;;;;;;;;;;;0;0;0
;;;;;;;;;;;;;;;0;0;0
;;;;;;;;;;;;;;;0;0;0
;;;;;;;;;;;;;;;0;0;0
;;;;;;;;;;;;;;;0;0;0
;;;;;;;;;;;;;;;0;0;0
;;;;;;;;;;;;;;;0;0;0
;;;;;;;;;;;;;;;0;0;0
;;;;;;;;;;;;;;;0;0;0
;;;;;;;;;;;;;;;0;0;0
;;;;;;;;;;;;;;;0;0;0
;;;;;;;;;;;;;;;0;0;0
;;;;;;;;;;;;;;;0;0;0
;;;;;;;;;;;;;;;0;0;0
;;;;;;;;;;;;;;;0;0;0
;;;;;;;;;;;;;;;0;0;0
;;;;;;;;;;;;;;;0;0;0
;;;;;;;;;;;;;;;0;0;0
;;;;;;;;;;;;;;;0;0;0
;;;;;;;;;;;;;;;0;0;0
;;;;;;;;;;;;;;;0;0;0
;;;;;;;;;;;;;;;0;0;0
;;;;;;;;;;;;;;;0;0;0
;;;;;;;;;;;;;;;0;0;0
;;;;;;;;;;;;;;;0;0;0
;;;;;;;;;;;;;;;0;0;0
;;;;;;;;;;;;;;;0;0;0
;;;;;;;;;;;;;;;0;0;0
;;;;;;;;;;;;;;;0;0;0
;;;;;;;;;;;;;;;0;0;0
;;;;;;;;;;;;;;;0;0;0
;;;;;;;;;;;;;;;0;0;0
;;;;;;;;;;;;;;;0;0;0
;;;;;;;;;;;;;;;0;0;0
;;;;;;;;;;;;;;;0;0;0
;;;;;;;;;;;;;;;0;0;0
;;;;;;;;;;;;;;;0;0;0
;;;;;;;;;;;;;;;0;0;0
;;;;;;;;;;;;;;;0;0;0
;;;;;;;;;;;;;;;0;0;0
;;;;;;;;;;;;;;;0;0;0
;;;;;;;;;;;;;;;0;0;0
;;;;;;;;;;;;;;;0;0;0
;;;;;;;;;;;;;;;0;0;0
;;;;;;;;;;;;;;;0;0;0
;;;;;;;;;;;;;;;0;0;0
;;;;;;;;;;;;;;;0;0;0
;;;;;;;;;;;;;;;0;0;0
;;;;;;;;;;;;;;;0;0;0
;;;;;;;;;;;;;;;0;0;0
;;;;;;;;;;;;;;;0;0;0
;;;;;;;;;;;;;;;0;0;0
;;;;;;;;;;;;;;;0;0;0
;;;;;;;;;;;;;;;0;0;0
;;;;;;;;;;;;;;;0;0;0
;;;;;;;;;;;;;;;0;0;0
;;;;;;;;;;;;;;;0;0;0
;;;;;;;;;;;;;;;0;0;0
;;;;;;;;;;;;;;;0;0;0
;;;;;;;;;;;;;;;0;0;0
;;;;;;;;;;;;;;;0;0;0
;;;;;;;;;;;;;;;0;0;0
;;;;;;;;;;;;;;;0;0;0
;;;;;;;;;;;;;;;0;0;0
;;;;;;;;;;;;;;;0;0;0
;;;;;;;;;;;;;;;0;0;0
;;;;;;;;;;;;;;;0;0;0
;;;;;;;;;;;;;;;0;0;0
;;;;;;;;;;;;;;;0;0;0
;;;;;;;;;;;;;;;0;0;0
;;;;;;;;;;;;;;;0;0;0
;;;;;;;;;;;;;;;0;0;0
;;;;;;;;;;;;;;;0;0;0
;;;;;;;;;;;;;;;0;0;0
;;;;;;;;;;;;;;;0;0;0
;;;;;;;;;;;;;;;0;0;0
;;;;;;;;;;;;;;;0;0;0
;;;;;;;;;;;;;;;0;0;0
;;;;;;;;;;;;;;;0;0;0
;;;;;;;;;;;;;;;0;0;0
;;;;;;;;;;;;;;;0;0;0
;;;;;;;;;;;;;;;0;0;0
;;;;;;;;;;;;;;;0;0;0
;;;;;;;;;;;;;;;0;0;0
;;;;;;;;;;;;;;;0;0;0
;;;;;;;;;;;;;;;0;0;0
;;;;;;;;;;;;;;;0;0;0
;;;;;;;;;;;;;;;0;0;0
;;;;;;;;;;;;;;;0;0;0
;;;;;;;;;;;;;;;0;0;0
;;;;;;;;;;;;;;;0;0;0
;;;;;;;;;;;;;;;0;0;0
;;;;;;;;;;;;;;;0;0;0
;;;;;;;;;;;;;;;0;0;0
;;;;;;;;;;;;;;;0;0;0
;;;;;;;;;;;;;;;0;0;0
;;;;;;;;;;;;;;;0;0;0
;;;;;;;;;;;;;;;0;0;0
;;;;;;;;;;;;;;;0;0;0
;;;;;;;;;;;;;;;0;0;0
;;;;;;;;;;;;;;;0;0;0
;;;;;;;;;;;;;;;0;0;0
;;;;;;;;;;;;;;;0;0;0
;;;;;;;;;;;;;;;0;0;0
;;;;;;;;;;;;;;;0;0;0
;;;;;;;;;;;;;;;0;0;0
;;;;;;;;;;;;;;;0;0;0
;;;;;;;;;;;;;;;0;0;0
;;;;;;;;;;;;;;;0;0;0
;;;;;;;;;;;;;;;0;0;0
;;;;;;;;;;;;;;;0;0;0
;;;;;;;;;;;;;;;0;0;0
;;;;;;;;;;;;;;;0;0;0
;;;;;;;;;;;;;;;0;0;0
;;;;;;;;;;;;;;;0;0;0
;;;;;;;;;;;;;;;0;0;0
;;;;;;;;;;;;;;;0;0;0
;;;;;;;;;;;;;;;0;0;0
;;;;;;;;;;;;;;;0;0;0
;;;;;;;;;;;;;;;0;0;0
;;;;;;;;;;;;;;;0;0;0
;;;;;;;;;;;;;;;0;0;0
;;;;;;;;;;;;;;;0;0;0
;;;;;;;;;;;;;;;0;0;0
;;;;;;;;;;;;;;;0;0;0
;;;;;;;;;;;;;;;0;0;0
;;;;;;;;;;;;;;;0;0;0
;;;;;;;;;;;;;;;0;0;0
;;;;;;;;;;;;;;;0;0;0
;;;;;;;;;;;;;;;0;0;0
;;;;;;;;;;;;;;;0;0;0
;;;;;;;;;;;;;;;0;0;0
;;;;;;;;;;;;;;;0;0;0
;;;;;;;;;;;;;;;0;0;0
;;;;;;;;;;;;;;;0;0;0
;;;;;;;;;;;;;;;0;0;0
;;;;;;;;;;;;;;;0;0;0
;;;;;;;;;;;;;;;0;0;0
;;;;;;;;;;;;;;;0;0;0
;;;;;;;;;;;;;;;0;0;0
;;;;;;;;;;;;;;;0;0;0
;;;;;;;;;;;;;;;0;0;0
;;;;;;;;;;;;;;;0;0;0
;;;;;;;;;;;;;;;0;0;0
;;;;;;;;;;;;;;;0;0;0
;;;;;;;;;;;;;;;0;0;0
;;;;;;;;;;;;;;;0;0;0
;;;;;;;;;;;;;;;0;0;0
;;;;;;;;;;;;;;;0;0;0
;;;;;;;;;;;;;;;0;0;0
;;;;;;;;;;;;;;;0;0;0
;;;;;;;;;;;;;;;0;0;0
;;;;;;;;;;;;;;;0;0;0
;;;;;;;;;;;;;;;0;0;0
;;;;;;;;;;;;;;;0;0;0
;;;;;;;;;;;;;;;0;0;0
;;;;;;;;;;;;;;;0;0;0
;;;;;;;;;;;;;;;0;0;0
;;;;;;;;;;;;;;;0;0;0
;;;;;;;;;;;;;;;0;0;0
;;;;;;;;;;;;;;;0;0;0
;;;;;;;;;;;;;;;0;0;0
;;;;;;;;;;;;;;;0;0;0
;;;;;;;;;;;;;;;0;0;0
;;;;;;;;;;;;;;;0;0;0
;;;;;;;;;;;;;;;0;0;0
;;;;;;;;;;;;;;;0;0;0
;;;;;;;;;;;;;;;0;0;0
;;;;;;;;;;;;;;;0;0;0
;;;;;;;;;;;;;;;0;0;0
;;;;;;;;;;;;;;;0;0;0
;;;;;;;;;;;;;;;0;0;0
;;;;;;;;;;;;;;;0;0;0
;;;;;;;;;;;;;;;0;0;0
;;;;;;;;;;;;;;;0;0;0
;;;;;;;;;;;;;;;0;0;0
;;;;;;;;;;;;;;;0;0;0
;;;;;;;;;;;;;;;0;0;0
;;;;;;;;;;;;;;;0;0;0
;;;;;;;;;;;;;;;0;0;0
;;;;;;;;;;;;;;;0;0;0
;;;;;;;;;;;;;;;0;0;0
;;;;;;;;;;;;;;;0;0;0
;;;;;;;;;;;;;;;0;0;0
;;;;;;;;;;;;;;;0;0;0
;;;;;;;;;;;;;;;0;0;0
;;;;;;;;;;;;;;;0;0;0
;;;;;;;;;;;;;;;0;0;0
;;;;;;;;;;;;;;;0;0;0
;;;;;;;;;;;;;;;0;0;0
;;;;;;;;;;;;;;;0;0;0
;;;;;;;;;;;;;;;0;0;0
;;;;;;;;;;;;;;;0;0;0
;;;;;;;;;;;;;;;0;0;0
;;;;;;;;;;;;;;;0;0;0
;;;;;;;;;;;;;;;0;0;0
;;;;;;;;;;;;;;;0;0;0
;;;;;;;;;;;;;;;0;0;0
;;;;;;;;;;;;;;;0;0;0
;;;;;;;;;;;;;;;0;0;0
;;;;;;;;;;;;;;;0;0;0
;;;;;;;;;;;;;;;0;0;0
;;;;;;;;;;;;;;;0;0;0
;;;;;;;;;;;;;;;0;0;0
;;;;;;;;;;;;;;;0;0;0
;;;;;;;;;;;;;;;0;0;0
;;;;;;;;;;;;;;;0;0;0
;;;;;;;;;;;;;;;0;0;0
;;;;;;;;;;;;;;;0;0;0
;;;;;;;;;;;;;;;0;0;0
;;;;;;;;;;;;;;;0;0;0
;;;;;;;;;;;;;;;0;0;0
;;;;;;;;;;;;;;;0;0;0
;;;;;;;;;;;;;;;0;0;0
;;;;;;;;;;;;;;;0;0;0
;;;;;;;;;;;;;;;0;0;0
;;;;;;;;;;;;;;;0;0;0
;;;;;;;;;;;;;;;0;0;0
;;;;;;;;;;;;;;;0;0;0
;;;;;;;;;;;;;;;0;0;0
;;;;;;;;;;;;;;;0;0;0
;;;;;;;;;;;;;;;0;0;0
;;;;;;;;;;;;;;;0;0;0
;;;;;;;;;;;;;;;0;0;0
;;;;;;;;;;;;;;;0;0;0
;;;;;;;;;;;;;;;0;0;0
;;;;;;;;;;;;;;;0;0;0
;;;;;;;;;;;;;;;0;0;0
;;;;;;;;;;;;;;;0;0;0
;;;;;;;;;;;;;;;0;0;0
;;;;;;;;;;;;;;;0;0;0
;;;;;;;;;;;;;;;0;0;0
;;;;;;;;;;;;;;;0;0;0
;;;;;;;;;;;;;;;0;0;0
;;;;;;;;;;;;;;;0;0;0
;;;;;;;;;;;;;;;0;0;0
;;;;;;;;;;;;;;;0;0;0
;;;;;;;;;;;;;;;0;0;0
;;;;;;;;;;;;;;;0;0;0
;;;;;;;;;;;;;;;0;0;0
;;;;;;;;;;;;;;;0;0;0
;;;;;;;;;;;;;;;0;0;0
;;;;;;;;;;;;;;;0;0;0
;;;;;;;;;;;;;;;0;0;0
;;;;;;;;;;;;;;;0;0;0
;;;;;;;;;;;;;;;0;0;0
;;;;;;;;;;;;;;;0;0;0
;;;;;;;;;;;;;;;0;0;0
;;;;;;;;;;;;;;;0;0;0
;;;;;;;;;;;;;;;0;0;0
;;;;;;;;;;;;;;;0;0;0
;;;;;;;;;;;;;;;0;0;0
;;;;;;;;;;;;;;;0;0;0
;;;;;;;;;;;;;;;0;0;0
;;;;;;;;;;;;;;;0;0;0
;;;;;;;;;;;;;;;0;0;0
;;;;;;;;;;;;;;;0;0;0
;;;;;;;;;;;;;;;0;0;0
;;;;;;;;;;;;;;;0;0;0
;;;;;;;;;;;;;;;0;0;0
;;;;;;;;;;;;;;;0;0;0
;;;;;;;;;;;;;;;0;0;0
;;;;;;;;;;;;;;;0;0;0
;;;;;;;;;;;;;;;0;0;0
;;;;;;;;;;;;;;;0;0;0
;;;;;;;;;;;;;;;0;0;0
;;;;;;;;;;;;;;;0;0;0
;;;;;;;;;;;;;;;0;0;0
;;;;;;;;;;;;;;;0;0;0
;;;;;;;;;;;;;;;0;0;0
;;;;;;;;;;;;;;;0;0;0
;;;;;;;;;;;;;;;0;0;0
;;;;;;;;;;;;;;;0;0;0
;;;;;;;;;;;;;;;0;0;0
;;;;;;;;;;;;;;;0;0;0
;;;;;;;;;;;;;;;0;0;0
;;;;;;;;;;;;;;;0;0;0
;;;;;;;;;;;;;;;0;0;0
;;;;;;;;;;;;;;;0;0;0
;;;;;;;;;;;;;;;0;0;0
;;;;;;;;;;;;;;;0;0;0
;;;;;;;;;;;;;;;0;0;0
;;;;;;;;;;;;;;;0;0;0
;;;;;;;;;;;;;;;0;0;0
;;;;;;;;;;;;;;;0;0;0
;;;;;;;;;;;;;;;0;0;0
;;;;;;;;;;;;;;;0;0;0
;;;;;;;;;;;;;;;0;0;0
;;;;;;;;;;;;;;;0;0;0
;;;;;;;;;;;;;;;0;0;0
;;;;;;;;;;;;;;;0;0;0
;;;;;;;;;;;;;;;0;0;0
;;;;;;;;;;;;;;;0;0;0
;;;;;;;;;;;;;;;0;0;0
;;;;;;;;;;;;;;;0;0;0
;;;;;;;;;;;;;;;0;0;0
;;;;;;;;;;;;;;;0;0;0
;;;;;;;;;;;;;;;0;0;0
;;;;;;;;;;;;;;;0;0;0
;;;;;;;;;;;;;;;0;0;0
;;;;;;;;;;;;;;;0;0;0
;;;;;;;;;;;;;;;0;0;0
;;;;;;;;;;;;;;;0;0;0
;;;;;;;;;;;;;;;0;0;0
;;;;;;;;;;;;;;;0;0;0
;;;;;;;;;;;;;;;0;0;0
;;;;;;;;;;;;;;;0;0;0
;;;;;;;;;;;;;;;0;0;0
;;;;;;;;;;;;;;;0;0;0
;;;;;;;;;;;;;;;0;0;0
;;;;;;;;;;;;;;;0;0;0
;;;;;;;;;;;;;;;0;0;0
;;;;;;;;;;;;;;;0;0;0
;;;;;;;;;;;;;;;0;0;0
;;;;;;;;;;;;;;;0;0;0
;;;;;;;;;;;;;;;0;0;0
;;;;;;;;;;;;;;;0;0;0
;;;;;;;;;;;;;;;0;0;0
;;;;;;;;;;;;;;;0;0;0
;;;;;;;;;;;;;;;0;0;0
;;;;;;;;;;;;;;;0;0;0
;;;;;;;;;;;;;;;0;0;0
;;;;;;;;;;;;;;;0;0;0
;;;;;;;;;;;;;;;0;0;0
;;;;;;;;;;;;;;;0;0;0
;;;;;;;;;;;;;;;0;0;0
;;;;;;;;;;;;;;;0;0;0
;;;;;;;;;;;;;;;0;0;0
;;;;;;;;;;;;;;;0;0;0
;;;;;;;;;;;;;;;0;0;0
;;;;;;;;;;;;;;;0;0;0
;;;;;;;;;;;;;;;0;0;0
;;;;;;;;;;;;;;;0;0;0
;;;;;;;;;;;;;;;0;0;0
;;;;;;;;;;;;;;;0;0;0
;;;;;;;;;;;;;;;0;0;0
;;;;;;;;;;;;;;;0;0;0
;;;;;;;;;;;;;;;0;0;0
;;;;;;;;;;;;;;;0;0;0
;;;;;;;;;;;;;;;0;0;0
;;;;;;;;;;;;;;;0;0;0
;;;;;;;;;;;;;;;0;0;0
;;;;;;;;;;;;;;;0;0;0
;;;;;;;;;;;;;;;0;0;0
;;;;;;;;;;;;;;;0;0;0
;;;;;;;;;;;;;;;0;0;0
;;;;;;;;;;;;;;;0;0;0
;;;;;;;;;;;;;;;0;0;0
;;;;;;;;;;;;;;;0;0;0
;;;;;;;;;;;;;;;0;0;0
;;;;;;;;;;;;;;;0;0;0
;;;;;;;;;;;;;;;0;0;0
;;;;;;;;;;;;;;;0;0;0
;;;;;;;;;;;;;;;0;0;0
;;;;;;;;;;;;;;;0;0;0
;;;;;;;;;;;;;;;0;0;0
;;;;;;;;;;;;;;;0;0;0
;;;;;;;;;;;;;;;0;0;0
;;;;;;;;;;;;;;;0;0;0
;;;;;;;;;;;;;;;0;0;0
;;;;;;;;;;;;;;;0;0;0
;;;;;;;;;;;;;;;0;0;0
;;;;;;;;;;;;;;;0;0;0
;;;;;;;;;;;;;;;0;0;0
;;;;;;;;;;;;;;;0;0;0
;;;;;;;;;;;;;;;0;0;0
;;;;;;;;;;;;;;;0;0;0
;;;;;;;;;;;;;;;0;0;0
;;;;;;;;;;;;;;;0;0;0
;;;;;;;;;;;;;;;0;0;0
;;;;;;;;;;;;;;;0;0;0
;;;;;;;;;;;;;;;0;0;0
;;;;;;;;;;;;;;;0;0;0
;;;;;;;;;;;;;;;0;0;0
;;;;;;;;;;;;;;;0;0;0
;;;;;;;;;;;;;;;0;0;0
;;;;;;;;;;;;;;;0;0;0
;;;;;;;;;;;;;;;0;0;0
;;;;;;;;;;;;;;;0;0;0
;;;;;;;;;;;;;;;0;0;0
;;;;;;;;;;;;;;;0;0;0
;;;;;;;;;;;;;;;0;0;0
;;;;;;;;;;;;;;;0;0;0
;;;;;;;;;;;;;;;0;0;0
;;;;;;;;;;;;;;;0;0;0
;;;;;;;;;;;;;;;0;0;0
;;;;;;;;;;;;;;;0;0;0
;;;;;;;;;;;;;;;0;0;0
;;;;;;;;;;;;;;;0;0;0
;;;;;;;;;;;;;;;0;0;0
;;;;;;;;;;;;;;;0;0;0
;;;;;;;;;;;;;;;0;0;0
;;;;;;;;;;;;;;;0;0;0
;;;;;;;;;;;;;;;0;0;0
;;;;;;;;;;;;;;;0;0;0
;;;;;;;;;;;;;;;0;0;0
;;;;;;;;;;;;;;;0;0;0
;;;;;;;;;;;;;;;0;0;0
;;;;;;;;;;;;;;;0;0;0
;;;;;;;;;;;;;;;0;0;0
;;;;;;;;;;;;;;;0;0;0
;;;;;;;;;;;;;;;0;0;0
;;;;;;;;;;;;;;;0;0;0
;;;;;;;;;;;;;;;0;0;0
;;;;;;;;;;;;;;;0;0;0
;;;;;;;;;;;;;;;0;0;0
;;;;;;;;;;;;;;;0;0;0
;;;;;;;;;;;;;;;0;0;0
;;;;;;;;;;;;;;;0;0;0
;;;;;;;;;;;;;;;0;0;0
;;;;;;;;;;;;;;;0;0;0
;;;;;;;;;;;;;;;0;0;0
;;;;;;;;;;;;;;;0;0;0
;;;;;;;;;;;;;;;0;0;0
;;;;;;;;;;;;;;;0;0;0
;;;;;;;;;;;;;;;0;0;0
;;;;;;;;;;;;;;;0;0;0
;;;;;;;;;;;;;;;0;0;0
;;;;;;;;;;;;;;;0;0;0
;;;;;;;;;;;;;;;0;0;0
;;;;;;;;;;;;;;;0;0;0
;;;;;;;;;;;;;;;0;0;0
;;;;;;;;;;;;;;;0;0;0
;;;;;;;;;;;;;;;0;0;0
;;;;;;;;;;;;;;;0;0;0
;;;;;;;;;;;;;;;0;0;0
;;;;;;;;;;;;;;;0;0;0
;;;;;;;;;;;;;;;0;0;0
;;;;;;;;;;;;;;;0;0;0
;;;;;;;;;;;;;;;0;0;0
;;;;;;;;;;;;;;;0;0;0
;;;;;;;;;;;;;;;0;0;0
;;;;;;;;;;;;;;;0;0;0
;;;;;;;;;;;;;;;0;0;0
;;;;;;;;;;;;;;;0;0;0
;;;;;;;;;;;;;;;0;0;0
;;;;;;;;;;;;;;;0;0;0
;;;;;;;;;;;;;;;0;0;0
;;;;;;;;;;;;;;;0;0;0
;;;;;;;;;;;;;;;0;0;0
;;;;;;;;;;;;;;;0;0;0
;;;;;;;;;;;;;;;0;0;0
;;;;;;;;;;;;;;;0;0;0
;;;;;;;;;;;;;;;0;0;0
;;;;;;;;;;;;;;;0;0;0
;;;;;;;;;;;;;;;0;0;0
;;;;;;;;;;;;;;;0;0;0
;;;;;;;;;;;;;;;0;0;0
;;;;;;;;;;;;;;;0;0;0
;;;;;;;;;;;;;;;0;0;0
;;;;;;;;;;;;;;;0;0;0
;;;;;;;;;;;;;;;0;0;0
;;;;;;;;;;;;;;;0;0;0
;;;;;;;;;;;;;;;0;0;0
;;;;;;;;;;;;;;;0;0;0
;;;;;;;;;;;;;;;0;0;0
;;;;;;;;;;;;;;;0;0;0
;;;;;;;;;;;;;;;0;0;0
;;;;;;;;;;;;;;;0;0;0
;;;;;;;;;;;;;;;0;0;0
;;;;;;;;;;;;;;;0;0;0
;;;;;;;;;;;;;;;0;0;0
;;;;;;;;;;;;;;;0;0;0
;;;;;;;;;;;;;;;0;0;0
;;;;;;;;;;;;;;;0;0;0
;;;;;;;;;;;;;;;0;0;0
;;;;;;;;;;;;;;;0;0;0
;;;;;;;;;;;;;;;0;0;0
;;;;;;;;;;;;;;;0;0;0
;;;;;;;;;;;;;;;0;0;0
;;;;;;;;;;;;;;;0;0;0
;;;;;;;;;;;;;;;0;0;0
;;;;;;;;;;;;;;;0;0;0
;;;;;;;;;;;;;;;0;0;0
;;;;;;;;;;;;;;;0;0;0
;;;;;;;;;;;;;;;0;0;0
;;;;;;;;;;;;;;;0;0;0
;;;;;;;;;;;;;;;0;0;0
;;;;;;;;;;;;;;;0;0;0
;;;;;;;;;;;;;;;0;0;0
;;;;;;;;;;;;;;;0;0;0
;;;;;;;;;;;;;;;0;0;0
;;;;;;;;;;;;;;;0;0;0
;;;;;;;;;;;;;;;0;0;0
;;;;;;;;;;;;;;;0;0;0
;;;;;;;;;;;;;;;0;0;0
;;;;;;;;;;;;;;;0;0;0
;;;;;;;;;;;;;;;0;0;0
;;;;;;;;;;;;;;;0;0;0
;;;;;;;;;;;;;;;0;0;0
;;;;;;;;;;;;;;;0;0;0
;;;;;;;;;;;;;;;0;0;0
;;;;;;;;;;;;;;;0;0;0
;;;;;;;;;;;;;;;0;0;0
;;;;;;;;;;;;;;;0;0;0
;;;;;;;;;;;;;;;0;0;0
;;;;;;;;;;;;;;;0;0;0
;;;;;;;;;;;;;;;0;0;0
;;;;;;;;;;;;;;;0;0;0
;;;;;;;;;;;;;;;0;0;0
;;;;;;;;;;;;;;;0;0;0
;;;;;;;;;;;;;;;0;0;0
;;;;;;;;;;;;;;;0;0;0
;;;;;;;;;;;;;;;0;0;0
;;;;;;;;;;;;;;;0;0;0
;;;;;;;;;;;;;;;0;0;0
;;;;;;;;;;;;;;;0;0;0
;;;;;;;;;;;;;;;0;0;0
;;;;;;;;;;;;;;;0;0;0
;;;;;;;;;;;;;;;0;0;0
;;;;;;;;;;;;;;;0;0;0
;;;;;;;;;;;;;;;0;0;0
;;;;;;;;;;;;;;;0;0;0
;;;;;;;;;;;;;;;0;0;0
;;;;;;;;;;;;;;;0;0;0
;;;;;;;;;;;;;;;0;0;0
;;;;;;;;;;;;;;;0;0;0
;;;;;;;;;;;;;;;0;0;0
;;;;;;;;;;;;;;;0;0;0
;;;;;;;;;;;;;;;0;0;0
;;;;;;;;;;;;;;;0;0;0
;;;;;;;;;;;;;;;0;0;0
;;;;;;;;;;;;;;;0;0;0
;;;;;;;;;;;;;;;0;0;0
;;;;;;;;;;;;;;;0;0;0
;;;;;;;;;;;;;;;0;0;0
;;;;;;;;;;;;;;;0;0;0
;;;;;;;;;;;;;;;0;0;0
;;;;;;;;;;;;;;;0;0;0
;;;;;;;;;;;;;;;0;0;0
;;;;;;;;;;;;;;;0;0;0
;;;;;;;;;;;;;;;0;0;0
;;;;;;;;;;;;;;;0;0;0
;;;;;;;;;;;;;;;0;0;0
;;;;;;;;;;;;;;;0;0;0
;;;;;;;;;;;;;;;0;0;0
;;;;;;;;;;;;;;;0;0;0
;;;;;;;;;;;;;;;0;0;0
;;;;;;;;;;;;;;;0;0;0
;;;;;;;;;;;;;;;0;0;0
;;;;;;;;;;;;;;;0;0;0
;;;;;;;;;;;;;;;0;0;0
;;;;;;;;;;;;;;;0;0;0
;;;;;;;;;;;;;;;0;0;0
;;;;;;;;;;;;;;;0;0;0
;;;;;;;;;;;;;;;0;0;0
;;;;;;;;;;;;;;;0;0;0
;;;;;;;;;;;;;;;0;0;0
;;;;;;;;;;;;;;;0;0;0
;;;;;;;;;;;;;;;0;0;0
;;;;;;;;;;;;;;;0;0;0
;;;;;;;;;;;;;;;0;0;0
;;;;;;;;;;;;;;;0;0;0
;;;;;;;;;;;;;;;0;0;0
;;;;;;;;;;;;;;;0;0;0
;;;;;;;;;;;;;;;0;0;0
;;;;;;;;;;;;;;;0;0;0
;;;;;;;;;;;;;;;0;0;0
;;;;;;;;;;;;;;;0;0;0
;;;;;;;;;;;;;;;0;0;0
;;;;;;;;;;;;;;;0;0;0
;;;;;;;;;;;;;;;0;0;0
;;;;;;;;;;;;;;;0;0;0
;;;;;;;;;;;;;;;0;0;0
;;;;;;;;;;;;;;;0;0;0
;;;;;;;;;;;;;;;0;0;0
;;;;;;;;;;;;;;;0;0;0
;;;;;;;;;;;;;;;0;0;0
;;;;;;;;;;;;;;;0;0;0
;;;;;;;;;;;;;;;0;0;0
;;;;;;;;;;;;;;;0;0;0
;;;;;;;;;;;;;;;0;0;0
;;;;;;;;;;;;;;;0;0;0
;;;;;;;;;;;;;;;0;0;0
;;;;;;;;;;;;;;;0;0;0
;;;;;;;;;;;;;;;0;0;0
;;;;;;;;;;;;;;;0;0;0
;;;;;;;;;;;;;;;0;0;0
;;;;;;;;;;;;;;;0;0;0
;;;;;;;;;;;;;;;0;0;0
;;;;;;;;;;;;;;;0;0;0
;;;;;;;;;;;;;;;0;0;0
;;;;;;;;;;;;;;;0;0;0
;;;;;;;;;;;;;;;0;0;0
;;;;;;;;;;;;;;;0;0;0
;;;;;;;;;;;;;;;0;0;0
;;;;;;;;;;;;;;;0;0;0
;;;;;;;;;;;;;;;0;0;0
;;;;;;;;;;;;;;;0;0;0
;;;;;;;;;;;;;;;0;0;0
;;;;;;;;;;;;;;;0;0;0
;;;;;;;;;;;;;;;0;0;0
;;;;;;;;;;;;;;;0;0;0
;;;;;;;;;;;;;;;0;0;0
;;;;;;;;;;;;;;;0;0;0
;;;;;;;;;;;;;;;0;0;0
;;;;;;;;;;;;;;;0;0;0
;;;;;;;;;;;;;;;0;0;0
;;;;;;;;;;;;;;;0;0;0
;;;;;;;;;;;;;;;0;0;0
;;;;;;;;;;;;;;;0;0;0
;;;;;;;;;;;;;;;0;0;0
;;;;;;;;;;;;;;;0;0;0
;;;;;;;;;;;;;;;0;0;0
;;;;;;;;;;;;;;;0;0;0
;;;;;;;;;;;;;;;0;0;0
;;;;;;;;;;;;;;;0;0;0
;;;;;;;;;;;;;;;0;0;0
;;;;;;;;;;;;;;;0;0;0
;;;;;;;;;;;;;;;0;0;0
;;;;;;;;;;;;;;;0;0;0
;;;;;;;;;;;;;;;0;0;0
;;;;;;;;;;;;;;;0;0;0
;;;;;;;;;;;;;;;0;0;0
;;;;;;;;;;;;;;;0;0;0
;;;;;;;;;;;;;;;0;0;0
;;;;;;;;;;;;;;;0;0;0
;;;;;;;;;;;;;;;0;0;0
;;;;;;;;;;;;;;;0;0;0
;;;;;;;;;;;;;;;0;0;0
;;;;;;;;;;;;;;;0;0;0
;;;;;;;;;;;;;;;0;0;0
;;;;;;;;;;;;;;;0;0;0
;;;;;;;;;;;;;;;0;0;0
;;;;;;;;;;;;;;;0;0;0
;;;;;;;;;;;;;;;0;0;0
;;;;;;;;;;;;;;;0;0;0
;;;;;;;;;;;;;;;0;0;0
;;;;;;;;;;;;;;;0;0;0
;;;;;;;;;;;;;;;0;0;0
;;;;;;;;;;;;;;;0;0;0
;;;;;;;;;;;;;;;0;0;0
;;;;;;;;;;;;;;;0;0;0
;;;;;;;;;;;;;;;0;0;0
;;;;;;;;;;;;;;;0;0;0
;;;;;;;;;;;;;;;0;0;0
;;;;;;;;;;;;;;;0;0;0
;;;;;;;;;;;;;;;0;0;0
;;;;;;;;;;;;;;;0;0;0
;;;;;;;;;;;;;;;0;0;0
;;;;;;;;;;;;;;;0;0;0
;;;;;;;;;;;;;;;0;0;0
;;;;;;;;;;;;;;;0;0;0
;;;;;;;;;;;;;;;0;0;0
;;;;;;;;;;;;;;;0;0;0
;;;;;;;;;;;;;;;0;0;0
;;;;;;;;;;;;;;;0;0;0
;;;;;;;;;;;;;;;0;0;0
;;;;;;;;;;;;;;;0;0;0
;;;;;;;;;;;;;;;0;0;0
;;;;;;;;;;;;;;;0;0;0
;;;;;;;;;;;;;;;0;0;0
;;;;;;;;;;;;;;;0;0;0
;;;;;;;;;;;;;;;0;0;0
;;;;;;;;;;;;;;;0;0;0
;;;;;;;;;;;;;;;0;0;0
;;;;;;;;;;;;;;;0;0;0
;;;;;;;;;;;;;;;0;0;0
;;;;;;;;;;;;;;;0;0;0
;;;;;;;;;;;;;;;0;0;0
;;;;;;;;;;;;;;;0;0;0
;;;;;;;;;;;;;;;0;0;0
;;;;;;;;;;;;;;;0;0;0
;;;;;;;;;;;;;;;0;0;0
;;;;;;;;;;;;;;;0;0;0
;;;;;;;;;;;;;;;0;0;0
;;;;;;;;;;;;;;;0;0;0
;;;;;;;;;;;;;;;0;0;0
;;;;;;;;;;;;;;;0;0;0
;;;;;;;;;;;;;;;0;0;0
;;;;;;;;;;;;;;;0;0;0
;;;;;;;;;;;;;;;0;0;0
;;;;;;;;;;;;;;;0;0;0
;;;;;;;;;;;;;;;0;0;0
;;;;;;;;;;;;;;;0;0;0
;;;;;;;;;;;;;;;0;0;0
;;;;;;;;;;;;;;;0;0;0
;;;;;;;;;;;;;;;0;0;0
;;;;;;;;;;;;;;;0;0;0
;;;;;;;;;;;;;;;0;0;0
;;;;;;;;;;;;;;;0;0;0
;;;;;;;;;;;;;;;0;0;0
;;;;;;;;;;;;;;;0;0;0
;;;;;;;;;;;;;;;0;0;0
;;;;;;;;;;;;;;;0;0;0
;;;;;;;;;;;;;;;0;0;0
;;;;;;;;;;;;;;;0;0;0
;;;;;;;;;;;;;;;0;0;0
;;;;;;;;;;;;;;;0;0;0
;;;;;;;;;;;;;;;0;0;0
;;;;;;;;;;;;;;;0;0;0
;;;;;;;;;;;;;;;0;0;0
;;;;;;;;;;;;;;;0;0;0
;;;;;;;;;;;;;;;0;0;0
;;;;;;;;;;;;;;;0;0;0
;;;;;;;;;;;;;;;0;0;0
;;;;;;;;;;;;;;;0;0;0
;;;;;;;;;;;;;;;0;0;0
;;;;;;;;;;;;;;;0;0;0
;;;;;;;;;;;;;;;0;0;0
;;;;;;;;;;;;;;;0;0;0
;;;;;;;;;;;;;;;0;0;0
;;;;;;;;;;;;;;;0;0;0
;;;;;;;;;;;;;;;0;0;0
;;;;;;;;;;;;;;;0;0;0
;;;;;;;;;;;;;;;0;0;0
;;;;;;;;;;;;;;;0;0;0
;;;;;;;;;;;;;;;0;0;0
;;;;;;;;;;;;;;;0;0;0
;;;;;;;;;;;;;;;0;0;0
;;;;;;;;;;;;;;;0;0;0
;;;;;;;;;;;;;;;0;0;0
;;;;;;;;;;;;;;;0;0;0
;;;;;;;;;;;;;;;0;0;0
;;;;;;;;;;;;;;;0;0;0
;;;;;;;;;;;;;;;0;0;0
;;;;;;;;;;;;;;;0;0;0
;;;;;;;;;;;;;;;0;0;0
;;;;;;;;;;;;;;;0;0;0
;;;;;;;;;;;;;;;0;0;0
;;;;;;;;;;;;;;;0;0;0
;;;;;;;;;;;;;;;0;0;0
;;;;;;;;;;;;;;;0;0;0
;;;;;;;;;;;;;;;0;0;0
;;;;;;;;;;;;;;;0;0;0
;;;;;;;;;;;;;;;0;0;0
;;;;;;;;;;;;;;;0;0;0
;;;;;;;;;;;;;;;0;0;0
;;;;;;;;;;;;;;;0;0;0
;;;;;;;;;;;;;;;0;0;0
;;;;;;;;;;;;;;;0;0;0
;;;;;;;;;;;;;;;0;0;0
;;;;;;;;;;;;;;;0;0;0
;;;;;;;;;;;;;;;0;0;0
;;;;;;;;;;;;;;;0;0;0
;;;;;;;;;;;;;;;0;0;0
;;;;;;;;;;;;;;;0;0;0
;;;;;;;;;;;;;;;0;0;0
;;;;;;;;;;;;;;;0;0;0
;;;;;;;;;;;;;;;0;0;0
;;;;;;;;;;;;;;;0;0;0
;;;;;;;;;;;;;;;0;0;0
;;;;;;;;;;;;;;;0;0;0
;;;;;;;;;;;;;;;0;0;0
;;;;;;;;;;;;;;;0;0;0
;;;;;;;;;;;;;;;0;0;0
;;;;;;;;;;;;;;;0;0;0
;;;;;;;;;;;;;;;0;0;0
;;;;;;;;;;;;;;;0;0;0
;;;;;;;;;;;;;;;0;0;0
;;;;;;;;;;;;;;;0;0;0
;;;;;;;;;;;;;;;0;0;0
;;;;;;;;;;;;;;;0;0;0
;;;;;;;;;;;;;;;0;0;0
;;;;;;;;;;;;;;;0;0;0
;;;;;;;;;;;;;;;0;0;0
;;;;;;;;;;;;;;;0;0;0
;;;;;;;;;;;;;;;0;0;0
;;;;;;;;;;;;;;;0;0;0
;;;;;;;;;;;;;;;0;0;0
;;;;;;;;;;;;;;;0;0;0
;;;;;;;;;;;;;;;0;0;0
;;;;;;;;;;;;;;;0;0;0
;;;;;;;;;;;;;;;0;0;0
;;;;;;;;;;;;;;;0;0;0
;;;;;;;;;;;;;;;0;0;0
;;;;;;;;;;;;;;;0;0;0
;;;;;;;;;;;;;;;0;0;0
;;;;;;;;;;;;;;;0;0;0
;;;;;;;;;;;;;;;0;0;0
;;;;;;;;;;;;;;;0;0;0
;;;;;;;;;;;;;;;0;0;0
;;;;;;;;;;;;;;;0;0;0
;;;;;;;;;;;;;;;0;0;0
;;;;;;;;;;;;;;;0;0;0
;;;;;;;;;;;;;;;0;0;0
;;;;;;;;;;;;;;;0;0;0
;;;;;;;;;;;;;;;0;0;0
;;;;;;;;;;;;;;;0;0;0
;;;;;;;;;;;;;;;0;0;0
;;;;;;;;;;;;;;;0;0;0
;;;;;;;;;;;;;;;0;0;0
;;;;;;;;;;;;;;;0;0;0
;;;;;;;;;;;;;;;0;0;0
;;;;;;;;;;;;;;;0;0;0
;;;;;;;;;;;;;;;0;0;0
;;;;;;;;;;;;;;;0;0;0
;;;;;;;;;;;;;;;0;0;0
;;;;;;;;;;;;;;;0;0;0
;;;;;;;;;;;;;;;0;0;0
;;;;;;;;;;;;;;;0;0;0
;;;;;;;;;;;;;;;0;0;0
;;;;;;;;;;;;;;;0;0;0
;;;;;;;;;;;;;;;0;0;0
;;;;;;;;;;;;;;;0;0;0
;;;;;;;;;;;;;;;0;0;0
;;;;;;;;;;;;;;;0;0;0
;;;;;;;;;;;;;;;0;0;0
;;;;;;;;;;;;;;;0;0;0
;;;;;;;;;;;;;;;0;0;0
;;;;;;;;;;;;;;;0;0;0
;;;;;;;;;;;;;;;0;0;0
;;;;;;;;;;;;;;;0;0;0
;;;;;;;;;;;;;;;0;0;0
;;;;;;;;;;;;;;;0;0;0
;;;;;;;;;;;;;;;0;0;0
;;;;;;;;;;;;;;;0;0;0
;;;;;;;;;;;;;;;0;0;0
;;;;;;;;;;;;;;;0;0;0
;;;;;;;;;;;;;;;0;0;0
;;;;;;;;;;;;;;;0;0;0
;;;;;;;;;;;;;;;0;0;0
;;;;;;;;;;;;;;;0;0;0
;;;;;;;;;;;;;;;0;0;0
;;;;;;;;;;;;;;;0;0;0
;;;;;;;;;;;;;;;0;0;0
;;;;;;;;;;;;;;;0;0;0
;;;;;;;;;;;;;;;0;0;0
;;;;;;;;;;;;;;;0;0;0
;;;;;;;;;;;;;;;0;0;0
;;;;;;;;;;;;;;;0;0;0
;;;;;;;;;;;;;;;0;0;0
;;;;;;;;;;;;;;;0;0;0
;;;;;;;;;;;;;;;0;0;0
;;;;;;;;;;;;;;;0;0;0
;;;;;;;;;;;;;;;0;0;0
;;;;;;;;;;;;;;;0;0;0
;;;;;;;;;;;;;;;0;0;0
;;;;;;;;;;;;;;;0;0;0
;;;;;;;;;;;;;;;0;0;0
;;;;;;;;;;;;;;;0;0;0
;;;;;;;;;;;;;;;0;0;0
;;;;;;;;;;;;;;;0;0;0
;;;;;;;;;;;;;;;0;0;0
;;;;;;;;;;;;;;;0;0;0
;;;;;;;;;;;;;;;0;0;0
;;;;;;;;;;;;;;;0;0;0
;;;;;;;;;;;;;;;0;0;0
;;;;;;;;;;;;;;;0;0;0
;;;;;;;;;;;;;;;0;0;0
;;;;;;;;;;;;;;;0;0;0
;;;;;;;;;;;;;;;0;0;0
;;;;;;;;;;;;;;;0;0;0
;;;;;;;;;;;;;;;0;0;0
;;;;;;;;;;;;;;;0;0;0
;;;;;;;;;;;;;;;0;0;0
;;;;;;;;;;;;;;;0;0;0
;;;;;;;;;;;;;;;0;0;0
;;;;;;;;;;;;;;;0;0;0
;;;;;;;;;;;;;;;0;0;0
;;;;;;;;;;;;;;;0;0;0
;;;;;;;;;;;;;;;0;0;0
;;;;;;;;;;;;;;;0;0;0
;;;;;;;;;;;;;;;0;0;0
;;;;;;;;;;;;;;;0;0;0
;;;;;;;;;;;;;;;0;0;0
;;;;;;;;;;;;;;;0;0;0
;;;;;;;;;;;;;;;0;0;0
;;;;;;;;;;;;;;;0;0;0
;;;;;;;;;;;;;;;0;0;0
;;;;;;;;;;;;;;;0;0;0
;;;;;;;;;;;;;;;0;0;0
;;;;;;;;;;;;;;;0;0;0
;;;;;;;;;;;;;;;0;0;0
;;;;;;;;;;;;;;;0;0;0
;;;;;;;;;;;;;;;0;0;0
;;;;;;;;;;;;;;;0;0;0
;;;;;;;;;;;;;;;0;0;0
;;;;;;;;;;;;;;;0;0;0
;;;;;;;;;;;;;;;0;0;0
;;;;;;;;;;;;;;;0;0;0
;;;;;;;;;;;;;;;0;0;0
;;;;;;;;;;;;;;;0;0;0
;;;;;;;;;;;;;;;0;0;0
;;;;;;;;;;;;;;;0;0;0
;;;;;;;;;;;;;;;0;0;0
;;;;;;;;;;;;;;;0;0;0
;;;;;;;;;;;;;;;0;0;0
;;;;;;;;;;;;;;;0;0;0
;;;;;;;;;;;;;;;0;0;0
;;;;;;;;;;;;;;;0;0;0
;;;;;;;;;;;;;;;0;0;0
;;;;;;;;;;;;;;;0;0;0
;;;;;;;;;;;;;;;0;0;0
;;;;;;;;;;;;;;;0;0;0
;;;;;;;;;;;;;;;0;0;0
;;;;;;;;;;;;;;;0;0;0
;;;;;;;;;;;;;;;0;0;0
;;;;;;;;;;;;;;;0;0;0
;;;;;;;;;;;;;;;0;0;0
;;;;;;;;;;;;;;;0;0;0
;;;;;;;;;;;;;;;0;0;0
;;;;;;;;;;;;;;;0;0;0
;;;;;;;;;;;;;;;0;0;0
;;;;;;;;;;;;;;;0;0;0
;;;;;;;;;;;;;;;0;0;0
;;;;;;;;;;;;;;;0;0;0
;;;;;;;;;;;;;;;0;0;0
;;;;;;;;;;;;;;;0;0;0
;;;;;;;;;;;;;;;0;0;0
;;;;;;;;;;;;;;;0;0;0
;;;;;;;;;;;;;;;0;0;0
;;;;;;;;;;;;;;;0;0;0
;;;;;;;;;;;;;;;0;0;0
;;;;;;;;;;;;;;;0;0;0
;;;;;;;;;;;;;;;0;0;0
;;;;;;;;;;;;;;;0;0;0
;;;;;;;;;;;;;;;0;0;0
;;;;;;;;;;;;;;;0;0;0
;;;;;;;;;;;;;;;0;0;0
;;;;;;;;;;;;;;;0;0;0
;;;;;;;;;;;;;;;0;0;0
;;;;;;;;;;;;;;;0;0;0
;;;;;;;;;;;;;;;0;0;0
;;;;;;;;;;;;;;;0;0;0
;;;;;;;;;;;;;;;0;0;0
;;;;;;;;;;;;;;;0;0;0
;;;;;;;;;;;;;;;0;0;0
;;;;;;;;;;;;;;;0;0;0
;;;;;;;;;;;;;;;0;0;0
;;;;;;;;;;;;;;;0;0;0
;;;;;;;;;;;;;;;0;0;0
;;;;;;;;;;;;;;;0;0;0
;;;;;;;;;;;;;;;0;0;0
;;;;;;;;;;;;;;;0;0;0
;;;;;;;;;;;;;;;0;0;0
;;;;;;;;;;;;;;;0;0;0
;;;;;;;;;;;;;;;0;0;0
;;;;;;;;;;;;;;;0;0;0
;;;;;;;;;;;;;;;0;0;0
;;;;;;;;;;;;;;;0;0;0
;;;;;;;;;;;;;;;0;0;0
;;;;;;;;;;;;;;;0;0;0
;;;;;;;;;;;;;;;0;0;0
;;;;;;;;;;;;;;;0;0;0
;;;;;;;;;;;;;;;0;0;0
;;;;;;;;;;;;;;;0;0;0
;;;;;;;;;;;;;;;0;0;0
;;;;;;;;;;;;;;;0;0;0
;;;;;;;;;;;;;;;0;0;0
;;;;;;;;;;;;;;;0;0;0
;;;;;;;;;;;;;;;0;0;0
;;;;;;;;;;;;;;;0;0;0
;;;;;;;;;;;;;;;0;0;0
;;;;;;;;;;;;;;;0;0;0
;;;;;;;;;;;;;;;0;0;0
;;;;;;;;;;;;;;;0;0;0
;;;;;;;;;;;;;;;0;0;0
;;;;;;;;;;;;;;;0;0;0
;;;;;;;;;;;;;;;0;0;0
;;;;;;;;;;;;;;;0;0;0
;;;;;;;;;;;;;;;0;0;0
;;;;;;;;;;;;;;;0;0;0
;;;;;;;;;;;;;;;0;0;0
;;;;;;;;;;;;;;;0;0;0
;;;;;;;;;;;;;;;0;0;0
;;;;;;;;;;;;;;;0;0;0
;;;;;;;;;;;;;;;0;0;0
;;;;;;;;;;;;;;;0;0;0
;;;;;;;;;;;;;;;0;0;0
;;;;;;;;;;;;;;;0;0;0
;;;;;;;;;;;;;;;0;0;0
;;;;;;;;;;;;;;;0;0;0
;;;;;;;;;;;;;;;0;0;0
;;;;;;;;;;;;;;;0;0;0
;;;;;;;;;;;;;;;0;0;0
;;;;;;;;;;;;;;;0;0;0
;;;;;;;;;;;;;;;0;0;0
;;;;;;;;;;;;;;;0;0;0
;;;;;;;;;;;;;;;0;0;0
;;;;;;;;;;;;;;;0;0;0
;;;;;;;;;;;;;;;0;0;0
;;;;;;;;;;;;;;;0;0;0
;;;;;;;;;;;;;;;0;0;0
;;;;;;;;;;;;;;;0;0;0
;;;;;;;;;;;;;;;0;0;0
;;;;;;;;;;;;;;;0;0;0
;;;;;;;;;;;;;;;0;0;0
;;;;;;;;;;;;;;;0;0;0
;;;;;;;;;;;;;;;0;0;0
;;;;;;;;;;;;;;;0;0;0
;;;;;;;;;;;;;;;0;0;0
;;;;;;;;;;;;;;;0;0;0
;;;;;;;;;;;;;;;0;0;0
;;;;;;;;;;;;;;;0;0;0
;;;;;;;;;;;;;;;0;0;0
;;;;;;;;;;;;;;;0;0;0
;;;;;;;;;;;;;;;0;0;0
;;;;;;;;;;;;;;;0;0;0
;;;;;;;;;;;;;;;0;0;0
;;;;;;;;;;;;;;;0;0;0
;;;;;;;;;;;;;;;0;0;0
;;;;;;;;;;;;;;;0;0;0
;;;;;;;;;;;;;;;0;0;0
;;;;;;;;;;;;;;;0;0;0
;;;;;;;;;;;;;;;0;0;0
;;;;;;;;;;;;;;;0;0;0
;;;;;;;;;;;;;;;0;0;0
;;;;;;;;;;;;;;;0;0;0
;;;;;;;;;;;;;;;0;0;0
;;;;;;;;;;;;;;;0;0;0
;;;;;;;;;;;;;;;0;0;0
;;;;;;;;;;;;;;;0;0;0
;;;;;;;;;;;;;;;0;0;0
;;;;;;;;;;;;;;;0;0;0
;;;;;;;;;;;;;;;0;0;0
;;;;;;;;;;;;;;;0;0;0
;;;;;;;;;;;;;;;0;0;0
;;;;;;;;;;;;;;;0;0;0
;;;;;;;;;;;;;;;0;0;0
;;;;;;;;;;;;;;;0;0;0
;;;;;;;;;;;;;;;0;0;0
;;;;;;;;;;;;;;;0;0;0
;;;;;;;;;;;;;;;0;0;0
;;;;;;;;;;;;;;;0;0;0
;;;;;;;;;;;;;;;0;0;0
;;;;;;;;;;;;;;;0;0;0
;;;;;;;;;;;;;;;0;0;0
;;;;;;;;;;;;;;;0;0;0
;;;;;;;;;;;;;;;0;0;0
;;;;;;;;;;;;;;;0;0;0
;;;;;;;;;;;;;;;0;0;0
;;;;;;;;;;;;;;;0;0;0
;;;;;;;;;;;;;;;0;0;0
;;;;;;;;;;;;;;;0;0;0
;;;;;;;;;;;;;;;0;0;0
;;;;;;;;;;;;;;;0;0;0
;;;;;;;;;;;;;;;0;0;0
;;;;;;;;;;;;;;;0;0;0
;;;;;;;;;;;;;;;0;0;0
;;;;;;;;;;;;;;;0;0;0
;;;;;;;;;;;;;;;0;0;0
;;;;;;;;;;;;;;;0;0;0
;;;;;;;;;;;;;;;0;0;0
;;;;;;;;;;;;;;;0;0;0
;;;;;;;;;;;;;;;0;0;0
;;;;;;;;;;;;;;;0;0;0
;;;;;;;;;;;;;;;0;0;0
;;;;;;;;;;;;;;;0;0;0
;;;;;;;;;;;;;;;0;0;0
;;;;;;;;;;;;;;;0;0;0
;;;;;;;;;;;;;;;0;0;0
;;;;;;;;;;;;;;;0;0;0
;;;;;;;;;;;;;;;0;0;0
;;;;;;;;;;;;;;;0;0;0
;;;;;;;;;;;;;;;0;0;0
;;;;;;;;;;;;;;;0;0;0
;;;;;;;;;;;;;;;0;0;0
;;;;;;;;;;;;;;;0;0;0
;;;;;;;;;;;;;;;0;0;0
;;;;;;;;;;;;;;;0;0;0
;;;;;;;;;;;;;;;0;0;0
;;;;;;;;;;;;;;;0;0;0
;;;;;;;;;;;;;;;0;0;0
;;;;;;;;;;;;;;;0;0;0
;;;;;;;;;;;;;;;0;0;0
;;;;;;;;;;;;;;;0;0;0
;;;;;;;;;;;;;;;0;0;0
;;;;;;;;;;;;;;;0;0;0
;;;;;;;;;;;;;;;0;0;0
;;;;;;;;;;;;;;;0;0;0
;;;;;;;;;;;;;;;0;0;0
;;;;;;;;;;;;;;;0;0;0
;;;;;;;;;;;;;;;0;0;0
;;;;;;;;;;;;;;;0;0;0
;;;;;;;;;;;;;;;0;0;0
;;;;;;;;;;;;;;;0;0;0
;;;;;;;;;;;;;;;0;0;0
;;;;;;;;;;;;;;;0;0;0
;;;;;;;;;;;;;;;0;0;0
;;;;;;;;;;;;;;;0;0;0
;;;;;;;;;;;;;;;0;0;0
;;;;;;;;;;;;;;;0;0;0
;;;;;;;;;;;;;;;0;0;0
;;;;;;;;;;;;;;;0;0;0
;;;;;;;;;;;;;;;0;0;0
;;;;;;;;;;;;;;;0;0;0
;;;;;;;;;;;;;;;0;0;0
;;;;;;;;;;;;;;;0;0;0
;;;;;;;;;;;;;;;0;0;0
;;;;;;;;;;;;;;;0;0;0
;;;;;;;;;;;;;;;0;0;0
;;;;;;;;;;;;;;;0;0;0
;;;;;;;;;;;;;;;0;0;0
;;;;;;;;;;;;;;;0;0;0
;;;;;;;;;;;;;;;0;0;0
;;;;;;;;;;;;;;;0;0;0
;;;;;;;;;;;;;;;0;0;0
;;;;;;;;;;;;;;;0;0;0
;;;;;;;;;;;;;;;0;0;0
;;;;;;;;;;;;;;;0;0;0
;;;;;;;;;;;;;;;0;0;0
;;;;;;;;;;;;;;;0;0;0
;;;;;;;;;;;;;;;0;0;0
;;;;;;;;;;;;;;;0;0;0
;;;;;;;;;;;;;;;0;0;0
;;;;;;;;;;;;;;;0;0;0
;;;;;;;;;;;;;;;0;0;0
;;;;;;;;;;;;;;;0;0;0
;;;;;;;;;;;;;;;0;0;0
;;;;;;;;;;;;;;;0;0;0
;;;;;;;;;;;;;;;0;0;0
;;;;;;;;;;;;;;;0;0;0
;;;;;;;;;;;;;;;0;0;0
;;;;;;;;;;;;;;;0;0;0
;;;;;;;;;;;;;;;0;0;0
;;;;;;;;;;;;;;;0;0;0
;;;;;;;;;;;;;;;0;0;0
;;;;;;;;;;;;;;;0;0;0
;;;;;;;;;;;;;;;0;0;0
;;;;;;;;;;;;;;;0;0;0
;;;;;;;;;;;;;;;0;0;0
;;;;;;;;;;;;;;;0;0;0
;;;;;;;;;;;;;;;0;0;0
;;;;;;;;;;;;;;;0;0;0
;;;;;;;;;;;;;;;0;0;0
;;;;;;;;;;;;;;;0;0;0
;;;;;;;;;;;;;;;0;0;0
;;;;;;;;;;;;;;;0;0;0
;;;;;;;;;;;;;;;0;0;0
;;;;;;;;;;;;;;;0;0;0
;;;;;;;;;;;;;;;0;0;0
;;;;;;;;;;;;;;;0;0;0
;;;;;;;;;;;;;;;0;0;0
;;;;;;;;;;;;;;;0;0;0
;;;;;;;;;;;;;;;0;0;0
;;;;;;;;;;;;;;;0;0;0
;;;;;;;;;;;;;;;0;0;0
;;;;;;;;;;;;;;;0;0;0
;;;;;;;;;;;;;;;0;0;0
;;;;;;;;;;;;;;;0;0;0
;;;;;;;;;;;;;;;0;0;0
;;;;;;;;;;;;;;;0;0;0
;;;;;;;;;;;;;;;0;0;0
;;;;;;;;;;;;;;;0;0;0
;;;;;;;;;;;;;;;0;0;0
;;;;;;;;;;;;;;;0;0;0
;;;;;;;;;;;;;;;0;0;0
;;;;;;;;;;;;;;;0;0;0
;;;;;;;;;;;;;;;0;0;0
;;;;;;;;;;;;;;;0;0;0
;;;;;;;;;;;;;;;0;0;0
;;;;;;;;;;;;;;;0;0;0
;;;;;;;;;;;;;;;0;0;0
;;;;;;;;;;;;;;;0;0;0
;;;;;;;;;;;;;;;0;0;0
;;;;;;;;;;;;;;;0;0;0
;;;;;;;;;;;;;;;0;0;0
;;;;;;;;;;;;;;;0;0;0
;;;;;;;;;;;;;;;0;0;0
;;;;;;;;;;;;;;;0;0;0
;;;;;;;;;;;;;;;0;0;0
;;;;;;;;;;;;;;;0;0;0
;;;;;;;;;;;;;;;0;0;0
;;;;;;;;;;;;;;;0;0;0
;;;;;;;;;;;;;;;0;0;0
;;;;;;;;;;;;;;;0;0;0
;;;;;;;;;;;;;;;0;0;0
;;;;;;;;;;;;;;;0;0;0
;;;;;;;;;;;;;;;0;0;0
;;;;;;;;;;;;;;;0;0;0
;;;;;;;;;;;;;;;0;0;0
;;;;;;;;;;;;;;;0;0;0
;;;;;;;;;;;;;;;0;0;0
;;;;;;;;;;;;;;;0;0;0
;;;;;;;;;;;;;;;0;0;0
;;;;;;;;;;;;;;;0;0;0
;;;;;;;;;;;;;;;0;0;0
;;;;;;;;;;;;;;;0;0;0
;;;;;;;;;;;;;;;0;0;0
;;;;;;;;;;;;;;;0;0;0
;;;;;;;;;;;;;;;0;0;0
;;;;;;;;;;;;;;;0;0;0
;;;;;;;;;;;;;;;0;0;0
;;;;;;;;;;;;;;;0;0;0
;;;;;;;;;;;;;;;0;0;0
;;;;;;;;;;;;;;;0;0;0
;;;;;;;;;;;;;;;0;0;0
;;;;;;;;;;;;;;;0;0;0
;;;;;;;;;;;;;;;0;0;0
;;;;;;;;;;;;;;;0;0;0
;;;;;;;;;;;;;;;0;0;0
;;;;;;;;;;;;;;;0;0;0
;;;;;;;;;;;;;;;0;0;0
;;;;;;;;;;;;;;;0;0;0
;;;;;;;;;;;;;;;0;0;0
;;;;;;;;;;;;;;;0;0;0
;;;;;;;;;;;;;;;0;0;0
;;;;;;;;;;;;;;;0;0;0
;;;;;;;;;;;;;;;0;0;0
;;;;;;;;;;;;;;;0;0;0
;;;;;;;;;;;;;;;0;0;0
;;;;;;;;;;;;;;;0;0;0
;;;;;;;;;;;;;;;0;0;0
;;;;;;;;;;;;;;;0;0;0
;;;;;;;;;;;;;;;0;0;0
;;;;;;;;;;;;;;;0;0;0
;;;;;;;;;;;;;;;0;0;0
;;;;;;;;;;;;;;;0;0;0
;;;;;;;;;;;;;;;0;0;0
;;;;;;;;;;;;;;;0;0;0
;;;;;;;;;;;;;;;0;0;0
;;;;;;;;;;;;;;;0;0;0
;;;;;;;;;;;;;;;0;0;0
;;;;;;;;;;;;;;;0;0;0
;;;;;;;;;;;;;;;0;0;0
;;;;;;;;;;;;;;;0;0;0
;;;;;;;;;;;;;;;0;0;0
;;;;;;;;;;;;;;;0;0;0
;;;;;;;;;;;;;;;0;0;0
;;;;;;;;;;;;;;;0;0;0
;;;;;;;;;;;;;;;0;0;0
;;;;;;;;;;;;;;;0;0;0
;;;;;;;;;;;;;;;0;0;0
;;;;;;;;;;;;;;;0;0;0
;;;;;;;;;;;;;;;0;0;0
;;;;;;;;;;;;;;;0;0;0
;;;;;;;;;;;;;;;0;0;0
;;;;;;;;;;;;;;;0;0;0
;;;;;;;;;;;;;;;0;0;0
;;;;;;;;;;;;;;;0;0;0
;;;;;;;;;;;;;;;0;0;0
;;;;;;;;;;;;;;;0;0;0
;;;;;;;;;;;;;;;0;0;0
;;;;;;;;;;;;;;;0;0;0
;;;;;;;;;;;;;;;0;0;0
;;;;;;;;;;;;;;;0;0;0
;;;;;;;;;;;;;;;0;0;0
;;;;;;;;;;;;;;;0;0;0
;;;;;;;;;;;;;;;0;0;0
;;;;;;;;;;;;;;;0;0;0
;;;;;;;;;;;;;;;0;0;0
;;;;;;;;;;;;;;;0;0;0
;;;;;;;;;;;;;;;0;0;0
;;;;;;;;;;;;;;;0;0;0
;;;;;;;;;;;;;;;0;0;0
;;;;;;;;;;;;;;;0;0;0
;;;;;;;;;;;;;;;0;0;0
;;;;;;;;;;;;;;;0;0;0
;;;;;;;;;;;;;;;0;0;0
;;;;;;;;;;;;;;;0;0;0
;;;;;;;;;;;;;;;0;0;0
;;;;;;;;;;;;;;;0;0;0
;;;;;;;;;;;;;;;0;0;0
;;;;;;;;;;;;;;;0;0;0
;;;;;;;;;;;;;;;0;0;0
;;;;;;;;;;;;;;;0;0;0
;;;;;;;;;;;;;;;0;0;0
;;;;;;;;;;;;;;;0;0;0
;;;;;;;;;;;;;;;0;0;0
;;;;;;;;;;;;;;;0;0;0
;;;;;;;;;;;;;;;0;0;0
;;;;;;;;;;;;;;;0;0;0
;;;;;;;;;;;;;;;0;0;0
;;;;;;;;;;;;;;;0;0;0
;;;;;;;;;;;;;;;0;0;0
;;;;;;;;;;;;;;;0;0;0
;;;;;;;;;;;;;;;0;0;0
;;;;;;;;;;;;;;;0;0;0
;;;;;;;;;;;;;;;0;0;0
;;;;;;;;;;;;;;;0;0;0
;;;;;;;;;;;;;;;0;0;0
;;;;;;;;;;;;;;;0;0;0
;;;;;;;;;;;;;;;0;0;0
;;;;;;;;;;;;;;;0;0;0
;;;;;;;;;;;;;;;0;0;0
;;;;;;;;;;;;;;;0;0;0
;;;;;;;;;;;;;;;0;0;0
;;;;;;;;;;;;;;;0;0;0
;;;;;;;;;;;;;;;0;0;0
;;;;;;;;;;;;;;;0;0;0
;;;;;;;;;;;;;;;0;0;0
;;;;;;;;;;;;;;;0;0;0
;;;;;;;;;;;;;;;0;0;0
;;;;;;;;;;;;;;;0;0;0
;;;;;;;;;;;;;;;0;0;0
;;;;;;;;;;;;;;;0;0;0
;;;;;;;;;;;;;;;0;0;0
;;;;;;;;;;;;;;;0;0;0
;;;;;;;;;;;;;;;0;0;0
;;;;;;;;;;;;;;;0;0;0
;;;;;;;;;;;;;;;0;0;0
;;;;;;;;;;;;;;;0;0;0
;;;;;;;;;;;;;;;0;0;0
;;;;;;;;;;;;;;;0;0;0
;;;;;;;;;;;;;;;0;0;0
;;;;;;;;;;;;;;;0;0;0
;;;;;;;;;;;;;;;0;0;0
;;;;;;;;;;;;;;;0;0;0
;;;;;;;;;;;;;;;0;0;0
;;;;;;;;;;;;;;;0;0;0
;;;;;;;;;;;;;;;0;0;0
;;;;;;;;;;;;;;;0;0;0
;;;;;;;;;;;;;;;0;0;0
;;;;;;;;;;;;;;;0;0;0
;;;;;;;;;;;;;;;0;0;0
;;;;;;;;;;;;;;;0;0;0
;;;;;;;;;;;;;;;0;0;0
;;;;;;;;;;;;;;;0;0;0
;;;;;;;;;;;;;;;0;0;0
;;;;;;;;;;;;;;;0;0;0
;;;;;;;;;;;;;;;0;0;0
;;;;;;;;;;;;;;;0;0;0
;;;;;;;;;;;;;;;0;0;0
;;;;;;;;;;;;;;;0;0;0
;;;;;;;;;;;;;;;0;0;0
;;;;;;;;;;;;;;;0;0;0
;;;;;;;;;;;;;;;0;0;0
;;;;;;;;;;;;;;;0;0;0
;;;;;;;;;;;;;;;0;0;0
;;;;;;;;;;;;;;;0;0;0
;;;;;;;;;;;;;;;0;0;0
;;;;;;;;;;;;;;;0;0;0
;;;;;;;;;;;;;;;0;0;0
;;;;;;;;;;;;;;;0;0;0
;;;;;;;;;;;;;;;0;0;0
;;;;;;;;;;;;;;;0;0;0
;;;;;;;;;;;;;;;0;0;0
;;;;;;;;;;;;;;;0;0;0
;;;;;;;;;;;;;;;0;0;0
;;;;;;;;;;;;;;;0;0;0
;;;;;;;;;;;;;;;0;0;0
;;;;;;;;;;;;;;;0;0;0
;;;;;;;;;;;;;;;0;0;0
;;;;;;;;;;;;;;;0;0;0
;;;;;;;;;;;;;;;0;0;0
;;;;;;;;;;;;;;;0;0;0
;;;;;;;;;;;;;;;0;0;0
;;;;;;;;;;;;;;;0;0;0
;;;;;;;;;;;;;;;0;0;0
;;;;;;;;;;;;;;;0;0;0
;;;;;;;;;;;;;;;0;0;0
;;;;;;;;;;;;;;;0;0;0
;;;;;;;;;;;;;;;0;0;0
;;;;;;;;;;;;;;;0;0;0
;;;;;;;;;;;;;;;0;0;0
;;;;;;;;;;;;;;;0;0;0
;;;;;;;;;;;;;;;0;0;0
;;;;;;;;;;;;;;;0;0;0
;;;;;;;;;;;;;;;0;0;0
;;;;;;;;;;;;;;;0;0;0
;;;;;;;;;;;;;;;0;0;0
;;;;;;;;;;;;;;;0;0;0
;;;;;;;;;;;;;;;0;0;0
;;;;;;;;;;;;;;;0;0;0
;;;;;;;;;;;;;;;0;0;0
;;;;;;;;;;;;;;;0;0;0
;;;;;;;;;;;;;;;0;0;0
;;;;;;;;;;;;;;;0;0;0
;;;;;;;;;;;;;;;0;0;0
;;;;;;;;;;;;;;;0;0;0
;;;;;;;;;;;;;;;0;0;0
;;;;;;;;;;;;;;;0;0;0
;;;;;;;;;;;;;;;0;0;0
;;;;;;;;;;;;;;;0;0;0
;;;;;;;;;;;;;;;0;0;0
;;;;;;;;;;;;;;;0;0;0
;;;;;;;;;;;;;;;0;0;0
;;;;;;;;;;;;;;;0;0;0
;;;;;;;;;;;;;;;0;0;0
;;;;;;;;;;;;;;;0;0;0
;;;;;;;;;;;;;;;0;0;0
;;;;;;;;;;;;;;;0;0;0
;;;;;;;;;;;;;;;0;0;0
;;;;;;;;;;;;;;;0;0;0
;;;;;;;;;;;;;;;0;0;0
;;;;;;;;;;;;;;;0;0;0
;;;;;;;;;;;;;;;0;0;0
;;;;;;;;;;;;;;;0;0;0
;;;;;;;;;;;;;;;0;0;0
;;;;;;;;;;;;;;;0;0;0
;;;;;;;;;;;;;;;0;0;0
;;;;;;;;;;;;;;;0;0;0
;;;;;;;;;;;;;;;0;0;0
;;;;;;;;;;;;;;;0;0;0
;;;;;;;;;;;;;;;0;0;0
;;;;;;;;;;;;;;;0;0;0
;;;;;;;;;;;;;;;0;0;0
;;;;;;;;;;;;;;;0;0;0
;;;;;;;;;;;;;;;0;0;0
;;;;;;;;;;;;;;;0;0;0
;;;;;;;;;;;;;;;0;0;0
;;;;;;;;;;;;;;;0;0;0
;;;;;;;;;;;;;;;0;0;0
;;;;;;;;;;;;;;;0;0;0
;;;;;;;;;;;;;;;0;0;0
;;;;;;;;;;;;;;;0;0;0
;;;;;;;;;;;;;;;0;0;0
;;;;;;;;;;;;;;;0;0;0
;;;;;;;;;;;;;;;0;0;0
;;;;;;;;;;;;;;;0;0;0
;;;;;;;;;;;;;;;0;0;0
;;;;;;;;;;;;;;;0;0;0
;;;;;;;;;;;;;;;0;0;0
;;;;;;;;;;;;;;;0;0;0
;;;;;;;;;;;;;;;0;0;0
;;;;;;;;;;;;;;;0;0;0
;;;;;;;;;;;;;;;0;0;0
;;;;;;;;;;;;;;;0;0;0
;;;;;;;;;;;;;;;0;0;0
;;;;;;;;;;;;;;;0;0;0
;;;;;;;;;;;;;;;0;0;0
;;;;;;;;;;;;;;;0;0;0
;;;;;;;;;;;;;;;0;0;0
;;;;;;;;;;;;;;;0;0;0
;;;;;;;;;;;;;;;0;0;0
;;;;;;;;;;;;;;;0;0;0
;;;;;;;;;;;;;;;0;0;0
;;;;;;;;;;;;;;;0;0;0
;;;;;;;;;;;;;;;0;0;0
;;;;;;;;;;;;;;;0;0;0
;;;;;;;;;;;;;;;0;0;0
;;;;;;;;;;;;;;;0;0;0
;;;;;;;;;;;;;;;0;0;0
;;;;;;;;;;;;;;;0;0;0
;;;;;;;;;;;;;;;0;0;0
;;;;;;;;;;;;;;;0;0;0
;;;;;;;;;;;;;;;0;0;0
;;;;;;;;;;;;;;;0;0;0
;;;;;;;;;;;;;;;0;0;0
;;;;;;;;;;;;;;;0;0;0
;;;;;;;;;;;;;;;0;0;0
;;;;;;;;;;;;;;;0;0;0
;;;;;;;;;;;;;;;0;0;0
;;;;;;;;;;;;;;;0;0;0
;;;;;;;;;;;;;;;0;0;0
;;;;;;;;;;;;;;;0;0;0
;;;;;;;;;;;;;;;0;0;0
;;;;;;;;;;;;;;;0;0;0
;;;;;;;;;;;;;;;0;0;0
;;;;;;;;;;;;;;;0;0;0
;;;;;;;;;;;;;;;0;0;0
;;;;;;;;;;;;;;;0;0;0
;;;;;;;;;;;;;;;0;0;0
;;;;;;;;;;;;;;;0;0;0
;;;;;;;;;;;;;;;0;0;0
;;;;;;;;;;;;;;;0;0;0
;;;;;;;;;;;;;;;0;0;0
;;;;;;;;;;;;;;;0;0;0
;;;;;;;;;;;;;;;0;0;0
;;;;;;;;;;;;;;;0;0;0
;;;;;;;;;;;;;;;0;0;0
;;;;;;;;;;;;;;;0;0;0
;;;;;;;;;;;;;;;0;0;0
;;;;;;;;;;;;;;;0;0;0
;;;;;;;;;;;;;;;0;0;0
;;;;;;;;;;;;;;;0;0;0
;;;;;;;;;;;;;;;0;0;0
;;;;;;;;;;;;;;;0;0;0
;;;;;;;;;;;;;;;0;0;0
;;;;;;;;;;;;;;;0;0;0
;;;;;;;;;;;;;;;0;0;0
;;;;;;;;;;;;;;;0;0;0
;;;;;;;;;;;;;;;0;0;0
;;;;;;;;;;;;;;;0;0;0
;;;;;;;;;;;;;;;0;0;0
;;;;;;;;;;;;;;;0;0;0
;;;;;;;;;;;;;;;0;0;0
;;;;;;;;;;;;;;;0;0;0
;;;;;;;;;;;;;;;0;0;0
;;;;;;;;;;;;;;;0;0;0
;;;;;;;;;;;;;;;0;0;0
;;;;;;;;;;;;;;;0;0;0
;;;;;;;;;;;;;;;0;0;0
;;;;;;;;;;;;;;;0;0;0
;;;;;;;;;;;;;;;0;0;0
;;;;;;;;;;;;;;;0;0;0
;;;;;;;;;;;;;;;0;0;0
;;;;;;;;;;;;;;;0;0;0
;;;;;;;;;;;;;;;0;0;0
;;;;;;;;;;;;;;;0;0;0
;;;;;;;;;;;;;;;0;0;0
;;;;;;;;;;;;;;;0;0;0
;;;;;;;;;;;;;;;0;0;0
;;;;;;;;;;;;;;;0;0;0
;;;;;;;;;;;;;;;0;0;0
;;;;;;;;;;;;;;;0;0;0
;;;;;;;;;;;;;;;0;0;0
;;;;;;;;;;;;;;;0;0;0
;;;;;;;;;;;;;;;0;0;0
;;;;;;;;;;;;;;;0;0;0
;;;;;;;;;;;;;;;0;0;0
;;;;;;;;;;;;;;;0;0;0
;;;;;;;;;;;;;;;0;0;0
;;;;;;;;;;;;;;;0;0;0
;;;;;;;;;;;;;;;0;0;0
;;;;;;;;;;;;;;;0;0;0
;;;;;;;;;;;;;;;0;0;0
;;;;;;;;;;;;;;;0;0;0
;;;;;;;;;;;;;;;0;0;0
;;;;;;;;;;;;;;;0;0;0
;;;;;;;;;;;;;;;0;0;0
;;;;;;;;;;;;;;;0;0;0
;;;;;;;;;;;;;;;0;0;0
;;;;;;;;;;;;;;;0;0;0
;;;;;;;;;;;;;;;0;0;0
;;;;;;;;;;;;;;;0;0;0
;;;;;;;;;;;;;;;0;0;0
;;;;;;;;;;;;;;;0;0;0
;;;;;;;;;;;;;;;0;0;0
;;;;;;;;;;;;;;;0;0;0
;;;;;;;;;;;;;;;0;0;0
;;;;;;;;;;;;;;;0;0;0
;;;;;;;;;;;;;;;0;0;0
;;;;;;;;;;;;;;;0;0;0
;;;;;;;;;;;;;;;0;0;0
;;;;;;;;;;;;;;;0;0;0
;;;;;;;;;;;;;;;0;0;0
;;;;;;;;;;;;;;;0;0;0
;;;;;;;;;;;;;;;0;0;0
;;;;;;;;;;;;;;;0;0;0
;;;;;;;;;;;;;;;0;0;0
;;;;;;;;;;;;;;;0;0;0
;;;;;;;;;;;;;;;0;0;0
;;;;;;;;;;;;;;;0;0;0
;;;;;;;;;;;;;;;0;0;0
;;;;;;;;;;;;;;;0;0;0
;;;;;;;;;;;;;;;0;0;0
;;;;;;;;;;;;;;;0;0;0
;;;;;;;;;;;;;;;0;0;0
;;;;;;;;;;;;;;;0;0;0
;;;;;;;;;;;;;;;0;0;0
;;;;;;;;;;;;;;;0;0;0
;;;;;;;;;;;;;;;0;0;0
;;;;;;;;;;;;;;;0;0;0
;;;;;;;;;;;;;;;0;0;0
;;;;;;;;;;;;;;;0;0;0
;;;;;;;;;;;;;;;0;0;0
;;;;;;;;;;;;;;;0;0;0
;;;;;;;;;;;;;;;0;0;0
;;;;;;;;;;;;;;;0;0;0
;;;;;;;;;;;;;;;0;0;0
;;;;;;;;;;;;;;;0;0;0
;;;;;;;;;;;;;;;0;0;0
;;;;;;;;;;;;;;;0;0;0
;;;;;;;;;;;;;;;0;0;0
;;;;;;;;;;;;;;;0;0;0
;;;;;;;;;;;;;;;0;0;0
;;;;;;;;;;;;;;;0;0;0
;;;;;;;;;;;;;;;0;0;0
;;;;;;;;;;;;;;;0;0;0
;;;;;;;;;;;;;;;0;0;0
;;;;;;;;;;;;;;;0;0;0
;;;;;;;;;;;;;;;0;0;0
;;;;;;;;;;;;;;;0;0;0
;;;;;;;;;;;;;;;0;0;0
;;;;;;;;;;;;;;;0;0;0
;;;;;;;;;;;;;;;0;0;0
;;;;;;;;;;;;;;;0;0;0
;;;;;;;;;;;;;;;0;0;0
;;;;;;;;;;;;;;;0;0;0
;;;;;;;;;;;;;;;0;0;0
;;;;;;;;;;;;;;;0;0;0
;;;;;;;;;;;;;;;0;0;0
;;;;;;;;;;;;;;;0;0;0
;;;;;;;;;;;;;;;0;0;0
;;;;;;;;;;;;;;;0;0;0
;;;;;;;;;;;;;;;0;0;0
;;;;;;;;;;;;;;;0;0;0
;;;;;;;;;;;;;;;0;0;0
;;;;;;;;;;;;;;;0;0;0
;;;;;;;;;;;;;;;0;0;0
;;;;;;;;;;;;;;;0;0;0
;;;;;;;;;;;;;;;0;0;0
;;;;;;;;;;;;;;;0;0;0
;;;;;;;;;;;;;;;0;0;0
;;;;;;;;;;;;;;;0;0;0
;;;;;;;;;;;;;;;0;0;0
;;;;;;;;;;;;;;;0;0;0
;;;;;;;;;;;;;;;0;0;0
;;;;;;;;;;;;;;;0;0;0
;;;;;;;;;;;;;;;0;0;0
;;;;;;;;;;;;;;;0;0;0
;;;;;;;;;;;;;;;0;0;0
;;;;;;;;;;;;;;;0;0;0
;;;;;;;;;;;;;;;0;0;0
;;;;;;;;;;;;;;;0;0;0
;;;;;;;;;;;;;;;0;0;0
;;;;;;;;;;;;;;;0;0;0
;;;;;;;;;;;;;;;0;0;0
;;;;;;;;;;;;;;;0;0;0
;;;;;;;;;;;;;;;0;0;0
;;;;;;;;;;;;;;;0;0;0
;;;;;;;;;;;;;;;0;0;0
;;;;;;;;;;;;;;;0;0;0
;;;;;;;;;;;;;;;0;0;0
;;;;;;;;;;;;;;;0;0;0
;;;;;;;;;;;;;;;0;0;0
;;;;;;;;;;;;;;;0;0;0
;;;;;;;;;;;;;;;0;0;0
;;;;;;;;;;;;;;;0;0;0
;;;;;;;;;;;;;;;0;0;0
;;;;;;;;;;;;;;;0;0;0
;;;;;;;;;;;;;;;0;0;0
;;;;;;;;;;;;;;;0;0;0
;;;;;;;;;;;;;;;0;0;0
;;;;;;;;;;;;;;;0;0;0
;;;;;;;;;;;;;;;0;0;0
;;;;;;;;;;;;;;;0;0;0
hibp-2025-10-02-CanadianTire-canadiantire.ca-Canadian Tire;CanadianTire;In October 2025, retailer Canadian Tire was the victim of a data breach that exposed almost 42M records. The data contained 38M unique email addresses along with names, phone numbers and physical addresses. Passwords were stored as PBKDF2 hashes and for a subset of records, dates of birth and partial credit card data were also included (card type, expiry and masked card number). In its disclosure notice, Canadian Tire advised that the incident did not impact bank account information or loyalty program data.;02.10.25 00:00;Non-EU;Linkability, Identifiability;0;2;0;Extern (Intentional);Unknown;Strong;Profit-Oriented;Network;HIBP;1;0;1
hibp-2026-02-14-CarGurus-cargurus.com-CarGurus;CarGurus;In February 2026, the automotive marketplace CarGurus was the target of a data breach attributed to the threat actor ShinyHunters. Following an attempted extortion, the data was published publicly and contained more than 12M email addresses across multiple files including user account ID mappings, finance pre-qualification application data and dealer account and subscription information. Impacted data also included names, phone numbers, physical and IP addresses, and auto finance application outcomes.;14.02.26 00:00;Non-EU;Linkability, Identifiability;0;2;0;Extern (Intentional);Unknown;Unknown;Profit-Oriented;Software, Services, Systems;HIBP;1;0;0
hibp-2026-01-24-CarMax-carmax.com-CarMax;CarMax;In January 2026, data allegedly sourced from US automotive retailer CarMax was published online following a failed extortion attempt. The data included 431k unique email addresses along with names, phone numbers and physical addresses.;24.01.26 00:00;Non-EU;Linkability, Identifiability;0;2;0;Extern (Intentional);Unknown;Unknown;Profit-Oriented;Network;HIBP;1;0;0
;;;;;;;;;;;;;;;0;0;0
;;;;;;;;;;;;;;;0;0;0
;;;;;;;;;;;;;;;0;0;0
;;;;;;;;;;;;;;;0;0;0
;;;;;;;;;;;;;;;0;0;0
;;;;;;;;;;;;;;;0;0;0
;;;;;;;;;;;;;;;0;0;0
;;;;;;;;;;;;;;;0;0;0
;;;;;;;;;;;;;;;0;0;0
hibp-2026-02-12-Odido-odido.nl-Odido;Odido;In February 2026, Dutch telco Odido was the victim of a data breach and subsequent extortion attempt. Shortly after, a total of 6M unique email addresses were published across four separate data releases over consecutive days. The exposed data includes names, physical addresses, phone numbers, bank account numbers, dates of birth, customer service notes and passport, driver’s licence and European national ID numbers. Odido has published a disclosure notice including an FAQ to support affected customers.;12.02.26 00:00;EU;Linkability, Identifiability;0;2;0;Extern (Intentional);Unknown;;Profit-Oriented;Network;HIBP;1;0;0
;;;;;;;;;;;;;;;0;0;0
;;;;;;;;;;;;;;;0;0;0
;;;;;;;;;;;;;;;0;0;0
;;;;;;;;;;;;;;;0;0;0
;;;;;;;;;;;;;;;0;0;0
hibp-2026-02-25-KomikoAI-komiko.app-KomikoAI;KomikoAI;In February, the AI-powered comic generation platform KomikoAI suffered a data breach. The incident exposed 1M unique email addresses along with names, user posts and the AI prompts used to generate content. The exposed data enables the mapping of individual AI prompts to specific email addresses.;25.02.26 00:00;Non-EU;Linkability, Identifiability;0;1;0;Extern (Intentional);Unknown;;Unknown;Network;HIBP;1;0;0
hibp-2026-02-25-Lovora--Lovora;Lovora;In February 2026, the couples and relationship app Lovora allegedly suffered a data breach that exposed 496k unique email addresses. The data also included users’ display names and profile photos, along with other personal information collected through use of the app. The app’s maker, Plantake, did not respond to multiple attempts to contact them about the incident.;25.02.26 00:00;Non-EU;Linkability;0;1;0;Extern (Intentional);Unknown;Unknown;Unknown;Network;HIBP;1;0;0
hibp-2026-01-30-Provecho-provecho.bio-Provecho;Provecho;In early 2026, data purportedly sourced from the recipe and meal planning service Provecho was alleged to have been obtained in a breach. The exposed data included 713k unique email address along with username and the creator account holders followed. Provecho has been notified and is aware of the claims surrounding the incident.;30.01.26 00:00;Non-EU;Linkability, Identifiability;0;1;0;Unknown;Unknown;;Unknown;Network;HIBP;0;0;0
hibp-2026-02-17-Quitbro-quitbro.app-Quitbro;Quitbro;In February 2026, the porn addiction app Quitbro allegedly suffered a data breach that exposed 23k unique email addresses. The data also included users’ years of birth, responses to questions within the app and their last recorded relapse time. The app’s maker, Plantake, did not respond to multiple attempts to contact them about the incident.;17.02.26 00:00;Non-EU;Linkability, Identifiability;0;1;2;Extern (Intentional);Unknown;Unknown;Unknown;Network;HIBP;1;0;0
;;;;;;;;;;;;;;;0;0;0
;;;;;;;;;;;;;;;0;0;0
;;;;;;;;;;;;;;;0;0;0
;;;;;;;;;;;;;;;0;0;0
;;;;;;;;;;;;;;;0;0;0
;;;;;;;;;;;;;;;0;0;0
;;;;;;;;;;;;;;;0;0;0
;;;;;;;;;;;;;;;0;0;0
;;;;;;;;;;;;;;;0;0;0
;;;;;;;;;;;;;;;0;0;0
;;;;;;;;;;;;;;;0;0;0
;;;;;;;;;;;;;;;0;0;0
;;;;;;;;;;;;;;;0;0;0
;;;;;;;;;;;;;;;0;0;0
;;;;;;;;;;;;;;;0;0;0
;;;;;;;;;;;;;;;0;0;0
;;;;;;;;;;;;;;;0;0;0
;;;;;;;;;;;;;;;0;0;0
;;;;;;;;;;;;;;;0;0;0
;;;;;;;;;;;;;;;0;0;0
;;;;;;;;;;;;;;;0;0;0
;;;;;;;;;;;;;;;0;0;0
;;;;;;;;;;;;;;;0;0;0
;;;;;;;;;;;;;;;0;0;0
;;;;;;;;;;;;;;;0;0;0
;;;;;;;;;;;;;;;0;0;0
;;;;;;;;;;;;;;;0;0;0
;;;;;;;;;;;;;;;0;0;0
;;;;;;;;;;;;;;;0;0;0
;;;;;;;;;;;;;;;0;0;0
;;;;;;;;;;;;;;;0;0;0
;;;;;;;;;;;;;;;0;0;0
hibp-2026-03-06-Aura-aura.com-Aura;Aura;In March 2026, the online safety service Aura disclosed a data breach that exposed 900k unique email addresses. The data was primarily associated with a marketing tool from a previously acquired company, with fewer than 20k active Aura customers affected. Exposed data included names, phone numbers, physical and IP addresses, and customer service notes. Aura advised that no Social Security numbers, passwords or financial information were compromised.;06.03.26 00:00;Non-EU;Linkability, Identifiability;0;2;0;Extern (Intentional);Unknown;;Unknown;Network;HIBP;1;0;0
hibp-2026-03-08-Baydoner-baydoner.com-Baydöner;Baydoner;In March 2026, the Turkish restaurant chain Baydöner suffered a data breach which was subsequently published to a public hacking forum. The incident exposed over 1.2M unique email addresses along with names, phone numbers, cities of residence and plaintext passwords. A small number of records also included Turkish national ID number and date of birth. In their disclosure notice, Baydöner stated that payment and financial data was not affected.;08.03.26 00:00;Non-EU;Linkability, Identifiability;0;2;0;Extern (Intentional);Unknown;;Unknown;Network;HIBP;1;0;0
hibp-2026-03-26-BreachForumsV5-breachforums.bf-BreachForums Version 5;BreachForumsV5;"In March 2026, a breach of one of the many iterations of the BreachForums hacking forum known as ""Version 5"" was publicly disclosed. The incident exposed 340k unique email addresses along with usernames and argon2 password hashes.";26.03.26 00:00;Non-EU;Linkability, Identifiability;0;1;0;Unknown;Unknown;Strong;Unknown;Network;HIBP;1;0;1
hibp-2025-03-21-CutiesAI-cuties.ai-Cuties AI;CutiesAI;"In March 2026, the NSFW AI companion platform Cuties AI suffered a data breach that was subsequently published to a public hacking forum. The incident exposed 144k unique email addresses along with display names, avatars, prompts and descriptions used to generate AI adult images, as well as URLs to the generated content. The data also included the account that created the content and a stated ""preference"" of either female or trans.";21.03.25 00:00;Non-EU;Linkability;0;1;2;Extern (Intentional);Unknown;Unknown;Unknown;Network;HIBP;1;0;0
hibp-2026-03-13-DivineSkins-divineskins.gg-Divine Skins;DivineSkins;In March 2026, the League of Legends custom skins service Divine Skins suffered a data breach. The incident was disclosed via the service's Discord server, where Divine Skins stated that an unauthorised third party accessed part of its systems, deleted all skins from the database and exposed email addresses and usernames. The data also contained a history of purchases made by users.;13.03.26 00:00;Non-EU;Linkability, Identifiability;0;1;0;Extern (Intentional);Unknown;Unknown;Unknown;Hardware;HIBP;1;0;0
hibp-2026-03-25-SoundRadix-soundradix.com-Sound Radix;SoundRadix;In March 2026, the audio production tools company Sound Radix disclosed a data breach that they subsequently self-submitted to HIBP. The incident impacted 293k unique email addresses and names. Sound Radix advised that it is possible that additional data including hashed passwords may have been exposed, and that no financial or credit card information was impacted.;25.03.26 00:00;Non-EU;Linkability, Identifiability;0;1;0;Extern (Intentional);Unknown;Weak;Profit-Oriented;Network;HIBP;1;0;0
;;;;;;;;;;;;;;;0;0;0
eurepoc-2025-11-25-5447;New York City Health + Hospitals;Unknown threat actors gained access to the systems of New York City Health + Hospitals, a municipal healthcare system, due to a security breach at a third-party vendor, and copied certain files between approximately 25 November 2025 and 11 February 2026. The affected information included health insurance information, medical information, biometric information, billing claims, payment information, and individuals' personal information such as Social Security numbers and driver's license numbers. NYC Health notified patients on 24 March 2026.;25.11.25 00:00;Non-EU;Non-compliance;1;1;2;Unknown;Unknown;Unknown;Unknown;Unknown;EuRepoC;1;1;0
;;;;;;;;;;;;;;;0;0;0
;;;;;;;;;;;;;;;0;0;0
;;;;;;;;;;;;;;;0;0;0
;;;;;;;;;;;;;;;0;0;0
;;;;;;;;;;;;;;;0;0;0
;;;;;;;;;;;;;;;0;0;0
;;;;;;;;;;;;;;;0;0;0
;;;;;;;;;;;;;;;0;0;0
;;;;;;;;;;;;;;;0;0;0
;;;;;;;;;;;;;;;0;0;0
;;;;;;;;;;;;;;;0;0;0
;;;;;;;;;;;;;;;0;0;0
;;;;;;;;;;;;;;;0;0;0
;;;;;;;;;;;;;;;0;0;0
;;;;;;;;;;;;;;;0;0;0
;;;;;;;;;;;;;;;0;0;0
;;;;;;;;;;;;;;;0;0;0
;;;;;;;;;;;;;;;0;0;0
;;;;;;;;;;;;;;;0;0;0
;;;;;;;;;;;;;;;0;0;0
;;;;;;;;;;;;;;;0;0;0
;;;;;;;;;;;;;;;0;0;0
;;;;;;;;;;;;;;;0;0;0
;;;;;;;;;;;;;;;0;0;0
;;;;;;;;;;;;;;;0;0;0
;;;;;;;;;;;;;;;0;0;0
;;;;;;;;;;;;;;;0;0;0
;;;;;;;;;;;;;;;0;0;0
;;;;;;;;;;;;;;;0;0;0
;;;;;;;;;;;;;;;0;0;0
;;;;;;;;;;;;;;;0;0;0
;;;;;;;;;;;;;;;0;0;0
;;;;;;;;;;;;;;;0;0;0
;;;;;;;;;;;;;;;0;0;0
;;;;;;;;;;;;;;;0;0;0
;;;;;;;;;;;;;;;0;0;0
;;;;;;;;;;;;;;;0;0;0
;;;;;;;;;;;;;;;0;0;0
;;;;;;;;;;;;;;;0;0;0
;;;;;;;;;;;;;;;0;0;0
;;;;;;;;;;;;;;;0;0;0
;;;;;;;;;;;;;;;0;0;0
;;;;;;;;;;;;;;;0;0;0
;;;;;;;;;;;;;;;0;0;0
;;;;;;;;;;;;;;;0;0;0
;;;;;;;;;;;;;;;0;0;0
;;;;;;;;;;;;;;;0;0;0
;;;;;;;;;;;;;;;0;0;0
;;;;;;;;;;;;;;;0;0;0
;;;;;;;;;;;;;;;0;0;0
;;;;;;;;;;;;;;;0;0;0
;;;;;;;;;;;;;;;0;0;0
;;;;;;;;;;;;;;;0;0;0
;;;;;;;;;;;;;;;0;0;0
;;;;;;;;;;;;;;;0;0;0
;;;;;;;;;;;;;;;0;0;0
;;;;;;;;;;;;;;;0;0;0
;;;;;;;;;;;;;;;0;0;0
;;;;;;;;;;;;;;;0;0;0
;;;;;;;;;;;;;;;0;0;0
;;;;;;;;;;;;;;;0;0;0
hibp-2026-04-20-ADT-adt.com-ADT;ADT;"In April 2026, home security firm ADT confirmed a data breach by ShinyHunters, which listed the company on its website as part of a ""pay or leak"" extortion attempt. The breach impacted 5.5M unique email addresses along with names, phone numbers and physical addresses. ADT also advised that ""in a small percentage of cases, dates of birth and the last four digits of Social Security numbers or Tax IDs were included"" and that it had contacted all affected people.";20.04.26 00:00;Non-EU;Linkability, Identifiability;0;2;0;Extern (Intentional);Unknown;Unknown;Profit-Oriented;Network;HIBP;1;0;0
hibp-2026-04-03-Amtrak-amtrak.com-Amtrak;Amtrak;In April 2026, the hacking group ShinyHunters claimed they had breached Amtrak. The group typically compromises organisations' Salesforce instances before demanding a ransom and later, if not paid, dumping the data publicly. They subsequently published the alleged data which contained over 2M unique email addresses along with names, physical addresses and customer support records.;03.04.26 00:00;Non-EU;Linkability, Identifiability, Detectability;0;2;0;Extern (Intentional);Unknown;Unknown;Profit-Oriented;Network;HIBP;1;0;0
hibp-2026-04-18-Carnival-carnivalcorp.com-Carnival;Carnival;In April 2026, the notorious hacking collective ShinyHunters claimed they had obtained a substantial volume of data belonging to the Carnival cruise operator and attempted to extort the organisation to prevent the data from being leaked. The following week, the group published the data publicly, which contained 8.7M records with 7.5M unique email addresses. The data contained fields indicating it related to the Mariner Society loyalty program run by Holland America, a cruise line brand under Carnival, and included names, dates of birth, genders and data relating to status within the loyalty program. Carnival acknowledged a phishing incident involving a single user account and advised they were working to better understand the scope of the unauthorised activity.;18.04.26 00:00;Non-EU;Linkability, Identifiability;0;1;0;Intern (Intentional);Phishing;Unknown;Unknown;Network;HIBP;1;0;0
hibp-2026-03-12-Crunchyroll-crunchyroll.com-Crunchyroll;Crunchyroll;"In March 2026, the anime streaming service Crunchyroll suffered a data breach alleged to have impacted 6.8M users. The exposed data is reported to have originated from the company's Zendesk support system where ""name, login name, email address, IP address, general geographic location and the contents of the support tickets"" were exposed. A subset of 1.2M email addresses from an alleged 2M record dataset being sold was later provided to HIBP.";12.03.26 00:00;Non-EU;No Label;0;1;0;Extern (Intentional);Drive-by Compromise;;Profit-Oriented;Network;HIBP;1;0;0
hibp-2026-03-31-Hallmark-hallmark.com-Hallmark;Hallmark;In March 2026, Hallmark suffered an alleged breach and subsequent extortion after attackers gained access to data stored within Salesforce. The data was later published after the extortion deadline passed, exposing 1.7M unique email addresses across both Hallmark and the Hallmark+ streaming service, along with names, phone numbers, physical addresses and support tickets.;31.03.26 00:00;Non-EU;Linkability, Identifiability, Detectability;0;2;0;Unknown;Unknown;Unknown;Profit-Oriented;Network;HIBP;1;0;0
hibp-2026-04-10-McGrawHill-mheducation.com-McGraw Hill;McGrawHill;"In April 2026, education company McGraw Hill confirmed a data breach following an extortion attempt. Attributed to a Salesforce misconfiguration, the company stated the incident exposed ""a limited set of data from a webpage hosted by Salesforce on its platform"". More than 100GB of data was later publicly distributed, containing 13.5M unique email addresses across multiple files, with additional fields such as name, physical address and phone number appearing inconsistently across some records.";10.04.26 00:00;Non-EU;Linkability, Identifiability;0;2;0;Intern (Accidental);Unknown;Unknown;Profit-Oriented;Network;HIBP;1;0;0
hibp-2026-04-07-MyLovelyAI-mylovely.ai-My Lovely AI;MyLovelyAI;In April 2026, the NSFW AI girlfriend platform My Lovely AI suffered a data breach that exposed over 100k users. The data included user-created prompts and links to the resulting AI-generated images, along with a small number of Discord and X usernames.;07.04.26 00:00;Non-EU;Linkability, Identifiability, Non-compliance;0;1;2;Extern (Intentional);Unknown;Unknown;Unknown;Network;HIBP;1;0;0
hibp-2026-04-20-PitneyBowes-pitneybowes.com-Pitney Bowes;PitneyBowes;In April 2026, the hacking collective ShinyHunters claimed to have obtained data from Pitney Bowes as part of a broader extortion campaign that also named several other organisations. After negotiations allegedly failed, the group publicly released the data which included 8.2M unique email addresses, along with names, phone numbers and physical addresses. A subset of the data also included Pitney Bowes employee records with job titles.;20.04.26 00:00;Non-EU;Linkability, Identifiability;0;2;0;Unknown;Unknown;Unknown;Profit-Oriented;Network;HIBP;1;0;0
hibp-2026-04-02-SongTrivia2-songtrivia2.io-SongTrivia2;SongTrivia2;In April 2026, the music trivia platform SongTrivia2 suffered a data breach that was subsequently published to a public hacking forum. The data contained a total of 291k unique email addresses sourced from either Google OAuth logins or accounts created on the site, the latter also containing bcrypt password hashes. The data also included names, usernames and avatars.;02.04.26 00:00;Non-EU;Linkability, Identifiability;0;2;0;Extern (Intentional);Unknown;Strong;Unknown;Network;HIBP;1;0;0
hibp-2026-03-04-SUCCESS-success.com-SUCCESS;SUCCESS;In March 2026, the personal development and achievement media brand SUCCESS suffered a data breach. The incident exposed 250k unique email addresses along with names, IP addresses, phone numbers and, for a limited number of staff members, bcrypt password hashes. The data also included orders containing physical addresses and the payment method used. In SUCCESS' disclosure notice, they advised their system had also been abused to send offensive newsletters with quotes falsely attributed to contributors.;04.03.26 00:00;Non-EU;Linkability, Identifiability, Detectability;0;2;0;Extern (Intentional);Unknown;Strong;Unknown;Network;HIBP;1;0;0
hibp-2026-04-24-Udemy-udemy.com-Udemy;Udemy;In April 2026, online training company Udemy was the victim of a “pay or leak” extortion attempt perpetrated by the ShinyHunters group. The data was subsequently leaked publicly and contained 1.4M unique email addresses belonging to customers and instructors. The data also included names, physical addresses, phone numbers, employer information and instructor payout methods including PayPal, cheque and bank transfer.;24.04.26 00:00;Non-EU;Linkability, Identifiability;0;2;0;Unknown;Unknown;Unknown;Profit-Oriented;Network;HIBP;1;0;0
;;;;;;;;;;;;;;;0;0;0
;;;;;;;;;;;;;;;0;0;0
;;;;;;;;;;;;;;;0;0;0
;;;;;;;;;;;;;;;0;0;0
;;;;;;;;;;;;;;;0;0;0
;;;;;;;;;;;;;;;0;0;0
;;;;;;;;;;;;;;;0;0;0
;;;;;;;;;;;;;;;0;0;0
;;;;;;;;;;;;;;;0;0;0
;;;;;;;;;;;;;;;0;0;0
;;;;;;;;;;;;;;;0;0;0
;;;;;;;;;;;;;;;0;0;0
;;;;;;;;;;;;;;;0;0;0
;;;;;;;;;;;;;;;0;0;0
;;;;;;;;;;;;;;;0;0;0
;;;;;;;;;;;;;;;0;0;0
;;;;;;;;;;;;;;;0;0;0
;;;;;;;;;;;;;;;0;0;0
;;;;;;;;;;;;;;;0;0;0
;;;;;;;;;;;;;;;0;0;0
;;;;;;;;;;;;;;;0;0;0
;;;;;;;;;;;;;;;0;0;0
;;;;;;;;;;;;;;;0;0;0
;;;;;;;;;;;;;;;0;0;0
;;;;;;;;;;;;;;;0;0;0
;;;;;;;;;;;;;;;0;0;0
;;;;;;;;;;;;;;;0;0;0
;;;;;;;;;;;;;;;0;0;0
;;;;;;;;;;;;;;;0;0;0
;;;;;;;;;;;;;;;0;0;0
;;;;;;;;;;;;;;;0;0;0
;;;;;;;;;;;;;;;0;0;0
;;;;;;;;;;;;;;;0;0;0
;;;;;;;;;;;;;;;0;0;0
;;;;;;;;;;;;;;;0;0;0
;;;;;;;;;;;;;;;0;0;0
;;;;;;;;;;;;;;;0;0;0
;;;;;;;;;;;;;;;0;0;0
;;;;;;;;;;;;;;;0;0;0
;;;;;;;;;;;;;;;0;0;0
;;;;;;;;;;;;;;;0;0;0
;;;;;;;;;;;;;;;0;0;0
;;;;;;;;;;;;;;;0;0;0
;;;;;;;;;;;;;;;0;0;0
;;;;;;;;;;;;;;;0;0;0
;;;;;;;;;;;;;;;0;0;0
;;;;;;;;;;;;;;;0;0;0
;;;;;;;;;;;;;;;0;0;0
;;;;;;;;;;;;;;;0;0;0
;;;;;;;;;;;;;;;0;0;0
;;;;;;;;;;;;;;;0;0;0
;;;;;;;;;;;;;;;0;0;0
;;;;;;;;;;;;;;;0;0;0
;;;;;;;;;;;;;;;0;0;0
;;;;;;;;;;;;;;;0;0;0
;;;;;;;;;;;;;;;0;0;0
;;;;;;;;;;;;;;;0;0;0
;;;;;;;;;;;;;;;0;0;0
;;;;;;;;;;;;;;;0;0;0
;;;;;;;;;;;;;;;0;0;0
;;;;;;;;;;;;;;;0;0;0
;;;;;;;;;;;;;;;0;0;0
;;;;;;;;;;;;;;;0;0;0
;;;;;;;;;;;;;;;0;0;0
;;;;;;;;;;;;;;;0;0;0
;;;;;;;;;;;;;;;0;0;0
;;;;;;;;;;;;;;;0;0;0
;;;;;;;;;;;;;;;0;0;0
;;;;;;;;;;;;;;;0;0;0
;;;;;;;;;;;;;;;0;0;0
;;;;;;;;;;;;;;;0;0;0
;;;;;;;;;;;;;;;0;0;0
;;;;;;;;;;;;;;;0;0;0
;;;;;;;;;;;;;;;0;0;0
;;;;;;;;;;;;;;;0;0;0
;;;;;;;;;;;;;;;0;0;0
;;;;;;;;;;;;;;;0;0;0
;;;;;;;;;;;;;;;0;0;0
;;;;;;;;;;;;;;;0;0;0
;;;;;;;;;;;;;;;0;0;0
;;;;;;;;;;;;;;;0;0;0
;;;;;;;;;;;;;;;0;0;0
;;;;;;;;;;;;;;;0;0;0
;;;;;;;;;;;;;;;0;0;0
;;;;;;;;;;;;;;;0;0;0
;;;;;;;;;;;;;;;0;0;0
;;;;;;;;;;;;;;;0;0;0
;;;;;;;;;;;;;;;0;0;0
;;;;;;;;;;;;;;;0;0;0
;;;;;;;;;;;;;;;0;0;0
;;;;;;;;;;;;;;;0;0;0
;;;;;;;;;;;;;;;0;0;0
;;;;;;;;;;;;;;;0;0;0
;;;;;;;;;;;;;;;0;0;0
;;;;;;;;;;;;;;;0;0;0
;;;;;;;;;;;;;;;0;0;0
;;;;;;;;;;;;;;;0;0;0
;;;;;;;;;;;;;;;0;0;0
;;;;;;;;;;;;;;;0;0;0
;;;;;;;;;;;;;;;0;0;0
;;;;;;;;;;;;;;;0;0;0
;;;;;;;;;;;;;;;0;0;0
;;;;;;;;;;;;;;;0;0;0
;;;;;;;;;;;;;;;0;0;0
;;;;;;;;;;;;;;;0;0;0
;;;;;;;;;;;;;;;0;0;0
;;;;;;;;;;;;;;;0;0;0
;;;;;;;;;;;;;;;0;0;0
;;;;;;;;;;;;;;;0;0;0
;;;;;;;;;;;;;;;0;0;0
;;;;;;;;;;;;;;;0;0;0
;;;;;;;;;;;;;;;0;0;0
;;;;;;;;;;;;;;;0;0;0
;;;;;;;;;;;;;;;0;0;0
;;;;;;;;;;;;;;;0;0;0
;;;;;;;;;;;;;;;0;0;0
;;;;;;;;;;;;;;;0;0;0
;;;;;;;;;;;;;;;0;0;0
;;;;;;;;;;;;;;;0;0;0
hibp-2026-04-20-Aman-aman.com-Aman;Aman;"In April 2026, the ultra-luxury hotel brand Aman was named by ShinyHunters as the target of a ""pay or leak"" extortion campaign, with the data allegedly obtained from their Salesforce CRM. The data was subsequently leaked publicly and contained over 200k unique email addresses. Whilst not present on all records, the data also included genders, physical addresses, phone numbers, nationalities, dates of birth, spouse names and VIP status codes.";20.04.26 00:00;Non-EU;Linkability, Identifiability;0;2;0;Unknown;Unknown;Unknown;Profit-Oriented;Network;HIBP;1;0;0
hibp-2026-04-12-MarcusMillichap-marcusmillichap.com-Marcus & Millichap;MarcusMillichap;"In April 2026, the commercial real estate brokerage firm Marcus & Millichap was named as one of multiple alleged victims of the ShinyHunters hacking and extortion group. Data alleged to have been obtained from the company was subsequently released publicly and included 1.8M unique email addresses, along with names, phone numbers and employment-related information including employer, job title and physical company address. In their disclosure notice, Marcus & Millichap advised that data which may have been accessed appeared limited to ""company forms, templates, marketing materials, and general contact information"".";12.04.26 00:00;Non-EU;Linkability, Identifiability;0;2;0;Unknown;Unknown;Unknown;Profit-Oriented;Network;HIBP;1;0;0
hibp-2026-04-30-RebornGaming-reborngaming.net-Reborn Gaming;RebornGaming;In April 2026, the gaming community Reborn Gaming suffered a data breach due to a vulnerability in cPanel and WebHost Manager (WHM). The breach exposed 126 unique email addresses along with IP addresses and Steam IDs. Reborn Gaming self-submitted the data to Have I Been Pwned.;30.04.26 00:00;Non-EU;Linkability, Identifiability;0;1;0;Extern (Intentional);Unknown;Unknown;Unknown;Network;HIBP;1;0;0
hibp-2026-04-28-Vimeo-vimeo.com-Vimeo;Vimeo;"In April 2026, the ShinyHunters extortion group listed Vimeo on their extortion portal as part of their ""pay or leak"" campaign. They subsequently published hundreds of gigabytes of data, predominantly consisting of video titles, technical data and metadata. The data also included 119k unique email addresses, sometimes accompanied by names. Vimeo attributed the exposure to a breach of Anodot, a third-party analytics vendor, and advised the incident does not include ""Vimeo video content, valid user login credentials, or payment card information"".";28.04.26 00:00;Non-EU;Linkability, Identifiability;0;1;0;Unknown;Unknown;Unknown;Profit-Oriented;Network;HIBP;1;0;0
hibp-2026-03-27-ZenBusiness-zenbusiness.com-ZenBusiness;ZenBusiness;"In March 2026, the hacker and extortion group ""ShinyHunters"" claimed to have obtained a substantial corpus of data from ZenBusiness, a business formation and compliance platform. The group claimed the data had been exfiltrated from platforms including Snowflake, Mixpanel and Salesforce, and threatened to publish it if a ransom was not paid. The following month, after claiming payment had not been made, ShinyHunters publicly released the data. The collection amounted to many terabytes across thousands of files that appeared to originate from multiple systems and business functions, including leads, support records and other CRM-related data. The data contained approximately 5M unique email addresses, often accompanied by name and phone number depending on the source file.";27.03.26 00:00;Non-EU;Linkability, Identifiability;0;2;0;Extern (Intentional);Drive-by Compromise;Unknown;Profit-Oriented;Network;HIBP;1;0;0
;;;;;;;;;;;;;;;0;0;0
;;;;;;;;;;;;;;;0;0;0
;;;;;;;;;;;;;;;0;0;0
;;;;;;;;;;;;;;;0;0;0
hibp-2026-04-06-LegionProxy-legionproxy.io-LegionProxy;LegionProxy;In April 2026, the commercial residential and ISP proxy network LegionProxy suffered a data breach. The incident exposed 10k email addresses, bcrypt password hashes, names and purchases.;06.04.26 00:00;Non-EU;Linkability, Identifiability;0;1;0;Extern (Intentional);Unknown;Strong;Unknown;Network;HIBP;1;0;0
hibp-2026-03-04-Woflow-woflow.com-Woflow;Woflow;In March 2026, the AI-driven merchant data platform Woflow was named as a victim by the ShinyHunters data extortion group. The group subsequently published tens of thousands of files allegedly obtained from the company, comprising more than 2TB of data. The trove included hundreds of thousands of email addresses, names, phone numbers and physical addresses, with the data indicating it related to Woflow customers and, in turn, the customers of merchants using their platform.;04.03.26 00:00;Non-EU;Linkability, Identifiability;0;2;0;Unknown;Unknown;Unknown;Profit-Oriented;Network;HIBP;1;0;0